{
  "rps-up-512-down-4000-quic": [
    "49",
    "64",
    "67",
    "86",
    "292",
    "730",
    "3212",
    "5020",
    "15090",
    "52",
    "64",
    "68",
    "87",
    "296",
    "710",
    "3302",
    "4068",
    "15013",
    "52",
    "65",
    "70",
    "93",
    "432",
    "1707",
    "5008",
    "5036",
    "14648"
  ],
  "rps-up-512-down-4000-quic-lat": [
    {
      "Values": [
        49,
        61,
        62,
        62,
        63,
        64,
        64,
        64,
        65,
        65,
        66,
        66,
        67,
        67,
        67,
        67,
        67,
        67,
        68,
        68,
        68,
        68,
        69,
        69,
        69,
        70,
        70,
        70,
        71,
        72,
        73,
        74,
        76,
        83,
        88,
        92,
        93,
        96,
        103,
        124,
        224,
        240,
        251,
        258,
        266,
        274,
        278,
        281,
        285,
        289,
        293,
        295,
        298,
        302,
        307,
        314,
        321,
        334,
        351,
        390,
        463,
        492,
        533,
        568,
        631,
        676,
        691,
        734,
        780,
        929,
        1033,
        1146,
        1417,
        1986,
        2575,
        2615,
        2617,
        2619,
        2623,
        2635,
        2927,
        2927,
        3213,
        3213,
        3787,
        3787,
        3787,
        4427,
        4427,
        4427,
        4427,
        4427,
        5023,
        5023
      ],
      "Percentiles": [
        0.0,
        0.1,
        0.2,
        0.3,
        0.4,
        0.5,
        0.55,
        0.6,
        0.65,
        0.7,
        0.75,
        0.775,
        0.8,
        0.825,
        0.85,
        0.875,
        0.8875,
        0.9,
        0.9125,
        0.925,
        0.9375,
        0.94375,
        0.95,
        0.95625,
        0.9625,
        0.96875,
        0.971875,
        0.975,
        0.978125,
        0.98125,
        0.984375,
        0.985938,
        0.9875,
        0.989062,
        0.990625,
        0.992188,
        0.992969,
        0.99375,
        0.994531,
        0.995313,
        0.996094,
        0.996484,
        0.996875,
        0.997266,
        0.997656,
        0.998047,
        0.998242,
        0.998437,
        0.998633,
        0.998828,
        0.999023,
        0.999121,
        0.999219,
        0.999316,
        0.999414,
        0.999512,
        0.999561,
        0.999609,
        0.999658,
        0.999707,
        0.999756,
        0.99978,
        0.999805,
        0.999829,
        0.999854,
        0.999878,
        0.99989,
        0.999902,
        0.999915,
        0.999927,
        0.999939,
        0.999945,
        0.999951,
        0.999957,
        0.999963,
        0.999969,
        0.999973,
        0.999976,
        0.999979,
        0.999982,
        0.999985,
        0.999986,
        0.999988,
        0.999989,
        0.999991,
        0.999992,
        0.999993,
        0.999994,
        0.999995,
        0.999995,
        0.999996,
        0.999997,
        0.999997,
        1.0
      ]
    },
    {
      "Values": [
        52,
        62,
        62,
        63,
        64,
        64,
        64,
        64,
        65,
        65,
        66,
        66,
        67,
        67,
        67,
        67,
        67,
        68,
        68,
        68,
        68,
        69,
        69,
        69,
        69,
        70,
        70,
        70,
        71,
        71,
        73,
        74,
        76,
        82,
        89,
        93,
        95,
        101,
        116,
        143,
        240,
        251,
        258,
        265,
        272,
        278,
        281,
        284,
        288,
        292,
        296,
        299,
        302,
        305,
        310,
        321,
        330,
        341,
        361,
        423,
        467,
        492,
        523,
        544,
        580,
        626,
        701,
        737,
        755,
        965,
        985,
        1057,
        1168,
        1324,
        1446,
        1486,
        1500,
        2583,
        2595,
        2595,
        2925,
        2925,
        3303,
        3303,
        3597,
        3597,
        3597,
        3693,
        3693,
        3693,
        3693,
        3693,
        4069,
        4069
      ],
      "Percentiles": [
        0.0,
        0.1,
        0.2,
        0.3,
        0.4,
        0.5,
        0.55,
        0.6,
        0.65,
        0.7,
        0.75,
        0.775,
        0.8,
        0.825,
        0.85,
        0.875,
        0.8875,
        0.9,
        0.9125,
        0.925,
        0.9375,
        0.94375,
        0.95,
        0.95625,
        0.9625,
        0.96875,
        0.971875,
        0.975,
        0.978125,
        0.98125,
        0.984375,
        0.985938,
        0.9875,
        0.989062,
        0.990625,
        0.992188,
        0.992969,
        0.99375,
        0.994531,
        0.995313,
        0.996094,
        0.996484,
        0.996875,
        0.997266,
        0.997656,
        0.998047,
        0.998242,
        0.998437,
        0.998633,
        0.998828,
        0.999023,
        0.999121,
        0.999219,
        0.999316,
        0.999414,
        0.999512,
        0.999561,
        0.999609,
        0.999658,
        0.999707,
        0.999756,
        0.99978,
        0.999805,
        0.999829,
        0.999854,
        0.999878,
        0.99989,
        0.999902,
        0.999915,
        0.999927,
        0.999939,
        0.999945,
        0.999951,
        0.999957,
        0.999963,
        0.999969,
        0.999973,
        0.999976,
        0.999979,
        0.999982,
        0.999985,
        0.999986,
        0.999988,
        0.999989,
        0.999991,
        0.999992,
        0.999993,
        0.999994,
        0.999995,
        0.999995,
        0.999996,
        0.999997,
        0.999997,
        1.0
      ]
    },
    {
      "Values": [
        52,
        62,
        63,
        64,
        64,
        65,
        65,
        66,
        66,
        67,
        67,
        67,
        68,
        68,
        69,
        69,
        69,
        70,
        70,
        70,
        71,
        71,
        71,
        72,
        72,
        73,
        73,
        74,
        74,
        75,
        77,
        79,
        86,
        90,
        94,
        102,
        113,
        138,
        194,
        248,
        265,
        272,
        278,
        285,
        294,
        302,
        308,
        318,
        334,
        379,
        439,
        459,
        488,
        535,
        554,
        579,
        595,
        621,
        692,
        816,
        993,
        1020,
        1090,
        1147,
        1282,
        1308,
        1466,
        1760,
        1860,
        1996,
        2069,
        2165,
        2523,
        2603,
        2949,
        3259,
        3259,
        3839,
        4199,
        4467,
        4483,
        4483,
        4699,
        4699,
        5011,
        5011,
        5011,
        5019,
        5019,
        5019,
        5019,
        5019,
        5039,
        5039
      ],