{
  "latency-quic-lat": [
    {
      "Values": [
        55,
        65,
        66,
        66,
        67,
        67,
        67,
        68,
        68,
        68,
        69,
        69,
        69,
        70,
        70,
        70,
        70,
        71,
        71,
        71,
        71,
        72,
        72,
        72,
        72,
        73,
        73,
        73,
        74,
        75,
        76,
        78,
        81,
        87,
        92,
        101,
        106,
        113,
        121,
        133,
        158,
        200,
        237,
        251,
        263,
        271,
        277,
        281,
        286,
        290,
        294,
        296,
        298,
        300,
        303,
        306,
        308,
        310,
        312,
        317,
        323,
        328,
        334,
        340,
        346,
        356,
        358,
        361,
        373,
        377,
        382,
        396,
        404,
        408,
        431,
        450,
        452,
        452,
        464,
        491,
        519,
        525,
        525,
        525,
        584,
        584,
        612,
        612,
        612,
        612,
        612,
        788,
        788
      ],
      "Percentiles": [
        0.0,
        0.1,
        0.2,
        0.3,
        0.4,
        0.5,
        0.55,
        0.6,
        0.65,
        0.7,
        0.75,
        0.775,
        0.8,
        0.825,
        0.85,
        0.875,
        0.8875,
        0.9,
        0.9125,
        0.925,
        0.9375,
        0.94375,
        0.95,
        0.95625,
        0.9625,
        0.96875,
        0.971875,
        0.975,
        0.978125,
        0.98125,
        0.984375,
        0.985938,
        0.9875,
        0.989062,
        0.990625,
        0.992188,
        0.992969,
        0.99375,
        0.994531,
        0.995313,
        0.996094,
        0.996484,
        0.996875,
        0.997266,
        0.997656,
        0.998047,
        0.998242,
        0.998437,
        0.998633,
        0.998828,
        0.999023,
        0.999121,
        0.999219,
        0.999316,
        0.999414,
        0.999512,
        0.999561,
        0.999609,
        0.999658,
        0.999707,
        0.999756,
        0.99978,
        0.999805,
        0.999829,
        0.999854,
        0.999878,
        0.99989,
        0.999902,
        0.999915,
        0.999927,
        0.999939,
        0.999945,
        0.999951,
        0.999957,
        0.999963,
        0.999969,
        0.999973,
        0.999976,
        0.999979,
        0.999982,
        0.999985,
        0.999986,
        0.999988,
        0.999989,
        0.999991,
        0.999992,
        0.999993,
        0.999994,
        0.999995,
        0.999995,
        0.999996,
        0.999997,
        1.0
      ]
    },
    {
      "Values": [
        52,
        63,
        64,
        65,
        65,
        65,
        65,
        66,
        66,
        66,
        66,
        67,
        67,
        67,
        68,
        68,
        68,
        68,
        69,
        69,
        69,
        69,
        70,
        70,
        70,
        71,
        71,
        71,
        72,
        73,
        76,
        80,
        86,
        89,
        94,
        108,
        117,
        127,
        142,
        167,
        237,
        247,
        256,
        262,
        269,
        275,
        278,
        282,
        286,
        289,
        292,
        293,
        295,
        297,
        299,
        302,
        304,
        305,
        308,
        312,
        319,
        326,
        333,
        343,
        352,
        365,
        379,
        389,
        409,
        417,
        435,
        438,
        449,
        467,
        697,
        1142,
        1142,
        1459,
        1716,
        2035,
        2529,
        2529,
        2601,
        2601,
        2815,
        2815,
        2815,
        2869,
        2869,
        2869,
        2869,
        2869,
        3677,
        3677
      ],
      "Percentiles": [
        0.0,
        0.1,
        0.2,
        0.3,
        0.4,
        0.5,
        0.55,
        0.6,
        0.65,
        0.7,
        0.75,
        0.775,
        0.8,
        0.825,
        0.85,
        0.875,
        0.8875,
        0.9,
        0.9125,
        0.925,
        0.9375,
        0.94375,
        0.95,
        0.95625,
        0.9625,
        0.96875,
        0.971875,
        0.975,
        0.978125,
        0.98125,
        0.984375,
        0.985938,
        0.9875,
        0.989062,
        0.990625,
        0.992188,
        0.992969,
        0.99375,
        0.994531,
        0.995313,
        0.996094,
        0.996484,
        0.996875,
        0.997266,
        0.997656,
        0.998047,
        0.998242,
        0.998437,
        0.998633,
        0.998828,
        0.999023,
        0.999121,
        0.999219,
        0.999316,
        0.999414,
        0.999512,
        0.999561,
        0.999609,
        0.999658,
        0.999707,
        0.999756,
        0.99978,
        0.999805,
        0.999829,
        0.999854,
        0.999878,
        0.99989,
        0.999902,
        0.999915,
        0.999927,
        0.999939,
        0.999945,
        0.999951,
        0.999957,
        0.999963,
        0.999969,
        0.999973,
        0.999976,
        0.999979,
        0.999982,
        0.999985,
        0.999986,
        0.999988,
        0.999989,
        0.999991,
        0.999992,
        0.999993,
        0.999994,
        0.999995,
        0.999995,
        0.999996,
        0.999997,
        0.999997,
        1.0
      ]
    },
    {
      "Values": [
        50,
        62,
        63,
        63,
        64,
        65,
        65,
        65,
        65,
        66,
        66,
        66,
        66,
        66,
        67,
        67,
        67,
        67,
        68,
        68,
        68,
        68,
        69,
        69,
        69,
        70,
        70,
        70,
        71,
        72,
        74,
        77,
        82,
        86,
        92,
        104,
        112,
        121,
        133,
        159,
        233,
        244,
        253,
        260,
        268,
        273,
        276,
        279,
        283,
        287,
        290,
        292,
        294,
        296,
        298,
        301,
        304,
        306,
        309,
        314,
        318,
        325,
        328,
        333,
        340,
        349,
        352,
        357,
        370,
        379,
        389,
        404,
        409,
        430,
        438,
        463,
        463,
        466,
        475,
        478,
        488,
        488,
        504,
        504,
        514,
        514,
        514,
        560,
        560,
        560,
        560,
        560,
        578,
        578
      ],