{
  "hps-quic": [
    "3487",
    "3531",
    "3528"
  ],
  "os_version": "10.0.20348",
  "latency-quic-lat": [
    {
      "Values": [
        54,
        65,
        66,
        66,
        66,
        67,
        67,
        68,
        68,
        68,
        68,
        69,
        69,
        69,
        69,
        69,
        69,
        70,
        70,
        70,
        70,
        71,
        71,
        71,
        71,
        72,
        72,
        72,
        72,
        72,
        73,
        74,
        74,
        77,
        83,
        103,
        113,
        123,
        133,
        148,
        232,
        245,
        253,
        260,
        266,
        273,
        277,
        279,
        283,
        286,
        290,
        292,
        294,
        296,
        298,
        300,
        303,
        305,
        307,
        309,
        314,
        318,
        329,
        336,
        341,
        347,
        353,
        355,
        369,
        379,
        388,
        396,
        407,
        413,
        432,
        468,
        472,
        472,
        479,
        482,
        488,
        502,
        502,
        502,
        525,
        525,
        535,
        535,
        535,
        535,
        535,
        685,
        685
      ],
      "Percentiles": [
        0.0,
        0.1,
        0.2,
        0.3,
        0.4,
        0.5,
        0.55,
        0.6,
        0.65,
        0.7,
        0.75,
        0.775,
        0.8,
        0.825,
        0.85,
        0.875,
        0.8875,
        0.9,
        0.9125,
        0.925,
        0.9375,
        0.94375,
        0.95,
        0.95625,
        0.9625,
        0.96875,
        0.971875,
        0.975,
        0.978125,
        0.98125,
        0.984375,
        0.985938,
        0.9875,
        0.989062,
        0.990625,
        0.992188,
        0.992969,
        0.99375,
        0.994531,
        0.995313,
        0.996094,
        0.996484,
        0.996875,
        0.997266,
        0.997656,
        0.998047,
        0.998242,
        0.998437,
        0.998633,
        0.998828,
        0.999023,
        0.999121,
        0.999219,
        0.999316,
        0.999414,
        0.999512,
        0.999561,
        0.999609,
        0.999658,
        0.999707,
        0.999756,
        0.99978,
        0.999805,
        0.999829,
        0.999854,
        0.999878,
        0.99989,
        0.999902,
        0.999915,
        0.999927,
        0.999939,
        0.999945,
        0.999951,
        0.999957,
        0.999963,
        0.999969,
        0.999973,
        0.999976,
        0.999979,
        0.999982,
        0.999985,
        0.999986,
        0.999988,
        0.999989,
        0.999991,
        0.999992,
        0.999993,
        0.999994,
        0.999995,
        0.999995,
        0.999996,
        0.999997,
        1.0
      ]
    },
    {
      "Values": [
        49,
        65,
        66,
        66,
        66,
        67,
        68,
        68,
        69,
        69,
        69,
        69,
        70,
        70,
        70,
        70,
        70,
        71,
        71,
        71,
        71,
        72,
        72,
        72,
        73,
        73,
        74,
        74,
        74,
        75,
        75,
        75,
        76,
        77,
        80,
        95,
        103,
        114,
        124,
        136,
        192,
        234,
        245,
        254,
        260,
        267,
        271,
        275,
        279,
        284,
        288,
        290,
        293,
        295,
        298,
        302,
        304,
        306,
        308,
        312,
        315,
        317,
        319,
        323,
        329,
        332,
        339,
        341,
        344,
        352,
        359,
        364,
        369,
        370,
        378,
        395,
        414,
        414,
        422,
        434,
        445,
        463,
        463,
        463,
        487,
        487,
        649,
        649,
        649,
        649,
        649,
        722,
        722
      ],
      "Percentiles": [
        0.0,
        0.1,
        0.2,
        0.3,
        0.4,
        0.5,
        0.55,
        0.6,
        0.65,
        0.7,
        0.75,
        0.775,
        0.8,
        0.825,
        0.85,
        0.875,
        0.8875,
        0.9,
        0.9125,
        0.925,
        0.9375,
        0.94375,
        0.95,
        0.95625,
        0.9625,
        0.96875,
        0.971875,
        0.975,
        0.978125,
        0.98125,
        0.984375,
        0.985938,
        0.9875,
        0.989062,
        0.990625,
        0.992188,
        0.992969,
        0.99375,
        0.994531,
        0.995313,
        0.996094,
        0.996484,
        0.996875,
        0.997266,
        0.997656,
        0.998047,
        0.998242,
        0.998437,
        0.998633,
        0.998828,
        0.999023,
        0.999121,
        0.999219,
        0.999316,
        0.999414,
        0.999512,
        0.999561,
        0.999609,
        0.999658,
        0.999707,
        0.999756,
        0.99978,
        0.999805,
        0.999829,
        0.999854,
        0.999878,
        0.99989,
        0.999902,
        0.999915,
        0.999927,
        0.999939,
        0.999945,
        0.999951,
        0.999957,
        0.999963,
        0.999969,
        0.999973,
        0.999976,
        0.999979,
        0.999982,
        0.999985,
        0.999986,
        0.999988,
        0.999989,
        0.999991,
        0.999992,
        0.999993,
        0.999994,
        0.999995,
        0.999995,
        0.999996,
        0.999997,
        1.0
      ]
    },
    {
      "Values": [
        53,
        63,
        63,
        64,
        64,
        64,
        64,
        64,
        65,
        65,
        65,
        66,
        66,
        66,
        67,
        67,
        67,
        67,
        68,
        68,
        68,
        69,
        69,
        69,
        69,
        69,
        69,
        70,
        70,
        70,
        71,
        72,
        73,
        74,
        77,
        91,
        101,
        113,
        126,
        143,
        226,
        240,
        251,
        259,
        264,
        270,
        274,
        277,
        281,
        284,
        288,
        290,
        291,
        293,
        295,
        298,
        300,
        302,
        304,
        307,
        313,
        323,
        330,
        336,
        339,
        350,
        354,
        359,
        361,
        366,
        371,
        378,
        381,
        393,
        396,
        397,
        407,
        419,
        425,
        430,
        437,
        437,
        452,
        452,
        459,
        459,
        459,
        576,
        576,
        576,
        576,
        576,
        808,
        808
      ],