{
  "latency-quic-lat": [
    {
      "Values": [
        52,
        63,
        64,
        64,
        64,
        65,
        65,
        65,
        66,
        66,
        67,
        67,
        67,
        67,
        68,
        68,
        68,
        69,
        69,
        69,
        70,
        70,
        70,
        71,
        71,
        72,
        72,
        73,
        73,
        75,
        77,
        80,
        83,
        87,
        91,
        96,
        101,
        113,
        139,
        223,
        248,
        255,
        262,
        269,
        275,
        282,
        286,
        289,
        294,
        299,
        306,
        312,
        317,
        331,
        366,
        423,
        454,
        476,
        508,
        536,
        591,
        675,
        742,
        781,
        848,
        1025,
        1045,
        1107,
        1141,
        1189,
        1282,
        1285,
        1308,
        1315,
        1323,
        1402,
        1402,
        1462,
        1519,
        1538,
        1544,
        1544,
        1647,
        1647,
        2541,
        2541,
        2541,
        4531,
        4531,
        4531,
        4531,
        4531,
        5123,
        5123
      ],
      "Percentiles": [
        0.0,
        0.1,
        0.2,
        0.3,
        0.4,
        0.5,
        0.55,
        0.6,
        0.65,
        0.7,
        0.75,
        0.775,
        0.8,
        0.825,
        0.85,
        0.875,
        0.8875,
        0.9,
        0.9125,
        0.925,
        0.9375,
        0.94375,
        0.95,
        0.95625,
        0.9625,
        0.96875,
        0.971875,
        0.975,
        0.978125,
        0.98125,
        0.984375,
        0.985938,
        0.9875,
        0.989062,
        0.990625,
        0.992188,
        0.992969,
        0.99375,
        0.994531,
        0.995313,
        0.996094,
        0.996484,
        0.996875,
        0.997266,
        0.997656,
        0.998047,
        0.998242,
        0.998437,
        0.998633,
        0.998828,
        0.999023,
        0.999121,
        0.999219,
        0.999316,
        0.999414,
        0.999512,
        0.999561,
        0.999609,
        0.999658,
        0.999707,
        0.999756,
        0.99978,
        0.999805,
        0.999829,
        0.999854,
        0.999878,
        0.99989,
        0.999902,
        0.999915,
        0.999927,
        0.999939,
        0.999945,
        0.999951,
        0.999957,
        0.999963,
        0.999969,
        0.999973,
        0.999976,
        0.999979,
        0.999982,
        0.999985,
        0.999986,
        0.999988,
        0.999989,
        0.999991,
        0.999992,
        0.999993,
        0.999994,
        0.999995,
        0.999995,
        0.999996,
        0.999997,
        0.999997,
        1.0
      ]
    },
    {
      "Values": [
        52,
        64,
        65,
        65,
        66,
        67,
        67,
        67,
        68,
        68,
        68,
        68,
        69,
        69,
        69,
        70,
        70,
        70,
        71,
        71,
        72,
        72,
        72,
        73,
        73,
        74,
        74,
        75,
        76,
        78,
        84,
        89,
        93,
        98,
        107,
        138,
        164,
        215,
        243,
        259,
        271,
        278,
        287,
        295,
        303,
        321,
        342,
        370,
        419,
        457,
        533,
        572,
        632,
        762,
        980,
        1109,
        1170,
        1284,
        1295,
        1316,
        1325,
        1331,
        1364,
        1388,
        1396,
        1419,
        1473,
        1535,
        1555,
        1708,
        1810,
        1857,
        1878,
        1879,
        1902,
        1922,
        1926,
        1950,
        1950,
        2085,
        2091,
        2207,
        2207,
        2207,
        2581,
        2581,
        4871,
        4871,
        4871,
        4871,
        4871,
        5083,
        5083
      ],
      "Percentiles": [
        0.0,
        0.1,
        0.2,
        0.3,
        0.4,
        0.5,
        0.55,
        0.6,
        0.65,
        0.7,
        0.75,
        0.775,
        0.8,
        0.825,
        0.85,
        0.875,
        0.8875,
        0.9,
        0.9125,
        0.925,
        0.9375,
        0.94375,
        0.95,
        0.95625,
        0.9625,
        0.96875,
        0.971875,
        0.975,
        0.978125,
        0.98125,
        0.984375,
        0.985938,
        0.9875,
        0.989062,
        0.990625,
        0.992188,
        0.992969,
        0.99375,
        0.994531,
        0.995313,
        0.996094,
        0.996484,
        0.996875,
        0.997266,
        0.997656,
        0.998047,
        0.998242,
        0.998437,
        0.998633,
        0.998828,
        0.999023,
        0.999121,
        0.999219,
        0.999316,
        0.999414,
        0.999512,
        0.999561,
        0.999609,
        0.999658,
        0.999707,
        0.999756,
        0.99978,
        0.999805,
        0.999829,
        0.999854,
        0.999878,
        0.99989,
        0.999902,
        0.999915,
        0.999927,
        0.999939,
        0.999945,
        0.999951,
        0.999957,
        0.999963,
        0.999969,
        0.999973,
        0.999976,
        0.999979,
        0.999982,
        0.999985,
        0.999986,
        0.999988,
        0.999989,
        0.999991,
        0.999992,
        0.999993,
        0.999994,
        0.999995,
        0.999995,
        0.999996,
        0.999997,
        1.0
      ]
    },
    {
      "Values": [
        54,
        63,
        64,
        64,
        64,
        65,
        65,
        65,
        66,
        66,
        66,
        67,
        67,
        67,
        67,
        68,
        68,
        68,
        69,
        69,
        69,
        70,
        70,
        70,
        71,
        71,
        72,
        72,
        73,
        75,
        77,
        79,
        84,
        88,
        93,
        99,
        107,
        125,
        162,
        237,
        253,
        261,
        269,
        276,
        282,
        289,
        293,
        296,
        302,
        310,
        333,
        353,
        402,
        448,
        491,
        542,
        570,
        643,
        737,
        856,
        939,
        998,
        1059,
        1113,
        1167,
        1283,
        1293,
        1321,
        1337,
        1573,
        2075,
        2591,
        2615,
        3683,
        4155,
        4423,
        4423,
        4443,
        4487,
        4543,
        4555,
        4555,
        4607,
        4607,
        5099,
        5099,
        5099,
        5135,
        5135,
        5135,
        5135,
        5135,
        5207,
        5207
      ],