{
  "rps-up-512-down-4000-quic-lat": [
    {
      "Values": [
        88,
        104,
        107,
        114,
        115,
        116,
        117,
        118,
        120,
        122,
        123,
        124,
        125,
        125,
        126,
        126,
        127,
        127,
        128,
        129,
        130,
        130,
        131,
        131,
        132,
        136,
        139,
        140,
        141,
        142,
        145,
        147,
        149,
        154,
        161,
        173,
        182,
        191,
        202,
        213,
        227,
        235,
        245,
        255,
        272,
        285,
        294,
        300,
        312,
        324,
        333,
        337,
        345,
        350,
        357,
        364,
        374,
        380,
        386,
        397,
        403,
        408,
        411,
        420,
        438,
        444,
        453,
        455,
        460,
        468,
        495,
        537,
        617,
        624,
        632,
        661,
        726,
        726,
        731,
        731,
        736,
        736,
        736,
        784,
        784,
        784,
        784,
        784,
        2897,
        2897
      ],
      "Percentiles": [
        0.0,
        0.1,
        0.2,
        0.3,
        0.4,
        0.5,
        0.55,
        0.6,
        0.65,
        0.7,
        0.75,
        0.775,
        0.8,
        0.825,
        0.85,
        0.875,
        0.8875,
        0.9,
        0.9125,
        0.925,
        0.9375,
        0.94375,
        0.95,
        0.95625,
        0.9625,
        0.96875,
        0.971875,
        0.975,
        0.978125,
        0.98125,
        0.984375,
        0.985938,
        0.9875,
        0.989062,
        0.990625,
        0.992188,
        0.992969,
        0.99375,
        0.994531,
        0.995313,
        0.996094,
        0.996484,
        0.996875,
        0.997266,
        0.997656,
        0.998047,
        0.998242,
        0.998437,
        0.998633,
        0.998828,
        0.999023,
        0.999121,
        0.999219,
        0.999316,
        0.999414,
        0.999512,
        0.999561,
        0.999609,
        0.999658,
        0.999707,
        0.999756,
        0.99978,
        0.999805,
        0.999829,
        0.999854,
        0.999878,
        0.99989,
        0.999902,
        0.999915,
        0.999927,
        0.999939,
        0.999945,
        0.999951,
        0.999957,
        0.999963,
        0.999969,
        0.999973,
        0.999976,
        0.999979,
        0.999982,
        0.999985,
        0.999986,
        0.999988,
        0.999989,
        0.999991,
        0.999992,
        0.999993,
        0.999994,
        0.999995,
        1.0
      ]
    },
    {
      "Values": [
        91,
        101,
        106,
        107,
        108,
        109,
        110,
        110,
        111,
        113,
        117,
        118,
        119,
        120,
        122,
        125,
        126,
        127,
        128,
        128,
        129,
        129,
        130,
        130,
        131,
        132,
        133,
        135,
        137,
        140,
        144,
        146,
        147,
        150,
        157,
        168,
        175,
        183,
        192,
        204,
        222,
        233,
        245,
        256,
        271,
        284,
        291,
        299,
        306,
        315,
        325,
        329,
        338,
        343,
        352,
        360,
        362,
        366,
        372,
        379,
        390,
        395,
        400,
        410,
        420,
        431,
        457,
        472,
        495,
        511,
        521,
        537,
        552,
        564,
        608,
        612,
        640,
        640,
        667,
        667,
        711,
        711,
        711,
        718,
        718,
        718,
        718,
        718,
        774,
        774
      ],
      "Percentiles": [
        0.0,
        0.1,
        0.2,
        0.3,
        0.4,
        0.5,
        0.55,
        0.6,
        0.65,
        0.7,
        0.75,
        0.775,
        0.8,
        0.825,
        0.85,
        0.875,
        0.8875,
        0.9,
        0.9125,
        0.925,
        0.9375,
        0.94375,
        0.95,
        0.95625,
        0.9625,
        0.96875,
        0.971875,
        0.975,
        0.978125,
        0.98125,
        0.984375,
        0.985938,
        0.9875,
        0.989062,
        0.990625,
        0.992188,
        0.992969,
        0.99375,
        0.994531,
        0.995313,
        0.996094,
        0.996484,
        0.996875,
        0.997266,
        0.997656,
        0.998047,
        0.998242,
        0.998437,
        0.998633,
        0.998828,
        0.999023,
        0.999121,
        0.999219,
        0.999316,
        0.999414,
        0.999512,
        0.999561,
        0.999609,
        0.999658,
        0.999707,
        0.999756,
        0.99978,
        0.999805,
        0.999829,
        0.999854,
        0.999878,
        0.99989,
        0.999902,
        0.999915,
        0.999927,
        0.999939,
        0.999945,
        0.999951,
        0.999957,
        0.999963,
        0.999969,
        0.999973,
        0.999976,
        0.999979,
        0.999982,
        0.999985,
        0.999986,
        0.999988,
        0.999989,
        0.999991,
        0.999992,
        0.999993,
        0.999994,
        0.999995,
        1.0
      ]
    },
    {
      "Values": [
        91,
        105,
        107,
        108,
        109,
        110,
        111,
        113,
        114,
        115,
        116,
        117,
        118,
        118,
        119,
        120,
        121,
        122,
        123,
        125,
        127,
        127,
        128,
        129,
        131,
        133,
        134,
        136,
        139,
        141,
        142,
        143,
        145,
        149,
        158,
        167,
        175,
        182,
        191,
        205,
        219,
        228,
        238,
        249,
        267,
        279,
        287,
        295,
        305,
        313,
        324,
        330,
        336,
        342,
        348,
        360,
        363,
        369,
        378,
        389,
        411,
        414,
        425,
        431,
        444,
        451,
        453,
        466,
        476,
        498,
        541,
        709,
        808,
        814,
        993,
        1320,
        2405,
        2405,
        3107,
        3107,
        3129,
        3129,
        3129,
        3139,
        3139,
        3139,
        3139,
        3139,
        3251,
        3251
      ],