{
  "tput-up-quic-regression": {
    "CumulativeResult": 6621773,
    "BestResultCommit": "cacfccae195ab36f91fd7e2c27ab56a863935ba3",
    "HasRegression": false,
    "Baseline": 5523870.4,
    "AggregateFunction": "AVG",
    "BestResult": 6904838.0
  },
  "rps-up-512-down-4000-quic-lat": [
    {
      "Values": [
        537,
        808,
        833,
        849,
        864,
        879,
        887,
        895,
        900,
        904,
        910,
        914,
        919,
        926,
        935,
        950,
        959,
        963,
        969,
        977,
        994,
        1015,
        1046,
        1089,
        1144,
        1225,
        1265,
        1307,
        1343,
        1376,
        1418,
        1438,
        1461,
        1487,
        1516,
        1555,
        1577,
        1606,
        1630,
        1662,
        1700,
        1724,
        1739,
        1767,
        1788,
        1837,
        1861,
        1889,
        1921,
        2003,
        2046,
        2061,
        2119,
        2129,
        2207,
        2307,
        2375,
        2673,
        2833,
        2849,
        2879,
        2907,
        2907,
        3029,
        3029,
        3349,
        3349,
        3349,
        6599,
        6599,
        6599,
        6599,
        6599,
        9175,
        9175
      ],
      "Percentiles": [
        0.0,
        0.1,
        0.2,
        0.3,
        0.4,
        0.5,
        0.55,
        0.6,
        0.65,
        0.7,
        0.75,
        0.775,
        0.8,
        0.825,
        0.85,
        0.875,
        0.8875,
        0.9,
        0.9125,
        0.925,
        0.9375,
        0.94375,
        0.95,
        0.95625,
        0.9625,
        0.96875,
        0.971875,
        0.975,
        0.978125,
        0.98125,
        0.984375,
        0.985938,
        0.9875,
        0.989062,
        0.990625,
        0.992188,
        0.992969,
        0.99375,
        0.994531,
        0.995313,
        0.996094,
        0.996484,
        0.996875,
        0.997266,
        0.997656,
        0.998047,
        0.998242,
        0.998437,
        0.998633,
        0.998828,
        0.999023,
        0.999121,
        0.999219,
        0.999316,
        0.999414,
        0.999512,
        0.999561,
        0.999609,
        0.999658,
        0.999707,
        0.999756,
        0.99978,
        0.999805,
        0.999829,
        0.999854,
        0.999878,
        0.99989,
        0.999902,
        0.999915,
        0.999927,
        0.999939,
        0.999945,
        0.999951,
        0.999957,
        1.0
      ]
    },
    {
      "Values": [
        435,
        826,
        851,
        867,
        882,
        897,
        901,
        905,
        910,
        919,
        930,
        938,
        947,
        958,
        965,
        969,
        972,
        975,
        981,
        989,
        1006,
        1024,
        1059,
        1104,
        1159,
        1227,
        1264,
        1313,
        1361,
        1393,
        1435,
        1454,
        1475,
        1497,
        1518,
        1548,
        1574,
        1599,
        1633,
        1671,
        1714,
        1731,
        1756,
        1785,
        1827,
        1880,
        1890,
        1937,
        1967,
        2000,
        2029,
        2033,
        2051,
        2071,
        2101,
        2173,
        2173,
        2183,
        2199,
        2251,
        2351,
        2413,
        2413,
        2813,
        2813,
        2897,
        2897,
        2897,
        3389,
        3389,
        3389,
        3389,
        3389,
        6035,
        6035
      ],
      "Percentiles": [
        0.0,
        0.1,
        0.2,
        0.3,
        0.4,
        0.5,
        0.55,
        0.6,
        0.65,
        0.7,
        0.75,
        0.775,
        0.8,
        0.825,
        0.85,
        0.875,
        0.8875,
        0.9,
        0.9125,
        0.925,
        0.9375,
        0.94375,
        0.95,
        0.95625,
        0.9625,
        0.96875,
        0.971875,
        0.975,
        0.978125,
        0.98125,
        0.984375,
        0.985938,
        0.9875,
        0.989062,
        0.990625,
        0.992188,
        0.992969,
        0.99375,
        0.994531,
        0.995313,
        0.996094,
        0.996484,
        0.996875,
        0.997266,
        0.997656,
        0.998047,
        0.998242,
        0.998437,
        0.998633,
        0.998828,
        0.999023,
        0.999121,
        0.999219,
        0.999316,
        0.999414,
        0.999512,
        0.999561,
        0.999609,
        0.999658,
        0.999707,
        0.999756,
        0.99978,
        0.999805,
        0.999829,
        0.999854,
        0.999878,
        0.99989,
        0.999902,
        0.999915,
        0.999927,
        0.999939,
        0.999945,
        0.999951,
        0.999957,
        1.0
      ]
    },
    {
      "Values": [
        369,
        791,
        810,
        830,
        843,
        853,
        861,
        870,
        880,
        893,
        900,
        903,
        906,
        910,
        916,
        924,
        930,
        940,
        953,
        965,
        978,
        991,
        1011,
        1044,
        1100,
        1171,
        1217,
        1261,
        1305,
        1346,
        1378,
        1400,
        1417,
        1435,
        1462,
        1483,
        1498,
        1526,
        1566,
        1623,
        1684,
        1718,
        1748,
        1791,
        1836,
        1869,
        1893,
        1925,
        1964,
        2023,
        2081,
        2115,
        2217,
        2245,
        2467,
        2623,
        3143,
        3289,
        3595,
        4191,
        4439,
        5323,
        5323,
        5591,
        5591,
        6067,
        6067,
        6067,
        6863,
        6863,
        6863,
        6863,
        6863,
        7239,
        7239
      ],
      "Percentiles": [
        0.0,
        0.1,
        0.2,
        0.3,
        0.4,
        0.5,
        0.55,
        0.6,
        0.65,
        0.7,
        0.75,
        0.775,
        0.8,
        0.825,
        0.85,
        0.875,
        0.8875,
        0.9,
        0.9125,
        0.925,
        0.9375,
        0.94375,
        0.95,
        0.95625,
        0.9625,
        0.96875,
        0.971875,
        0.975,
        0.978125,
        0.98125,
        0.984375,
        0.985938,
        0.9875,
        0.989062,
        0.990625,
        0.992188,
        0.992969,
        0.99375,
        0.994531,
        0.995313,
        0.996094,
        0.996484,
        0.996875,
        0.997266,
        0.997656,
        0.998047,
        0.998242,
        0.998437,
        0.998633,
        0.998828,
        0.999023,
        0.999121,
        0.999219,
        0.999316,
        0.999414,
        0.999512,
        0.999561,
        0.999609,
        0.999658,
        0.999707,
        0.999756,
        0.99978,
        0.999805,
        0.999829,
        0.999854,
        0.999878,
        0.99989,
        0.999902,
        0.999915,
        0.999927,
        0.999939,
        0.999945,
        0.999951,
        0.999957,
        1.0
      ]
    }
  ],
  "os_version": "10.0.20348",
  "commit": "7bf265f6d359c77c3e8b0687ca437b3b2c1f52b6",