{
  "latency-quic-lat": [
    {
      "Values": [
        51,
        58,
        59,
        60,
        62,
        63,
        63,
        63,
        64,
        64,
        65,
        65,
        66,
        67,
        67,
        68,
        68,
        68,
        69,
        69,
        70,
        70,
        71,
        71,
        72,
        75,
        77,
        78,
        79,
        80,
        81,
        82,
        83,
        87,
        92,
        98,
        106,
        120,
        145,
        222,
        248,
        256,
        263,
        270,
        277,
        284,
        288,
        293,
        298,
        305,
        313,
        325,
        344,
        384,
        445,
        483,
        499,
        515,
        541,
        583,
        707,
        733,
        795,
        853,
        1053,
        1076,
        1125,
        1148,
        1211,
        1281,
        1373,
        1486,
        1519,
        1548,
        1742,
        1995,
        2237,
        2557,
        2561,
        2599,
        3419,
        3419,
        3571,
        3571,
        4503,
        4503,
        4503,
        4507,
        4507,
        4507,
        4507,
        4507,
        4539,
        4539
      ],
      "Percentiles": [
        0.0,
        0.1,
        0.2,
        0.3,
        0.4,
        0.5,
        0.55,
        0.6,
        0.65,
        0.7,
        0.75,
        0.775,
        0.8,
        0.825,
        0.85,
        0.875,
        0.8875,
        0.9,
        0.9125,
        0.925,
        0.9375,
        0.94375,
        0.95,
        0.95625,
        0.9625,
        0.96875,
        0.971875,
        0.975,
        0.978125,
        0.98125,
        0.984375,
        0.985938,
        0.9875,
        0.989062,
        0.990625,
        0.992188,
        0.992969,
        0.99375,
        0.994531,
        0.995313,
        0.996094,
        0.996484,
        0.996875,
        0.997266,
        0.997656,
        0.998047,
        0.998242,
        0.998437,
        0.998633,
        0.998828,
        0.999023,
        0.999121,
        0.999219,
        0.999316,
        0.999414,
        0.999512,
        0.999561,
        0.999609,
        0.999658,
        0.999707,
        0.999756,
        0.99978,
        0.999805,
        0.999829,
        0.999854,
        0.999878,
        0.99989,
        0.999902,
        0.999915,
        0.999927,
        0.999939,
        0.999945,
        0.999951,
        0.999957,
        0.999963,
        0.999969,
        0.999973,
        0.999976,
        0.999979,
        0.999982,
        0.999985,
        0.999986,
        0.999988,
        0.999989,
        0.999991,
        0.999992,
        0.999993,
        0.999994,
        0.999995,
        0.999995,
        0.999996,
        0.999997,
        0.999997,
        1.0
      ]
    },
    {
      "Values": [
        53,
        59,
        61,
        62,
        64,
        64,
        64,
        65,
        65,
        66,
        67,
        67,
        67,
        68,
        68,
        69,
        69,
        69,
        70,
        70,
        70,
        70,
        70,
        71,
        71,
        72,
        72,
        72,
        73,
        74,
        76,
        78,
        82,
        88,
        93,
        102,
        116,
        142,
        180,
        231,
        253,
        261,
        269,
        276,
        284,
        292,
        298,
        306,
        316,
        351,
        445,
        473,
        546,
        623,
        798,
        1092,
        1231,
        1286,
        1294,
        1313,
        1326,
        1332,
        1356,
        1388,
        1396,
        1418,
        1422,
        1440,
        1482,
        1519,
        1608,
        1680,
        1873,
        1911,
        1954,
        1956,
        2113,
        2207,
        2535,
        2597,
        2617,
        2617,
        2697,
        2697,
        2911,
        2911,
        2911,
        3349,
        3349,
        3349,
        3349,
        3349,
        4999,
        4999
      ],
      "Percentiles": [
        0.0,
        0.1,
        0.2,
        0.3,
        0.4,
        0.5,
        0.55,
        0.6,
        0.65,
        0.7,
        0.75,
        0.775,
        0.8,
        0.825,
        0.85,
        0.875,
        0.8875,
        0.9,
        0.9125,
        0.925,
        0.9375,
        0.94375,
        0.95,
        0.95625,
        0.9625,
        0.96875,
        0.971875,
        0.975,
        0.978125,
        0.98125,
        0.984375,
        0.985938,
        0.9875,
        0.989062,
        0.990625,
        0.992188,
        0.992969,
        0.99375,
        0.994531,
        0.995313,
        0.996094,
        0.996484,
        0.996875,
        0.997266,
        0.997656,
        0.998047,
        0.998242,
        0.998437,
        0.998633,
        0.998828,
        0.999023,
        0.999121,
        0.999219,
        0.999316,
        0.999414,
        0.999512,
        0.999561,
        0.999609,
        0.999658,
        0.999707,
        0.999756,
        0.99978,
        0.999805,
        0.999829,
        0.999854,
        0.999878,
        0.99989,
        0.999902,
        0.999915,
        0.999927,
        0.999939,
        0.999945,
        0.999951,
        0.999957,
        0.999963,
        0.999969,
        0.999973,
        0.999976,
        0.999979,
        0.999982,
        0.999985,
        0.999986,
        0.999988,
        0.999989,
        0.999991,
        0.999992,
        0.999993,
        0.999994,
        0.999995,
        0.999995,
        0.999996,
        0.999997,
        0.999997,
        1.0
      ]
    },
    {
      "Values": [
        53,
        61,
        62,
        63,
        64,
        65,
        66,
        66,
        67,
        67,
        68,
        68,
        68,
        69,
        69,
        70,
        70,
        70,
        71,
        71,
        72,
        72,
        72,
        73,
        73,
        73,
        74,
        74,
        75,
        76,
        80,
        85,
        91,
        96,
        110,
        138,
        154,
        193,
        234,
        254,
        269,
        277,
        283,
        290,
        299,
        313,
        328,
        357,
        407,
        447,
        493,
        519,
        555,
        607,
        742,
        993,
        1070,
        1136,
        1216,
        1286,
        1314,
        1332,
        1404,
        1563,
        1929,
        2083,
        2575,
        2595,
        2705,
        2973,
        3767,
        4071,
        4423,
        4503,
        4623,
        4643,
        4711,
        4711,
        4755,
        4787,
        4995,
        5015,
        5015,
        5015,
        5019,
        5019,
        5355,
        5355,
        5355,
        5355,
        5355,
        6339,
        6339
      ],