{
  "rps-up-512-down-4000-quic-lat": [
    {
      "Values": [
        401,
        761,
        788,
        797,
        809,
        829,
        840,
        848,
        857,
        868,
        881,
        888,
        897,
        904,
        911,
        920,
        925,
        930,
        937,
        950,
        967,
        977,
        998,
        1029,
        1081,
        1154,
        1192,
        1247,
        1297,
        1345,
        1393,
        1414,
        1437,
        1456,
        1481,
        1522,
        1553,
        1592,
        1629,
        1681,
        1715,
        1744,
        1772,
        1802,
        1832,
        1855,
        1877,
        1903,
        1929,
        1953,
        2000,
        2017,
        2091,
        2125,
        2155,
        2171,
        2501,
        2595,
        2965,
        3311,
        3415,
        3415,
        3487,
        4479,
        4479,
        5347,
        5347,
        5347,
        9503,
        9503,
        9503,
        9503,
        9503,
        13615,
        13615
      ],
      "Percentiles": [
        0.0,
        0.1,
        0.2,
        0.3,
        0.4,
        0.5,
        0.55,
        0.6,
        0.65,
        0.7,
        0.75,
        0.775,
        0.8,
        0.825,
        0.85,
        0.875,
        0.8875,
        0.9,
        0.9125,
        0.925,
        0.9375,
        0.94375,
        0.95,
        0.95625,
        0.9625,
        0.96875,
        0.971875,
        0.975,
        0.978125,
        0.98125,
        0.984375,
        0.985938,
        0.9875,
        0.989062,
        0.990625,
        0.992188,
        0.992969,
        0.99375,
        0.994531,
        0.995313,
        0.996094,
        0.996484,
        0.996875,
        0.997266,
        0.997656,
        0.998047,
        0.998242,
        0.998437,
        0.998633,
        0.998828,
        0.999023,
        0.999121,
        0.999219,
        0.999316,
        0.999414,
        0.999512,
        0.999561,
        0.999609,
        0.999658,
        0.999707,
        0.999756,
        0.99978,
        0.999805,
        0.999829,
        0.999854,
        0.999878,
        0.99989,
        0.999902,
        0.999915,
        0.999927,
        0.999939,
        0.999945,
        0.999951,
        0.999957,
        1.0
      ]
    },
    {
      "Values": [
        522,
        799,
        823,
        841,
        853,
        870,
        878,
        887,
        898,
        904,
        909,
        912,
        917,
        922,
        930,
        942,
        952,
        960,
        966,
        971,
        980,
        991,
        1009,
        1037,
        1087,
        1164,
        1203,
        1249,
        1312,
        1353,
        1395,
        1415,
        1445,
        1466,
        1500,
        1535,
        1556,
        1589,
        1623,
        1665,
        1704,
        1725,
        1751,
        1769,
        1798,
        1824,
        1852,
        1874,
        1935,
        1946,
        1953,
        1962,
        1985,
        2024,
        2055,
        2119,
        2121,
        2141,
        2257,
        2365,
        2369,
        2407,
        2407,
        2463,
        2463,
        5199,
        5199,
        5199,
        5847,
        5847,
        5847,
        5847,
        5847,
        6611,
        6611
      ],
      "Percentiles": [
        0.0,
        0.1,
        0.2,
        0.3,
        0.4,
        0.5,
        0.55,
        0.6,
        0.65,
        0.7,
        0.75,
        0.775,
        0.8,
        0.825,
        0.85,
        0.875,
        0.8875,
        0.9,
        0.9125,
        0.925,
        0.9375,
        0.94375,
        0.95,
        0.95625,
        0.9625,
        0.96875,
        0.971875,
        0.975,
        0.978125,
        0.98125,
        0.984375,
        0.985938,
        0.9875,
        0.989062,
        0.990625,
        0.992188,
        0.992969,
        0.99375,
        0.994531,
        0.995313,
        0.996094,
        0.996484,
        0.996875,
        0.997266,
        0.997656,
        0.998047,
        0.998242,
        0.998437,
        0.998633,
        0.998828,
        0.999023,
        0.999121,
        0.999219,
        0.999316,
        0.999414,
        0.999512,
        0.999561,
        0.999609,
        0.999658,
        0.999707,
        0.999756,
        0.99978,
        0.999805,
        0.999829,
        0.999854,
        0.999878,
        0.99989,
        0.999902,
        0.999915,
        0.999927,
        0.999939,
        0.999945,
        0.999951,
        0.999957,
        1.0
      ]
    },
    {
      "Values": [
        428,
        800,
        830,
        848,
        867,
        886,
        895,
        900,
        904,
        911,
        923,
        930,
        937,
        947,
        958,
        964,
        966,
        968,
        972,
        977,
        987,
        997,
        1016,
        1045,
        1087,
        1162,
        1201,
        1247,
        1295,
        1346,
        1388,
        1413,
        1443,
        1468,
        1489,
        1522,
        1542,
        1568,
        1593,
        1644,
        1704,
        1748,
        1768,
        1792,
        1818,
        1865,
        1888,
        1926,
        1956,
        1976,
        2009,
        2017,
        2024,
        2041,
        2115,
        2153,
        2169,
        2209,
        2233,
        2259,
        2311,
        2375,
        2375,
        2593,
        2593,
        2669,
        2669,
        2669,
        4127,
        4127,
        4127,
        4127,
        4127,
        5271,
        5271
      ],
      "Percentiles": [
        0.0,
        0.1,
        0.2,
        0.3,
        0.4,
        0.5,
        0.55,
        0.6,
        0.65,
        0.7,
        0.75,
        0.775,
        0.8,
        0.825,
        0.85,
        0.875,
        0.8875,
        0.9,
        0.9125,
        0.925,
        0.9375,
        0.94375,
        0.95,
        0.95625,
        0.9625,
        0.96875,
        0.971875,
        0.975,
        0.978125,
        0.98125,
        0.984375,
        0.985938,
        0.9875,
        0.989062,
        0.990625,
        0.992188,
        0.992969,
        0.99375,
        0.994531,
        0.995313,
        0.996094,
        0.996484,
        0.996875,
        0.997266,
        0.997656,
        0.998047,
        0.998242,
        0.998437,
        0.998633,
        0.998828,
        0.999023,
        0.999121,
        0.999219,
        0.999316,
        0.999414,
        0.999512,
        0.999561,
        0.999609,
        0.999658,
        0.999707,
        0.999756,
        0.99978,
        0.999805,
        0.999829,
        0.999854,
        0.999878,
        0.99989,
        0.999902,
        0.999915,
        0.999927,
        0.999939,
        0.999945,
        0.999951,
        0.999957,
        1.0
      ]
    }
  ],
  "run_args": {
    "tput-up": "-exec:maxtput -up:12s -ptput:1",
    "tput-down": "-exec:maxtput -down:12s -ptput:1",
    "hps-conns-100": "-exec:maxtput -rconn:1 -share:1 -conns:100 -run:12s -prate:1",
    "rps-up-512-down-4000": "-exec:lowlat -rstream:1 -up:512 -down:4000 -run:20s -plat:1"
  },