{
  "latency-quic-lat": [
    {
      "Values": [
        86,
        103,
        105,
        107,
        112,
        114,
        115,
        115,
        116,
        119,
        122,
        122,
        123,
        124,
        124,
        125,
        125,
        125,
        126,
        126,
        127,
        129,
        132,
        134,
        138,
        144,
        147,
        148,
        149,
        151,
        153,
        154,
        157,
        159,
        162,
        168,
        173,
        182,
        193,
        208,
        226,
        236,
        250,
        266,
        281,
        296,
        303,
        310,
        318,
        329,
        340,
        345,
        350,
        358,
        368,
        377,
        387,
        395,
        409,
        420,
        428,
        435,
        444,
        456,
        465,
        483,
        517,
        523,
        537,
        540,
        543,
        550,
        571,
        571,
        591,
        630,
        645,
        645,
        770,
        770,
        914,
        914,
        914,
        2381,
        2381,
        2381,
        2381,
        2381,
        2879,
        2879
      ],
      "Percentiles": [
        0.0,
        0.1,
        0.2,
        0.3,
        0.4,
        0.5,
        0.55,
        0.6,
        0.65,
        0.7,
        0.75,
        0.775,
        0.8,
        0.825,
        0.85,
        0.875,
        0.8875,
        0.9,
        0.9125,
        0.925,
        0.9375,
        0.94375,
        0.95,
        0.95625,
        0.9625,
        0.96875,
        0.971875,
        0.975,
        0.978125,
        0.98125,
        0.984375,
        0.985938,
        0.9875,
        0.989062,
        0.990625,
        0.992188,
        0.992969,
        0.99375,
        0.994531,
        0.995313,
        0.996094,
        0.996484,
        0.996875,
        0.997266,
        0.997656,
        0.998047,
        0.998242,
        0.998437,
        0.998633,
        0.998828,
        0.999023,
        0.999121,
        0.999219,
        0.999316,
        0.999414,
        0.999512,
        0.999561,
        0.999609,
        0.999658,
        0.999707,
        0.999756,
        0.99978,
        0.999805,
        0.999829,
        0.999854,
        0.999878,
        0.99989,
        0.999902,
        0.999915,
        0.999927,
        0.999939,
        0.999945,
        0.999951,
        0.999957,
        0.999963,
        0.999969,
        0.999973,
        0.999976,
        0.999979,
        0.999982,
        0.999985,
        0.999986,
        0.999988,
        0.999989,
        0.999991,
        0.999992,
        0.999993,
        0.999994,
        0.999995,
        1.0
      ]
    },
    {
      "Values": [
        90,
        102,
        104,
        105,
        110,
        112,
        112,
        113,
        114,
        115,
        117,
        118,
        119,
        120,
        121,
        122,
        123,
        123,
        124,
        124,
        124,
        125,
        125,
        125,
        126,
        126,
        127,
        128,
        129,
        131,
        135,
        140,
        147,
        152,
        160,
        173,
        181,
        190,
        200,
        217,
        240,
        250,
        263,
        275,
        286,
        300,
        306,
        311,
        319,
        323,
        330,
        334,
        339,
        343,
        353,
        359,
        367,
        373,
        383,
        393,
        417,
        424,
        433,
        441,
        457,
        463,
        466,
        478,
        498,
        511,
        543,
        571,
        583,
        598,
        611,
        701,
        824,
        824,
        887,
        887,
        999,
        999,
        999,
        1141,
        1141,
        1141,
        1141,
        1141,
        1456,
        1456
      ],
      "Percentiles": [
        0.0,
        0.1,
        0.2,
        0.3,
        0.4,
        0.5,
        0.55,
        0.6,
        0.65,
        0.7,
        0.75,
        0.775,
        0.8,
        0.825,
        0.85,
        0.875,
        0.8875,
        0.9,
        0.9125,
        0.925,
        0.9375,
        0.94375,
        0.95,
        0.95625,
        0.9625,
        0.96875,
        0.971875,
        0.975,
        0.978125,
        0.98125,
        0.984375,
        0.985938,
        0.9875,
        0.989062,
        0.990625,
        0.992188,
        0.992969,
        0.99375,
        0.994531,
        0.995313,
        0.996094,
        0.996484,
        0.996875,
        0.997266,
        0.997656,
        0.998047,
        0.998242,
        0.998437,
        0.998633,
        0.998828,
        0.999023,
        0.999121,
        0.999219,
        0.999316,
        0.999414,
        0.999512,
        0.999561,
        0.999609,
        0.999658,
        0.999707,
        0.999756,
        0.99978,
        0.999805,
        0.999829,
        0.999854,
        0.999878,
        0.99989,
        0.999902,
        0.999915,
        0.999927,
        0.999939,
        0.999945,
        0.999951,
        0.999957,
        0.999963,
        0.999969,
        0.999973,
        0.999976,
        0.999979,
        0.999982,
        0.999985,
        0.999986,
        0.999988,
        0.999989,
        0.999991,
        0.999992,
        0.999993,
        0.999994,
        0.999995,
        1.0
      ]
    },
    {
      "Values": [
        86,
        102,
        104,
        105,
        108,
        113,
        114,
        114,
        115,
        117,
        120,
        121,
        122,
        122,
        123,
        124,
        124,
        124,
        125,
        125,
        126,
        126,
        126,
        127,
        128,
        130,
        132,
        134,
        136,
        140,
        143,
        144,
        146,
        149,
        156,
        167,
        176,
        183,
        195,
        207,
        226,
        237,
        247,
        260,
        277,
        287,
        293,
        302,
        312,
        319,
        329,
        332,
        339,
        344,
        349,
        358,
        365,
        371,
        384,
        396,
        409,
        411,
        414,
        427,
        433,
        450,
        457,
        470,
        472,
        483,
        500,
        529,
        552,
        573,
        580,
        580,
        620,
        620,
        825,
        825,
        2453,
        2453,
        2453,
        2907,
        2907,
        2907,
        2907,
        2907,
        3643,
        3643
      ],