{
  "os_version": "10.0.20348",
  "upload-quic": [
    "6687235",
    "6586568",
    "6903913"
  ],
  "latency-quic-lat": [
    {
      "Values": [
        52,
        64,
        64,
        64,
        64,
        65,
        65,
        66,
        66,
        67,
        67,
        67,
        67,
        68,
        68,
        68,
        68,
        69,
        69,
        69,
        70,
        70,
        70,
        70,
        71,
        71,
        72,
        72,
        73,
        75,
        78,
        82,
        86,
        89,
        94,
        108,
        118,
        127,
        138,
        161,
        239,
        249,
        258,
        266,
        272,
        280,
        283,
        286,
        289,
        293,
        296,
        298,
        301,
        303,
        308,
        312,
        315,
        320,
        329,
        344,
        361,
        370,
        383,
        386,
        410,
        429,
        450,
        460,
        465,
        491,
        584,
        641,
        836,
        1094,
        1575,
        1968,
        1968,
        2009,
        2059,
        2551,
        2811,
        2811,
        4199,
        4199,
        4779,
        4779,
        4779,
        5351,
        5351,
        5351,
        5351,
        5351,
        5603,
        5603
      ],
      "Percentiles": [
        0.0,
        0.1,
        0.2,
        0.3,
        0.4,
        0.5,
        0.55,
        0.6,
        0.65,
        0.7,
        0.75,
        0.775,
        0.8,
        0.825,
        0.85,
        0.875,
        0.8875,
        0.9,
        0.9125,
        0.925,
        0.9375,
        0.94375,
        0.95,
        0.95625,
        0.9625,
        0.96875,
        0.971875,
        0.975,
        0.978125,
        0.98125,
        0.984375,
        0.985938,
        0.9875,
        0.989062,
        0.990625,
        0.992188,
        0.992969,
        0.99375,
        0.994531,
        0.995313,
        0.996094,
        0.996484,
        0.996875,
        0.997266,
        0.997656,
        0.998047,
        0.998242,
        0.998437,
        0.998633,
        0.998828,
        0.999023,
        0.999121,
        0.999219,
        0.999316,
        0.999414,
        0.999512,
        0.999561,
        0.999609,
        0.999658,
        0.999707,
        0.999756,
        0.99978,
        0.999805,
        0.999829,
        0.999854,
        0.999878,
        0.99989,
        0.999902,
        0.999915,
        0.999927,
        0.999939,
        0.999945,
        0.999951,
        0.999957,
        0.999963,
        0.999969,
        0.999973,
        0.999976,
        0.999979,
        0.999982,
        0.999985,
        0.999986,
        0.999988,
        0.999989,
        0.999991,
        0.999992,
        0.999993,
        0.999994,
        0.999995,
        0.999995,
        0.999996,
        0.999997,
        0.999997,
        1.0
      ]
    },
    {
      "Values": [
        55,
        64,
        64,
        65,
        65,
        66,
        66,
        67,
        67,
        67,
        67,
        68,
        68,
        68,
        68,
        69,
        69,
        69,
        69,
        70,
        70,
        70,
        70,
        70,
        71,
        71,
        72,
        72,
        72,
        73,
        75,
        77,
        80,
        88,
        92,
        103,
        111,
        120,
        131,
        147,
        237,
        249,
        258,
        265,
        271,
        278,
        281,
        285,
        288,
        292,
        296,
        298,
        300,
        301,
        304,
        308,
        310,
        312,
        315,
        321,
        328,
        335,
        344,
        350,
        357,
        372,
        375,
        384,
        390,
        392,
        407,
        410,
        413,
        422,
        435,
        437,
        437,
        439,
        442,
        462,
        497,
        497,
        500,
        500,
        540,
        540,
        540,
        555,
        555,
        555,
        555,
        555,
        616,
        616
      ],
      "Percentiles": [
        0.0,
        0.1,
        0.2,
        0.3,
        0.4,
        0.5,
        0.55,
        0.6,
        0.65,
        0.7,
        0.75,
        0.775,
        0.8,
        0.825,
        0.85,
        0.875,
        0.8875,
        0.9,
        0.9125,
        0.925,
        0.9375,
        0.94375,
        0.95,
        0.95625,
        0.9625,
        0.96875,
        0.971875,
        0.975,
        0.978125,
        0.98125,
        0.984375,
        0.985938,
        0.9875,
        0.989062,
        0.990625,
        0.992188,
        0.992969,
        0.99375,
        0.994531,
        0.995313,
        0.996094,
        0.996484,
        0.996875,
        0.997266,
        0.997656,
        0.998047,
        0.998242,
        0.998437,
        0.998633,
        0.998828,
        0.999023,
        0.999121,
        0.999219,
        0.999316,
        0.999414,
        0.999512,
        0.999561,
        0.999609,
        0.999658,
        0.999707,
        0.999756,
        0.99978,
        0.999805,
        0.999829,
        0.999854,
        0.999878,
        0.99989,
        0.999902,
        0.999915,
        0.999927,
        0.999939,
        0.999945,
        0.999951,
        0.999957,
        0.999963,
        0.999969,
        0.999973,
        0.999976,
        0.999979,
        0.999982,
        0.999985,
        0.999986,
        0.999988,
        0.999989,
        0.999991,
        0.999992,
        0.999993,
        0.999994,
        0.999995,
        0.999995,
        0.999996,
        0.999997,
        0.999997,
        1.0
      ]
    },
    {
      "Values": [
        53,
        64,
        65,
        65,
        66,
        67,
        67,
        67,
        68,
        68,
        68,
        69,
        69,
        69,
        70,
        70,
        70,
        70,
        71,
        71,
        71,
        72,
        72,
        72,
        73,
        73,
        74,
        74,
        75,
        76,
        78,
        81,
        84,
        90,
        93,
        104,
        113,
        122,
        131,
        148,
        204,
        240,
        252,
        259,
        267,
        275,
        280,
        284,
        287,
        292,
        296,
        298,
        300,
        301,
        304,
        306,
        308,
        310,
        313,
        316,
        321,
        323,
        328,
        332,
        337,
        348,
        356,
        363,
        368,
        384,
        396,
        400,
        403,
        409,
        419,
        423,
        435,
        435,
        451,
        454,
        464,
        477,
        477,
        477,
        495,
        495,
        498,
        498,
        498,
        498,
        498,
        662,
        662
      ],