{
  "latency-quic-lat": [
    {
      "Values": [
        91,
        103,
        105,
        110,
        112,
        114,
        115,
        117,
        119,
        121,
        122,
        122,
        123,
        124,
        124,
        125,
        125,
        126,
        127,
        128,
        132,
        136,
        141,
        142,
        144,
        148,
        149,
        151,
        153,
        154,
        155,
        155,
        156,
        157,
        162,
        172,
        179,
        187,
        198,
        213,
        234,
        248,
        259,
        271,
        284,
        301,
        307,
        313,
        321,
        329,
        340,
        346,
        353,
        359,
        368,
        376,
        382,
        390,
        401,
        410,
        432,
        444,
        453,
        471,
        494,
        553,
        580,
        611,
        826,
        1470,
        2141,
        2839,
        3051,
        4203,
        5299,
        5723,
        6723,
        6723,
        6903,
        6903,
        7699,
        7699,
        7699,
        8079,
        8079,
        8079,
        8079,
        8079,
        12639,
        12639
      ],
      "Percentiles": [
        0.0,
        0.1,
        0.2,
        0.3,
        0.4,
        0.5,
        0.55,
        0.6,
        0.65,
        0.7,
        0.75,
        0.775,
        0.8,
        0.825,
        0.85,
        0.875,
        0.8875,
        0.9,
        0.9125,
        0.925,
        0.9375,
        0.94375,
        0.95,
        0.95625,
        0.9625,
        0.96875,
        0.971875,
        0.975,
        0.978125,
        0.98125,
        0.984375,
        0.985938,
        0.9875,
        0.989062,
        0.990625,
        0.992188,
        0.992969,
        0.99375,
        0.994531,
        0.995313,
        0.996094,
        0.996484,
        0.996875,
        0.997266,
        0.997656,
        0.998047,
        0.998242,
        0.998437,
        0.998633,
        0.998828,
        0.999023,
        0.999121,
        0.999219,
        0.999316,
        0.999414,
        0.999512,
        0.999561,
        0.999609,
        0.999658,
        0.999707,
        0.999756,
        0.99978,
        0.999805,
        0.999829,
        0.999854,
        0.999878,
        0.99989,
        0.999902,
        0.999915,
        0.999927,
        0.999939,
        0.999945,
        0.999951,
        0.999957,
        0.999963,
        0.999969,
        0.999973,
        0.999976,
        0.999979,
        0.999982,
        0.999985,
        0.999986,
        0.999988,
        0.999989,
        0.999991,
        0.999992,
        0.999993,
        0.999994,
        0.999995,
        1.0
      ]
    },
    {
      "Values": [
        88,
        100,
        101,
        108,
        109,
        110,
        111,
        113,
        115,
        120,
        121,
        121,
        122,
        122,
        124,
        128,
        130,
        131,
        131,
        133,
        137,
        140,
        143,
        146,
        148,
        150,
        151,
        153,
        154,
        155,
        157,
        158,
        159,
        160,
        164,
        172,
        180,
        189,
        199,
        211,
        230,
        239,
        254,
        268,
        287,
        306,
        314,
        322,
        329,
        341,
        352,
        359,
        370,
        378,
        396,
        421,
        440,
        467,
        474,
        498,
        519,
        527,
        539,
        602,
        717,
        818,
        967,
        1006,
        1200,
        1270,
        1569,
        1811,
        1926,
        2189,
        2683,
        2817,
        2911,
        2911,
        2963,
        2963,
        2963,
        2963,
        2963,
        3247,
        3247,
        3247,
        3247,
        3247,
        9511,
        9511
      ],
      "Percentiles": [
        0.0,
        0.1,
        0.2,
        0.3,
        0.4,
        0.5,
        0.55,
        0.6,
        0.65,
        0.7,
        0.75,
        0.775,
        0.8,
        0.825,
        0.85,
        0.875,
        0.8875,
        0.9,
        0.9125,
        0.925,
        0.9375,
        0.94375,
        0.95,
        0.95625,
        0.9625,
        0.96875,
        0.971875,
        0.975,
        0.978125,
        0.98125,
        0.984375,
        0.985938,
        0.9875,
        0.989062,
        0.990625,
        0.992188,
        0.992969,
        0.99375,
        0.994531,
        0.995313,
        0.996094,
        0.996484,
        0.996875,
        0.997266,
        0.997656,
        0.998047,
        0.998242,
        0.998437,
        0.998633,
        0.998828,
        0.999023,
        0.999121,
        0.999219,
        0.999316,
        0.999414,
        0.999512,
        0.999561,
        0.999609,
        0.999658,
        0.999707,
        0.999756,
        0.99978,
        0.999805,
        0.999829,
        0.999854,
        0.999878,
        0.99989,
        0.999902,
        0.999915,
        0.999927,
        0.999939,
        0.999945,
        0.999951,
        0.999957,
        0.999963,
        0.999969,
        0.999973,
        0.999976,
        0.999979,
        0.999982,
        0.999985,
        0.999986,
        0.999988,
        0.999989,
        0.999991,
        0.999992,
        0.999993,
        0.999994,
        0.999995,
        1.0
      ]
    },
    {
      "Values": [
        86,
        101,
        103,
        106,
        108,
        112,
        113,
        114,
        115,
        118,
        120,
        121,
        122,
        123,
        123,
        124,
        124,
        124,
        124,
        125,
        126,
        127,
        128,
        130,
        131,
        134,
        136,
        138,
        141,
        143,
        147,
        148,
        149,
        151,
        154,
        163,
        170,
        178,
        187,
        201,
        222,
        236,
        251,
        264,
        278,
        293,
        301,
        308,
        317,
        324,
        333,
        337,
        341,
        345,
        350,
        357,
        361,
        363,
        371,
        377,
        391,
        402,
        411,
        421,
        440,
        463,
        465,
        468,
        469,
        510,
        529,
        552,
        559,
        563,
        567,
        568,
        569,
        569,
        604,
        604,
        661,
        661,
        661,
        744,
        744,
        744,
        744,
        744,
        2375,
        2375
      ],