{
  "latency-quic": [
    "53",
    "64",
    "68",
    "80",
    "285",
    "317",
    "455",
    "659",
    "14955",
    "54",
    "64",
    "67",
    "77",
    "284",
    "314",
    "470",
    "639",
    "14989",
    "55",
    "64",
    "68",
    "76",
    "284",
    "318",
    "467",
    "684",
    "15001"
  ],
  "latency-quic-lat": [
    {
      "Values": [
        53,
        62,
        63,
        64,
        64,
        64,
        65,
        65,
        65,
        66,
        67,
        67,
        67,
        67,
        67,
        68,
        68,
        68,
        68,
        68,
        69,
        69,
        69,
        70,
        70,
        71,
        72,
        73,
        75,
        76,
        77,
        77,
        78,
        79,
        81,
        86,
        88,
        92,
        96,
        102,
        138,
        233,
        245,
        254,
        261,
        267,
        271,
        274,
        278,
        282,
        285,
        288,
        289,
        291,
        293,
        295,
        296,
        298,
        299,
        302,
        304,
        306,
        307,
        309,
        311,
        313,
        313,
        317,
        320,
        328,
        330,
        335,
        339,
        342,
        344,
        351,
        362,
        362,
        366,
        391,
        411,
        411,
        416,
        416,
        455,
        455,
        455,
        461,
        461,
        461,
        461,
        461,
        659,
        659
      ],
      "Percentiles": [
        0.0,
        0.1,
        0.2,
        0.3,
        0.4,
        0.5,
        0.55,
        0.6,
        0.65,
        0.7,
        0.75,
        0.775,
        0.8,
        0.825,
        0.85,
        0.875,
        0.8875,
        0.9,
        0.9125,
        0.925,
        0.9375,
        0.94375,
        0.95,
        0.95625,
        0.9625,
        0.96875,
        0.971875,
        0.975,
        0.978125,
        0.98125,
        0.984375,
        0.985938,
        0.9875,
        0.989062,
        0.990625,
        0.992188,
        0.992969,
        0.99375,
        0.994531,
        0.995313,
        0.996094,
        0.996484,
        0.996875,
        0.997266,
        0.997656,
        0.998047,
        0.998242,
        0.998437,
        0.998633,
        0.998828,
        0.999023,
        0.999121,
        0.999219,
        0.999316,
        0.999414,
        0.999512,
        0.999561,
        0.999609,
        0.999658,
        0.999707,
        0.999756,
        0.99978,
        0.999805,
        0.999829,
        0.999854,
        0.999878,
        0.99989,
        0.999902,
        0.999915,
        0.999927,
        0.999939,
        0.999945,
        0.999951,
        0.999957,
        0.999963,
        0.999969,
        0.999973,
        0.999976,
        0.999979,
        0.999982,
        0.999985,
        0.999986,
        0.999988,
        0.999989,
        0.999991,
        0.999992,
        0.999993,
        0.999994,
        0.999995,
        0.999995,
        0.999996,
        0.999997,
        0.999997,
        1.0
      ]
    },
    {
      "Values": [
        54,
        63,
        64,
        64,
        64,
        64,
        65,
        65,
        65,
        65,
        66,
        66,
        66,
        67,
        67,
        67,
        67,
        67,
        68,
        68,
        68,
        68,
        68,
        69,
        69,
        69,
        70,
        70,
        70,
        71,
        73,
        74,
        75,
        77,
        78,
        83,
        86,
        89,
        94,
        100,
        118,
        232,
        244,
        253,
        260,
        267,
        270,
        274,
        278,
        281,
        284,
        287,
        288,
        291,
        293,
        295,
        296,
        297,
        298,
        300,
        303,
        305,
        306,
        307,
        308,
        312,
        313,
        314,
        318,
        322,
        325,
        330,
        335,
        338,
        339,
        339,
        347,
        352,
        359,
        365,
        409,
        409,
        433,
        433,
        470,
        470,
        470,
        473,
        473,
        473,
        473,
        473,
        639,
        639
      ],
      "Percentiles": [
        0.0,
        0.1,
        0.2,
        0.3,
        0.4,
        0.5,
        0.55,
        0.6,
        0.65,
        0.7,
        0.75,
        0.775,
        0.8,
        0.825,
        0.85,
        0.875,
        0.8875,
        0.9,
        0.9125,
        0.925,
        0.9375,
        0.94375,
        0.95,
        0.95625,
        0.9625,
        0.96875,
        0.971875,
        0.975,
        0.978125,
        0.98125,
        0.984375,
        0.985938,
        0.9875,
        0.989062,
        0.990625,
        0.992188,
        0.992969,
        0.99375,
        0.994531,
        0.995313,
        0.996094,
        0.996484,
        0.996875,
        0.997266,
        0.997656,
        0.998047,
        0.998242,
        0.998437,
        0.998633,
        0.998828,
        0.999023,
        0.999121,
        0.999219,
        0.999316,
        0.999414,
        0.999512,
        0.999561,
        0.999609,
        0.999658,
        0.999707,
        0.999756,
        0.99978,
        0.999805,
        0.999829,
        0.999854,
        0.999878,
        0.99989,
        0.999902,
        0.999915,
        0.999927,
        0.999939,
        0.999945,
        0.999951,
        0.999957,
        0.999963,
        0.999969,
        0.999973,
        0.999976,
        0.999979,
        0.999982,
        0.999985,
        0.999986,
        0.999988,
        0.999989,
        0.999991,
        0.999992,
        0.999993,
        0.999994,
        0.999995,
        0.999995,
        0.999996,
        0.999997,
        0.999997,
        1.0
      ]
    },
    {
      "Values": [
        55,
        63,
        63,
        64,
        64,
        64,
        64,
        65,
        65,
        66,
        66,
        66,
        67,
        67,
        67,
        67,
        67,
        68,
        68,
        68,
        68,
        69,
        69,
        69,
        69,
        70,
        70,
        70,
        71,
        72,
        73,
        73,
        74,
        75,
        77,
        80,
        83,
        87,
        91,
        97,
        111,
        230,
        241,
        252,
        259,
        268,
        272,
        275,
        278,
        281,
        285,
        287,
        289,
        290,
        293,
        295,
        296,
        298,
        300,
        302,
        304,
        305,
        307,
        308,
        312,
        315,
        317,
        319,
        322,
        337,
        345,
        349,
        350,
        351,
        352,
        359,
        384,
        387,
        450,
        456,
        466,
        466,
        467,
        467,
        472,
        472,
        472,
        483,
        483,
        483,
        483,
        483,
        684,
        684
      ],