{
  "latency-quic-lat": [
    {
      "Values": [
        52,
        62,
        63,
        64,
        65,
        66,
        66,
        66,
        66,
        67,
        67,
        67,
        68,
        68,
        68,
        68,
        69,
        69,
        69,
        69,
        70,
        70,
        70,
        70,
        71,
        71,
        71,
        71,
        72,
        72,
        73,
        74,
        75,
        77,
        83,
        96,
        104,
        111,
        121,
        132,
        151,
        178,
        234,
        248,
        258,
        267,
        271,
        275,
        278,
        283,
        286,
        289,
        291,
        292,
        295,
        298,
        299,
        301,
        304,
        305,
        307,
        309,
        310,
        314,
        319,
        328,
        331,
        338,
        346,
        367,
        385,
        390,
        393,
        409,
        432,
        459,
        481,
        498,
        546,
        551,
        683,
        683,
        867,
        867,
        955,
        955,
        955,
        1130,
        1130,
        1130,
        1130,
        1130,
        1156,
        1156
      ],
      "Percentiles": [
        0.0,
        0.1,
        0.2,
        0.3,
        0.4,
        0.5,
        0.55,
        0.6,
        0.65,
        0.7,
        0.75,
        0.775,
        0.8,
        0.825,
        0.85,
        0.875,
        0.8875,
        0.9,
        0.9125,
        0.925,
        0.9375,
        0.94375,
        0.95,
        0.95625,
        0.9625,
        0.96875,
        0.971875,
        0.975,
        0.978125,
        0.98125,
        0.984375,
        0.985938,
        0.9875,
        0.989062,
        0.990625,
        0.992188,
        0.992969,
        0.99375,
        0.994531,
        0.995313,
        0.996094,
        0.996484,
        0.996875,
        0.997266,
        0.997656,
        0.998047,
        0.998242,
        0.998437,
        0.998633,
        0.998828,
        0.999023,
        0.999121,
        0.999219,
        0.999316,
        0.999414,
        0.999512,
        0.999561,
        0.999609,
        0.999658,
        0.999707,
        0.999756,
        0.99978,
        0.999805,
        0.999829,
        0.999854,
        0.999878,
        0.99989,
        0.999902,
        0.999915,
        0.999927,
        0.999939,
        0.999945,
        0.999951,
        0.999957,
        0.999963,
        0.999969,
        0.999973,
        0.999976,
        0.999979,
        0.999982,
        0.999985,
        0.999986,
        0.999988,
        0.999989,
        0.999991,
        0.999992,
        0.999993,
        0.999994,
        0.999995,
        0.999995,
        0.999996,
        0.999997,
        0.999997,
        1.0
      ]
    },
    {
      "Values": [
        50,
        63,
        64,
        64,
        65,
        65,
        65,
        65,
        65,
        66,
        66,
        66,
        66,
        67,
        67,
        67,
        68,
        68,
        68,
        68,
        68,
        69,
        69,
        69,
        69,
        70,
        70,
        70,
        70,
        71,
        71,
        71,
        72,
        74,
        78,
        99,
        108,
        117,
        128,
        146,
        228,
        241,
        250,
        258,
        264,
        271,
        274,
        277,
        280,
        284,
        287,
        289,
        291,
        292,
        294,
        297,
        298,
        300,
        301,
        303,
        307,
        308,
        310,
        313,
        318,
        328,
        332,
        336,
        344,
        349,
        361,
        378,
        381,
        392,
        407,
        412,
        419,
        433,
        456,
        457,
        515,
        515,
        526,
        526,
        559,
        559,
        559,
        614,
        614,
        614,
        614,
        614,
        699,
        699
      ],
      "Percentiles": [
        0.0,
        0.1,
        0.2,
        0.3,
        0.4,
        0.5,
        0.55,
        0.6,
        0.65,
        0.7,
        0.75,
        0.775,
        0.8,
        0.825,
        0.85,
        0.875,
        0.8875,
        0.9,
        0.9125,
        0.925,
        0.9375,
        0.94375,
        0.95,
        0.95625,
        0.9625,
        0.96875,
        0.971875,
        0.975,
        0.978125,
        0.98125,
        0.984375,
        0.985938,
        0.9875,
        0.989062,
        0.990625,
        0.992188,
        0.992969,
        0.99375,
        0.994531,
        0.995313,
        0.996094,
        0.996484,
        0.996875,
        0.997266,
        0.997656,
        0.998047,
        0.998242,
        0.998437,
        0.998633,
        0.998828,
        0.999023,
        0.999121,
        0.999219,
        0.999316,
        0.999414,
        0.999512,
        0.999561,
        0.999609,
        0.999658,
        0.999707,
        0.999756,
        0.99978,
        0.999805,
        0.999829,
        0.999854,
        0.999878,
        0.99989,
        0.999902,
        0.999915,
        0.999927,
        0.999939,
        0.999945,
        0.999951,
        0.999957,
        0.999963,
        0.999969,
        0.999973,
        0.999976,
        0.999979,
        0.999982,
        0.999985,
        0.999986,
        0.999988,
        0.999989,
        0.999991,
        0.999992,
        0.999993,
        0.999994,
        0.999995,
        0.999995,
        0.999996,
        0.999997,
        0.999997,
        1.0
      ]
    },
    {
      "Values": [
        53,
        62,
        63,
        63,
        65,
        65,
        66,
        66,
        66,
        67,
        68,
        68,
        68,
        68,
        69,
        69,
        69,
        69,
        69,
        70,
        70,
        70,
        70,
        71,
        71,
        72,
        72,
        72,
        72,
        73,
        74,
        74,
        75,
        75,
        80,
        95,
        105,
        115,
        124,
        137,
        179,
        236,
        248,
        256,
        264,
        272,
        275,
        279,
        282,
        285,
        289,
        290,
        292,
        294,
        296,
        299,
        300,
        302,
        303,
        306,
        308,
        310,
        312,
        317,
        322,
        340,
        342,
        349,
        352,
        362,
        371,
        376,
        379,
        389,
        399,
        400,
        420,
        435,
        461,
        495,
        498,
        498,
        505,
        505,
        514,
        514,
        514,
        619,
        619,
        619,
        619,
        619,
        726,
        726
      ],