{
  "upload-quic": [
    "6478927",
    "6613722",
    "6416968"
  ],
  "latency-quic-lat": [
    {
      "Values": [
        50,
        64,
        65,
        65,
        66,
        66,
        66,
        66,
        66,
        67,
        67,
        67,
        68,
        68,
        68,
        69,
        69,
        69,
        69,
        70,
        70,
        70,
        70,
        71,
        71,
        71,
        72,
        72,
        72,
        73,
        75,
        78,
        85,
        90,
        95,
        106,
        114,
        123,
        135,
        162,
        238,
        248,
        258,
        266,
        272,
        278,
        282,
        285,
        288,
        292,
        295,
        297,
        300,
        302,
        304,
        306,
        309,
        312,
        316,
        323,
        331,
        332,
        337,
        341,
        348,
        356,
        363,
        369,
        376,
        382,
        410,
        417,
        432,
        496,
        615,
        740,
        740,
        1517,
        2547,
        2949,
        3291,
        3291,
        3549,
        3549,
        4607,
        4607,
        4607,
        4927,
        4927,
        4927,
        4927,
        4927,
        9063,
        9063
      ],
      "Percentiles": [
        0.0,
        0.1,
        0.2,
        0.3,
        0.4,
        0.5,
        0.55,
        0.6,
        0.65,
        0.7,
        0.75,
        0.775,
        0.8,
        0.825,
        0.85,
        0.875,
        0.8875,
        0.9,
        0.9125,
        0.925,
        0.9375,
        0.94375,
        0.95,
        0.95625,
        0.9625,
        0.96875,
        0.971875,
        0.975,
        0.978125,
        0.98125,
        0.984375,
        0.985938,
        0.9875,
        0.989062,
        0.990625,
        0.992188,
        0.992969,
        0.99375,
        0.994531,
        0.995313,
        0.996094,
        0.996484,
        0.996875,
        0.997266,
        0.997656,
        0.998047,
        0.998242,
        0.998437,
        0.998633,
        0.998828,
        0.999023,
        0.999121,
        0.999219,
        0.999316,
        0.999414,
        0.999512,
        0.999561,
        0.999609,
        0.999658,
        0.999707,
        0.999756,
        0.99978,
        0.999805,
        0.999829,
        0.999854,
        0.999878,
        0.99989,
        0.999902,
        0.999915,
        0.999927,
        0.999939,
        0.999945,
        0.999951,
        0.999957,
        0.999963,
        0.999969,
        0.999973,
        0.999976,
        0.999979,
        0.999982,
        0.999985,
        0.999986,
        0.999988,
        0.999989,
        0.999991,
        0.999992,
        0.999993,
        0.999994,
        0.999995,
        0.999995,
        0.999996,
        0.999997,
        0.999997,
        1.0
      ]
    },
    {
      "Values": [
        48,
        63,
        64,
        64,
        66,
        66,
        66,
        67,
        67,
        67,
        67,
        68,
        68,
        68,
        68,
        69,
        69,
        69,
        70,
        70,
        70,
        71,
        71,
        71,
        71,
        72,
        72,
        73,
        73,
        74,
        77,
        80,
        84,
        87,
        93,
        107,
        113,
        120,
        127,
        141,
        212,
        239,
        251,
        258,
        265,
        272,
        277,
        281,
        285,
        289,
        292,
        295,
        297,
        300,
        302,
        305,
        307,
        309,
        310,
        315,
        318,
        322,
        326,
        331,
        340,
        347,
        351,
        363,
        369,
        382,
        408,
        411,
        415,
        453,
        465,
        481,
        481,
        486,
        489,
        496,
        595,
        595,
        598,
        598,
        635,
        635,
        635,
        642,
        642
      ],
      "Percentiles": [
        0.0,
        0.1,
        0.2,
        0.3,
        0.4,
        0.5,
        0.55,
        0.6,
        0.65,
        0.7,
        0.75,
        0.775,
        0.8,
        0.825,
        0.85,
        0.875,
        0.8875,
        0.9,
        0.9125,
        0.925,
        0.9375,
        0.94375,
        0.95,
        0.95625,
        0.9625,
        0.96875,
        0.971875,
        0.975,
        0.978125,
        0.98125,
        0.984375,
        0.985938,
        0.9875,
        0.989062,
        0.990625,
        0.992188,
        0.992969,
        0.99375,
        0.994531,
        0.995313,
        0.996094,
        0.996484,
        0.996875,
        0.997266,
        0.997656,
        0.998047,
        0.998242,
        0.998437,
        0.998633,
        0.998828,
        0.999023,
        0.999121,
        0.999219,
        0.999316,
        0.999414,
        0.999512,
        0.999561,
        0.999609,
        0.999658,
        0.999707,
        0.999756,
        0.99978,
        0.999805,
        0.999829,
        0.999854,
        0.999878,
        0.99989,
        0.999902,
        0.999915,
        0.999927,
        0.999939,
        0.999945,
        0.999951,
        0.999957,
        0.999963,
        0.999969,
        0.999973,
        0.999976,
        0.999979,
        0.999982,
        0.999985,
        0.999986,
        0.999988,
        0.999989,
        0.999991,
        0.999992,
        0.999993,
        0.999994,
        1.0
      ]
    },
    {
      "Values": [
        53,
        63,
        64,
        64,
        65,
        66,
        66,
        66,
        66,
        67,
        67,
        67,
        67,
        68,
        68,
        68,
        69,
        69,
        69,
        69,
        70,
        70,
        70,
        70,
        71,
        71,
        71,
        71,
        72,
        73,
        74,
        76,
        82,
        90,
        94,
        106,
        113,
        122,
        131,
        152,
        234,
        246,
        254,
        262,
        269,
        275,
        278,
        283,
        286,
        290,
        294,
        296,
        298,
        300,
        302,
        305,
        307,
        309,
        312,
        314,
        324,
        330,
        335,
        340,
        345,
        357,
        363,
        372,
        380,
        419,
        424,
        424,
        458,
        469,
        584,
        652,
        652,
        741,
        1160,
        1168,
        1296,
        1296,
        1314,
        1314,
        1315,
        1315,
        1315,
        1327,
        1327,
        1327,
        1327,
        1327,
        1827,
        1827
      ],