{
  "hps-quic": [
    "3551",
    "3566",
    "3567"
  ],
  "os_version": "10.0.20348",
  "latency-quic": [
    "52",
    "66",
    "69",
    "76",
    "285",
    "352",
    "634",
    "690",
    "14626",
    "48",
    "64",
    "68",
    "78",
    "283",
    "319",
    "505",
    "952",
    "15002",
    "53",
    "64",
    "67",
    "78",
    "286",
    "337",
    "512",
    "5745",
    "15003"
  ],
  "latency-quic-lat": [
    {
      "Values": [
        52,
        65,
        65,
        66,
        66,
        66,
        66,
        66,
        66,
        67,
        67,
        67,
        67,
        68,
        68,
        68,
        69,
        69,
        69,
        69,
        70,
        70,
        70,
        70,
        71,
        71,
        71,
        71,
        71,
        72,
        72,
        72,
        73,
        75,
        77,
        85,
        92,
        99,
        109,
        125,
        222,
        237,
        247,
        253,
        261,
        268,
        271,
        274,
        278,
        282,
        285,
        287,
        289,
        291,
        293,
        296,
        298,
        300,
        303,
        305,
        309,
        311,
        315,
        320,
        333,
        343,
        346,
        353,
        363,
        367,
        376,
        384,
        398,
        411,
        436,
        455,
        455,
        462,
        487,
        509,
        533,
        533,
        571,
        571,
        634,
        634,
        634,
        669,
        669,
        669,
        669,
        669,
        690,
        690
      ],
      "Percentiles": [
        0.0,
        0.1,
        0.2,
        0.3,
        0.4,
        0.5,
        0.55,
        0.6,
        0.65,
        0.7,
        0.75,
        0.775,
        0.8,
        0.825,
        0.85,
        0.875,
        0.8875,
        0.9,
        0.9125,
        0.925,
        0.9375,
        0.94375,
        0.95,
        0.95625,
        0.9625,
        0.96875,
        0.971875,
        0.975,
        0.978125,
        0.98125,
        0.984375,
        0.985938,
        0.9875,
        0.989062,
        0.990625,
        0.992188,
        0.992969,
        0.99375,
        0.994531,
        0.995313,
        0.996094,
        0.996484,
        0.996875,
        0.997266,
        0.997656,
        0.998047,
        0.998242,
        0.998437,
        0.998633,
        0.998828,
        0.999023,
        0.999121,
        0.999219,
        0.999316,
        0.999414,
        0.999512,
        0.999561,
        0.999609,
        0.999658,
        0.999707,
        0.999756,
        0.99978,
        0.999805,
        0.999829,
        0.999854,
        0.999878,
        0.99989,
        0.999902,
        0.999915,
        0.999927,
        0.999939,
        0.999945,
        0.999951,
        0.999957,
        0.999963,
        0.999969,
        0.999973,
        0.999976,
        0.999979,
        0.999982,
        0.999985,
        0.999986,
        0.999988,
        0.999989,
        0.999991,
        0.999992,
        0.999993,
        0.999994,
        0.999995,
        0.999995,
        0.999996,
        0.999997,
        0.999997,
        1.0
      ]
    },
    {
      "Values": [
        48,
        63,
        63,
        63,
        64,
        64,
        64,
        65,
        65,
        65,
        66,
        66,
        66,
        67,
        67,
        67,
        67,
        68,
        68,
        68,
        68,
        69,
        69,
        69,
        69,
        70,
        70,
        70,
        71,
        71,
        72,
        73,
        74,
        76,
        81,
        91,
        96,
        101,
        109,
        123,
        150,
        228,
        241,
        251,
        258,
        265,
        269,
        273,
        276,
        280,
        284,
        285,
        287,
        289,
        291,
        294,
        295,
        297,
        299,
        300,
        303,
        305,
        307,
        308,
        310,
        315,
        317,
        322,
        326,
        333,
        339,
        345,
        348,
        351,
        353,
        361,
        365,
        367,
        388,
        406,
        432,
        432,
        505,
        505,
        575,
        575,
        575,
        691,
        691,
        691,
        691,
        691,
        952,
        952
      ],
      "Percentiles": [
        0.0,
        0.1,
        0.2,
        0.3,
        0.4,
        0.5,
        0.55,
        0.6,
        0.65,
        0.7,
        0.75,
        0.775,
        0.8,
        0.825,
        0.85,
        0.875,
        0.8875,
        0.9,
        0.9125,
        0.925,
        0.9375,
        0.94375,
        0.95,
        0.95625,
        0.9625,
        0.96875,
        0.971875,
        0.975,
        0.978125,
        0.98125,
        0.984375,
        0.985938,
        0.9875,
        0.989062,
        0.990625,
        0.992188,
        0.992969,
        0.99375,
        0.994531,
        0.995313,
        0.996094,
        0.996484,
        0.996875,
        0.997266,
        0.997656,
        0.998047,
        0.998242,
        0.998437,
        0.998633,
        0.998828,
        0.999023,
        0.999121,
        0.999219,
        0.999316,
        0.999414,
        0.999512,
        0.999561,
        0.999609,
        0.999658,
        0.999707,
        0.999756,
        0.99978,
        0.999805,
        0.999829,
        0.999854,
        0.999878,
        0.99989,
        0.999902,
        0.999915,
        0.999927,
        0.999939,
        0.999945,
        0.999951,
        0.999957,
        0.999963,
        0.999969,
        0.999973,
        0.999976,
        0.999979,
        0.999982,
        0.999985,
        0.999986,
        0.999988,
        0.999989,
        0.999991,
        0.999992,
        0.999993,
        0.999994,
        0.999995,
        0.999995,
        0.999996,
        0.999997,
        0.999997,
        1.0
      ]
    },
    {
      "Values": [
        53,
        63,
        63,
        64,
        64,
        64,
        64,
        64,
        65,
        65,
        65,
        66,
        66,
        66,
        67,
        67,
        67,
        67,
        68,
        68,
        68,
        69,
        69,
        69,
        69,
        70,
        70,
        70,
        71,
        71,
        72,
        73,
        74,
        76,
        81,
        92,
        98,
        104,
        113,
        125,
        171,
        238,
        248,
        255,
        261,
        268,
        271,
        275,
        279,
        283,
        286,
        288,
        290,
        292,
        294,
        296,
        297,
        299,
        300,
        303,
        307,
        308,
        310,
        312,
        319,
        327,
        334,
        340,
        350,
        355,
        359,
        359,
        371,
        374,
        377,
        388,
        392,
        401,
        403,
        429,
        465,
        465,
        512,
        512,
        591,
        591,
        591,
        1007,
        1007,
        1007,
        1007,
        1007,
        5747,
        5747
      ],