{
  "rps-up-512-down-4000-quic": [
    "491",
    "861",
    "947",
    "1499",
    "2109",
    "4086",
    "4125",
    "4125",
    "1124",
    "513",
    "848",
    "962",
    "1493",
    "2086",
    "2637",
    "7943",
    "7943",
    "1129",
    "415",
    "875",
    "963",
    "1485",
    "1947",
    "2254",
    "2503",
    "2503",
    "1111"
  ],
  "tput-up-quic": [
    "6833002",
    "7218194",
    "6433247"
  ],
  "rps-up-512-down-4000-quic-lat": [
    {
      "Values": [
        491,
        785,
        808,
        833,
        847,
        861,
        870,
        878,
        889,
        896,
        901,
        903,
        906,
        911,
        918,
        927,
        935,
        947,
        961,
        972,
        991,
        1014,
        1040,
        1086,
        1147,
        1207,
        1254,
        1307,
        1347,
        1375,
        1419,
        1441,
        1460,
        1485,
        1508,
        1535,
        1577,
        1601,
        1638,
        1711,
        1748,
        1772,
        1811,
        1834,
        1876,
        1897,
        1909,
        1962,
        1977,
        2018,
        2117,
        2147,
        2247,
        2261,
        2507,
        2565,
        2623,
        2669,
        2719,
        2779,
        3053,
        3069,
        3069,
        3269,
        3269,
        4087,
        4087,
        4087,
        4095,
        4095,
        4095,
        4095,
        4095,
        4127,
        4127
      ],
      "Percentiles": [
        0.0,
        0.1,
        0.2,
        0.3,
        0.4,
        0.5,
        0.55,
        0.6,
        0.65,
        0.7,
        0.75,
        0.775,
        0.8,
        0.825,
        0.85,
        0.875,
        0.8875,
        0.9,
        0.9125,
        0.925,
        0.9375,
        0.94375,
        0.95,
        0.95625,
        0.9625,
        0.96875,
        0.971875,
        0.975,
        0.978125,
        0.98125,
        0.984375,
        0.985938,
        0.9875,
        0.989062,
        0.990625,
        0.992188,
        0.992969,
        0.99375,
        0.994531,
        0.995313,
        0.996094,
        0.996484,
        0.996875,
        0.997266,
        0.997656,
        0.998047,
        0.998242,
        0.998437,
        0.998633,
        0.998828,
        0.999023,
        0.999121,
        0.999219,
        0.999316,
        0.999414,
        0.999512,
        0.999561,
        0.999609,
        0.999658,
        0.999707,
        0.999756,
        0.99978,
        0.999805,
        0.999829,
        0.999854,
        0.999878,
        0.99989,
        0.999902,
        0.999915,
        0.999927,
        0.999939,
        0.999945,
        0.999951,
        0.999957,
        1.0
      ]
    },
    {
      "Values": [
        513,
        787,
        805,
        824,
        837,
        848,
        858,
        870,
        882,
        895,
        902,
        906,
        913,
        922,
        934,
        948,
        956,
        962,
        967,
        972,
        982,
        994,
        1020,
        1060,
        1117,
        1197,
        1234,
        1284,
        1327,
        1358,
        1402,
        1422,
        1446,
        1472,
        1516,
        1563,
        1586,
        1619,
        1658,
        1698,
        1736,
        1760,
        1781,
        1815,
        1833,
        1864,
        1900,
        1919,
        1986,
        2045,
        2087,
        2113,
        2127,
        2131,
        2181,
        2221,
        2263,
        2303,
        2311,
        2311,
        2323,
        2373,
        2373,
        2421,
        2421,
        2637,
        2637,
        2637,
        5347,
        5347,
        5347,
        5347,
        5347,
        7943,
        7943
      ],
      "Percentiles": [
        0.0,
        0.1,
        0.2,
        0.3,
        0.4,
        0.5,
        0.55,
        0.6,
        0.65,
        0.7,
        0.75,
        0.775,
        0.8,
        0.825,
        0.85,
        0.875,
        0.8875,
        0.9,
        0.9125,
        0.925,
        0.9375,
        0.94375,
        0.95,
        0.95625,
        0.9625,
        0.96875,
        0.971875,
        0.975,
        0.978125,
        0.98125,
        0.984375,
        0.985938,
        0.9875,
        0.989062,
        0.990625,
        0.992188,
        0.992969,
        0.99375,
        0.994531,
        0.995313,
        0.996094,
        0.996484,
        0.996875,
        0.997266,
        0.997656,
        0.998047,
        0.998242,
        0.998437,
        0.998633,
        0.998828,
        0.999023,
        0.999121,
        0.999219,
        0.999316,
        0.999414,
        0.999512,
        0.999561,
        0.999609,
        0.999658,
        0.999707,
        0.999756,
        0.99978,
        0.999805,
        0.999829,
        0.999854,
        0.999878,
        0.99989,
        0.999902,
        0.999915,
        0.999927,
        0.999939,
        0.999945,
        0.999951,
        0.999957,
        1.0
      ]
    },
    {
      "Values": [
        415,
        801,
        825,
        844,
        858,
        875,
        884,
        894,
        901,
        906,
        912,
        917,
        923,
        930,
        940,
        955,
        959,
        963,
        967,
        974,
        988,
        1002,
        1028,
        1061,
        1118,
        1188,
        1233,
        1288,
        1331,
        1374,
        1412,
        1430,
        1447,
        1467,
        1497,
        1528,
        1539,
        1554,
        1587,
        1622,
        1660,
        1674,
        1692,
        1733,
        1768,
        1782,
        1793,
        1810,
        1850,
        1883,
        1949,
        1967,
        1983,
        1995,
        2004,
        2051,
        2063,
        2069,
        2075,
        2095,
        2101,
        2103,
        2103,
        2135,
        2135,
        2255,
        2255,
        2255,
        2283,
        2283,
        2283,
        2283,
        2283,
        2503,
        2503
      ],
      "Percentiles": [
        0.0,
        0.1,
        0.2,
        0.3,
        0.4,
        0.5,
        0.55,
        0.6,
        0.65,
        0.7,
        0.75,
        0.775,
        0.8,
        0.825,
        0.85,
        0.875,
        0.8875,
        0.9,
        0.9125,
        0.925,
        0.9375,
        0.94375,
        0.95,
        0.95625,
        0.9625,
        0.96875,
        0.971875,
        0.975,
        0.978125,
        0.98125,
        0.984375,
        0.985938,
        0.9875,
        0.989062,
        0.990625,
        0.992188,
        0.992969,
        0.99375,
        0.994531,
        0.995313,
        0.996094,
        0.996484,
        0.996875,
        0.997266,
        0.997656,
        0.998047,
        0.998242,
        0.998437,
        0.998633,
        0.998828,
        0.999023,
        0.999121,
        0.999219,
        0.999316,
        0.999414,
        0.999512,
        0.999561,
        0.999609,
        0.999658,
        0.999707,
        0.999756,
        0.99978,
        0.999805,
        0.999829,
        0.999854,
        0.999878,
        0.99989,
        0.999902,
        0.999915,
        0.999927,
        0.999939,
        0.999945,
        0.999951,
        0.999957,
        1.0
      ]
    }
  ],