{
  "latency-quic-lat": [
    {
      "Values": [
        52,
        64,
        64,
        65,
        66,
        67,
        67,
        67,
        67,
        67,
        68,
        68,
        68,
        69,
        69,
        69,
        70,
        70,
        70,
        70,
        70,
        71,
        71,
        71,
        72,
        72,
        72,
        73,
        74,
        76,
        79,
        83,
        86,
        89,
        93,
        99,
        105,
        112,
        124,
        148,
        237,
        248,
        256,
        263,
        270,
        277,
        280,
        284,
        286,
        290,
        293,
        295,
        298,
        299,
        301,
        302,
        304,
        305,
        306,
        307,
        313,
        315,
        317,
        320,
        324,
        334,
        338,
        340,
        354,
        355,
        366,
        371,
        371,
        374,
        379,
        384,
        399,
        399,
        410,
        420,
        428,
        481,
        481,
        481,
        630,
        630,
        657,
        657,
        657,
        657,
        657,
        3747,
        3747
      ],
      "Percentiles": [
        0.0,
        0.1,
        0.2,
        0.3,
        0.4,
        0.5,
        0.55,
        0.6,
        0.65,
        0.7,
        0.75,
        0.775,
        0.8,
        0.825,
        0.85,
        0.875,
        0.8875,
        0.9,
        0.9125,
        0.925,
        0.9375,
        0.94375,
        0.95,
        0.95625,
        0.9625,
        0.96875,
        0.971875,
        0.975,
        0.978125,
        0.98125,
        0.984375,
        0.985938,
        0.9875,
        0.989062,
        0.990625,
        0.992188,
        0.992969,
        0.99375,
        0.994531,
        0.995313,
        0.996094,
        0.996484,
        0.996875,
        0.997266,
        0.997656,
        0.998047,
        0.998242,
        0.998437,
        0.998633,
        0.998828,
        0.999023,
        0.999121,
        0.999219,
        0.999316,
        0.999414,
        0.999512,
        0.999561,
        0.999609,
        0.999658,
        0.999707,
        0.999756,
        0.99978,
        0.999805,
        0.999829,
        0.999854,
        0.999878,
        0.99989,
        0.999902,
        0.999915,
        0.999927,
        0.999939,
        0.999945,
        0.999951,
        0.999957,
        0.999963,
        0.999969,
        0.999973,
        0.999976,
        0.999979,
        0.999982,
        0.999985,
        0.999986,
        0.999988,
        0.999989,
        0.999991,
        0.999992,
        0.999993,
        0.999994,
        0.999995,
        0.999995,
        0.999996,
        0.999997,
        1.0
      ]
    },
    {
      "Values": [
        56,
        64,
        65,
        67,
        67,
        68,
        68,
        69,
        69,
        70,
        70,
        70,
        70,
        71,
        71,
        72,
        72,
        72,
        72,
        73,
        73,
        73,
        73,
        74,
        74,
        74,
        75,
        75,
        76,
        78,
        81,
        84,
        87,
        90,
        94,
        99,
        102,
        108,
        116,
        131,
        191,
        244,
        256,
        264,
        271,
        279,
        282,
        286,
        289,
        294,
        297,
        299,
        301,
        304,
        306,
        310,
        312,
        314,
        315,
        316,
        319,
        321,
        324,
        331,
        341,
        358,
        361,
        371,
        391,
        413,
        436,
        452,
        464,
        476,
        535,
        581,
        626,
        655,
        655,
        660,
        721,
        963,
        963,
        963,
        1548,
        1548,
        2887,
        2887,
        2887,
        2887,
        2887,
        3063,
        3063
      ],
      "Percentiles": [
        0.0,
        0.1,
        0.2,
        0.3,
        0.4,
        0.5,
        0.55,
        0.6,
        0.65,
        0.7,
        0.75,
        0.775,
        0.8,
        0.825,
        0.85,
        0.875,
        0.8875,
        0.9,
        0.9125,
        0.925,
        0.9375,
        0.94375,
        0.95,
        0.95625,
        0.9625,
        0.96875,
        0.971875,
        0.975,
        0.978125,
        0.98125,
        0.984375,
        0.985938,
        0.9875,
        0.989062,
        0.990625,
        0.992188,
        0.992969,
        0.99375,
        0.994531,
        0.995313,
        0.996094,
        0.996484,
        0.996875,
        0.997266,
        0.997656,
        0.998047,
        0.998242,
        0.998437,
        0.998633,
        0.998828,
        0.999023,
        0.999121,
        0.999219,
        0.999316,
        0.999414,
        0.999512,
        0.999561,
        0.999609,
        0.999658,
        0.999707,
        0.999756,
        0.99978,
        0.999805,
        0.999829,
        0.999854,
        0.999878,
        0.99989,
        0.999902,
        0.999915,
        0.999927,
        0.999939,
        0.999945,
        0.999951,
        0.999957,
        0.999963,
        0.999969,
        0.999973,
        0.999976,
        0.999979,
        0.999982,
        0.999985,
        0.999986,
        0.999988,
        0.999989,
        0.999991,
        0.999992,
        0.999993,
        0.999994,
        0.999995,
        0.999995,
        0.999996,
        0.999997,
        1.0
      ]
    },
    {
      "Values": [
        54,
        67,
        68,
        68,
        69,
        69,
        70,
        70,
        70,
        70,
        71,
        71,
        71,
        72,
        72,
        72,
        72,
        73,
        73,
        73,
        73,
        74,
        74,
        74,
        75,
        75,
        75,
        76,
        77,
        79,
        81,
        83,
        86,
        89,
        92,
        97,
        101,
        105,
        113,
        124,
        160,
        234,
        249,
        260,
        270,
        279,
        282,
        285,
        289,
        293,
        297,
        299,
        302,
        303,
        305,
        308,
        309,
        311,
        313,
        315,
        317,
        318,
        319,
        322,
        325,
        330,
        333,
        335,
        341,
        352,
        356,
        359,
        366,
        370,
        381,
        396,
        403,
        406,
        407,
        407,
        424,
        434,
        434,
        643,
        643,
        643,
        740,
        740,
        740,
        740,
        740,
        5011,
        5011
      ],