{
  "tput-down-quic": [
    "4431323",
    "4729014",
    "4736464"
  ],
  "commit": "76d315000a9f20559e5e48f183a3ff4e6cd10f65",
  "rps-up-512-down-4000-quic-lat": [
    {
      "Values": [
        90,
        106,
        107,
        108,
        109,
        110,
        111,
        112,
        113,
        114,
        116,
        117,
        119,
        120,
        122,
        123,
        124,
        125,
        126,
        127,
        128,
        129,
        130,
        130,
        131,
        133,
        134,
        136,
        139,
        144,
        149,
        152,
        155,
        161,
        173,
        191,
        202,
        213,
        228,
        244,
        261,
        270,
        280,
        291,
        303,
        316,
        322,
        327,
        335,
        344,
        357,
        364,
        374,
        389,
        406,
        422,
        433,
        444,
        457,
        498,
        564,
        577,
        696,
        798,
        885,
        1127,
        1263,
        1378,
        1449,
        1454,
        1675,
        1932,
        2017,
        2629,
        2665,
        2687,
        2947,
        2947,
        3345,
        3345,
        3547,
        3547,
        3547,
        4231,
        4231,
        4231,
        4231,
        4231,
        4479,
        4479
      ],
      "Percentiles": [
        0.0,
        0.1,
        0.2,
        0.3,
        0.4,
        0.5,
        0.55,
        0.6,
        0.65,
        0.7,
        0.75,
        0.775,
        0.8,
        0.825,
        0.85,
        0.875,
        0.8875,
        0.9,
        0.9125,
        0.925,
        0.9375,
        0.94375,
        0.95,
        0.95625,
        0.9625,
        0.96875,
        0.971875,
        0.975,
        0.978125,
        0.98125,
        0.984375,
        0.985938,
        0.9875,
        0.989062,
        0.990625,
        0.992188,
        0.992969,
        0.99375,
        0.994531,
        0.995313,
        0.996094,
        0.996484,
        0.996875,
        0.997266,
        0.997656,
        0.998047,
        0.998242,
        0.998437,
        0.998633,
        0.998828,
        0.999023,
        0.999121,
        0.999219,
        0.999316,
        0.999414,
        0.999512,
        0.999561,
        0.999609,
        0.999658,
        0.999707,
        0.999756,
        0.99978,
        0.999805,
        0.999829,
        0.999854,
        0.999878,
        0.99989,
        0.999902,
        0.999915,
        0.999927,
        0.999939,
        0.999945,
        0.999951,
        0.999957,
        0.999963,
        0.999969,
        0.999973,
        0.999976,
        0.999979,
        0.999982,
        0.999985,
        0.999986,
        0.999988,
        0.999989,
        0.999991,
        0.999992,
        0.999993,
        0.999994,
        0.999995,
        1.0
      ]
    },
    {
      "Values": [
        89,
        105,
        107,
        108,
        110,
        112,
        114,
        116,
        118,
        120,
        122,
        124,
        125,
        126,
        127,
        129,
        129,
        130,
        130,
        131,
        133,
        134,
        135,
        135,
        136,
        138,
        139,
        140,
        142,
        144,
        147,
        149,
        154,
        161,
        171,
        187,
        199,
        213,
        228,
        246,
        266,
        277,
        289,
        299,
        312,
        326,
        333,
        340,
        349,
        360,
        372,
        380,
        390,
        406,
        427,
        459,
        481,
        490,
        545,
        632,
        690,
        724,
        781,
        811,
        948,
        1179,
        1287,
        1359,
        1396,
        1473,
        1569,
        1663,
        2281,
        2405,
        2643,
        2901,
        3651,
        3651,
        4003,
        4003,
        4069,
        4069,
        4069,
        4163,
        4163,
        4163,
        4163,
        4163,
        4247,
        4247
      ],
      "Percentiles": [
        0.0,
        0.1,
        0.2,
        0.3,
        0.4,
        0.5,
        0.55,
        0.6,
        0.65,
        0.7,
        0.75,
        0.775,
        0.8,
        0.825,
        0.85,
        0.875,
        0.8875,
        0.9,
        0.9125,
        0.925,
        0.9375,
        0.94375,
        0.95,
        0.95625,
        0.9625,
        0.96875,
        0.971875,
        0.975,
        0.978125,
        0.98125,
        0.984375,
        0.985938,
        0.9875,
        0.989062,
        0.990625,
        0.992188,
        0.992969,
        0.99375,
        0.994531,
        0.995313,
        0.996094,
        0.996484,
        0.996875,
        0.997266,
        0.997656,
        0.998047,
        0.998242,
        0.998437,
        0.998633,
        0.998828,
        0.999023,
        0.999121,
        0.999219,
        0.999316,
        0.999414,
        0.999512,
        0.999561,
        0.999609,
        0.999658,
        0.999707,
        0.999756,
        0.99978,
        0.999805,
        0.999829,
        0.999854,
        0.999878,
        0.99989,
        0.999902,
        0.999915,
        0.999927,
        0.999939,
        0.999945,
        0.999951,
        0.999957,
        0.999963,
        0.999969,
        0.999973,
        0.999976,
        0.999979,
        0.999982,
        0.999985,
        0.999986,
        0.999988,
        0.999989,
        0.999991,
        0.999992,
        0.999993,
        0.999994,
        0.999995,
        1.0
      ]
    },
    {
      "Values": [
        87,
        100,
        102,
        118,
        121,
        121,
        122,
        122,
        122,
        122,
        123,
        123,
        123,
        123,
        123,
        124,
        124,
        124,
        125,
        126,
        127,
        128,
        131,
        135,
        139,
        140,
        141,
        142,
        143,
        146,
        152,
        154,
        164,
        178,
        196,
        215,
        226,
        236,
        248,
        260,
        275,
        284,
        295,
        306,
        316,
        328,
        335,
        345,
        354,
        363,
        380,
        393,
        411,
        426,
        460,
        486,
        495,
        517,
        525,
        539,
        555,
        559,
        570,
        576,
        610,
        660,
        766,
        908,
        972,
        1129,
        1400,
        1446,
        1460,
        1465,
        1897,
        2143,
        2649,
        2649,
        2653,
        2653,
        2659,
        2659,
        2659,
        2695,
        2695,
        2695,
        2695,
        2695,
        3327,
        3327
      ],