{
  "rps-up-512-down-4000-quic": [
    "52",
    "65",
    "70",
    "88",
    "308",
    "1010",
    "2530",
    "4939",
    "14734",
    "51",
    "65",
    "68",
    "85",
    "299",
    "566",
    "2665",
    "5717",
    "14920",
    "49",
    "64",
    "68",
    "92",
    "316",
    "1213",
    "2482",
    "5035",
    "15038"
  ],
  "tput-up-quic": [
    "7269734",
    "7549416",
    "7149940"
  ],
  "commit": "c68abdff54692ad99f939fc3d613cebae4fe6bf1",
  "rps-up-512-down-4000-quic-lat": [
    {
      "Values": [
        52,
        61,
        63,
        64,
        65,
        65,
        66,
        66,
        67,
        67,
        68,
        68,
        68,
        69,
        69,
        70,
        70,
        70,
        70,
        71,
        71,
        71,
        71,
        72,
        73,
        74,
        76,
        78,
        78,
        79,
        80,
        81,
        82,
        86,
        90,
        93,
        96,
        99,
        105,
        125,
        224,
        249,
        263,
        271,
        279,
        288,
        292,
        295,
        299,
        303,
        308,
        311,
        315,
        320,
        334,
        360,
        386,
        439,
        481,
        523,
        581,
        608,
        652,
        745,
        829,
        942,
        970,
        1026,
        1129,
        1166,
        1293,
        1296,
        1312,
        1317,
        1319,
        1337,
        1337,
        1351,
        1434,
        1540,
        1581,
        1581,
        1785,
        1785,
        2531,
        2531,
        2531,
        2661,
        2661,
        2661,
        2661,
        2661,
        4939,
        4939
      ],
      "Percentiles": [
        0.0,
        0.1,
        0.2,
        0.3,
        0.4,
        0.5,
        0.55,
        0.6,
        0.65,
        0.7,
        0.75,
        0.775,
        0.8,
        0.825,
        0.85,
        0.875,
        0.8875,
        0.9,
        0.9125,
        0.925,
        0.9375,
        0.94375,
        0.95,
        0.95625,
        0.9625,
        0.96875,
        0.971875,
        0.975,
        0.978125,
        0.98125,
        0.984375,
        0.985938,
        0.9875,
        0.989062,
        0.990625,
        0.992188,
        0.992969,
        0.99375,
        0.994531,
        0.995313,
        0.996094,
        0.996484,
        0.996875,
        0.997266,
        0.997656,
        0.998047,
        0.998242,
        0.998437,
        0.998633,
        0.998828,
        0.999023,
        0.999121,
        0.999219,
        0.999316,
        0.999414,
        0.999512,
        0.999561,
        0.999609,
        0.999658,
        0.999707,
        0.999756,
        0.99978,
        0.999805,
        0.999829,
        0.999854,
        0.999878,
        0.99989,
        0.999902,
        0.999915,
        0.999927,
        0.999939,
        0.999945,
        0.999951,
        0.999957,
        0.999963,
        0.999969,
        0.999973,
        0.999976,
        0.999979,
        0.999982,
        0.999985,
        0.999986,
        0.999988,
        0.999989,
        0.999991,
        0.999992,
        0.999993,
        0.999994,
        0.999995,
        0.999995,
        0.999996,
        0.999997,
        0.999997,
        1.0
      ]
    },
    {
      "Values": [
        51,
        62,
        63,
        63,
        64,
        65,
        65,
        65,
        65,
        66,
        67,
        67,
        67,
        68,
        68,
        68,
        68,
        68,
        68,
        69,
        69,
        69,
        70,
        70,
        70,
        71,
        71,
        71,
        72,
        72,
        74,
        75,
        77,
        81,
        88,
        92,
        94,
        96,
        101,
        120,
        159,
        235,
        250,
        260,
        270,
        278,
        282,
        286,
        291,
        295,
        299,
        302,
        304,
        306,
        310,
        315,
        318,
        324,
        342,
        363,
        419,
        438,
        448,
        460,
        486,
        523,
        555,
        566,
        578,
        631,
        949,
        988,
        1094,
        1505,
        2455,
        2543,
        2549,
        2573,
        2579,
        2585,
        2591,
        2591,
        2631,
        2631,
        2665,
        2665,
        2665,
        3975,
        3975,
        3975,
        3975,
        3975,
        5719,
        5719
      ],
      "Percentiles": [
        0.0,
        0.1,
        0.2,
        0.3,
        0.4,
        0.5,
        0.55,
        0.6,
        0.65,
        0.7,
        0.75,
        0.775,
        0.8,
        0.825,
        0.85,
        0.875,
        0.8875,
        0.9,
        0.9125,
        0.925,
        0.9375,
        0.94375,
        0.95,
        0.95625,
        0.9625,
        0.96875,
        0.971875,
        0.975,
        0.978125,
        0.98125,
        0.984375,
        0.985938,
        0.9875,
        0.989062,
        0.990625,
        0.992188,
        0.992969,
        0.99375,
        0.994531,
        0.995313,
        0.996094,
        0.996484,
        0.996875,
        0.997266,
        0.997656,
        0.998047,
        0.998242,
        0.998437,
        0.998633,
        0.998828,
        0.999023,
        0.999121,
        0.999219,
        0.999316,
        0.999414,
        0.999512,
        0.999561,
        0.999609,
        0.999658,
        0.999707,
        0.999756,
        0.99978,
        0.999805,
        0.999829,
        0.999854,
        0.999878,
        0.99989,
        0.999902,
        0.999915,
        0.999927,
        0.999939,
        0.999945,
        0.999951,
        0.999957,
        0.999963,
        0.999969,
        0.999973,
        0.999976,
        0.999979,
        0.999982,
        0.999985,
        0.999986,
        0.999988,
        0.999989,
        0.999991,
        0.999992,
        0.999993,
        0.999994,
        0.999995,
        0.999995,
        0.999996,
        0.999997,
        0.999997,
        1.0
      ]
    },
    {
      "Values": [
        49,
        59,
        62,
        62,
        63,
        64,
        64,
        64,
        65,
        66,
        67,
        67,
        67,
        67,
        67,
        68,
        68,
        68,
        68,
        69,
        69,
        69,
        70,
        70,
        70,
        71,
        72,
        73,
        75,
        76,
        78,
        81,
        86,
        90,
        93,
        100,
        111,
        128,
        149,
        201,
        251,
        261,
        269,
        275,
        284,
        291,
        295,
        300,
        304,
        309,
        318,
        334,
        356,
        383,
        424,
        456,
        489,
        508,
        528,
        544,
        571,
        584,
        690,
        883,
        1024,
        1176,
        1194,
        1216,
        1281,
        1301,
        1321,
        1332,
        1343,
        1359,
        1440,
        1490,
        1633,
        1644,
        1698,
        1896,
        2006,
        2006,
        2483,
        2483,
        2901,
        2901,
        2901,
        3799,
        3799,
        3799,
        3799,
        3799,
        5035,
        5035
      ],