{
  "rps-multi-quic": [
    "6954",
    "302944",
    "371642",
    "890021",
    "1654683",
    "2139971",
    "2436792",
    "2580709",
    "420025",
    "9672",
    "294200",
    "392605",
    "1179728",
    "2040498",
    "2644065",
    "3358441",
    "3556635",
    "411166",
    "50801",
    "303896",
    "361018",
    "925968",
    "1382347",
    "1548118",
    "1764292",
    "1969985",
    "425533"
  ],
  "hps-quic": [
    "3483",
    "3510",
    "3517"
  ],
  "latency-quic-lat": [
    {
      "Values": [
        52,
        62,
        63,
        63,
        63,
        64,
        64,
        64,
        64,
        65,
        65,
        65,
        66,
        66,
        66,
        67,
        67,
        67,
        67,
        67,
        68,
        68,
        68,
        68,
        69,
        69,
        69,
        70,
        70,
        70,
        71,
        71,
        72,
        73,
        75,
        82,
        90,
        98,
        109,
        127,
        174,
        236,
        247,
        256,
        263,
        269,
        272,
        275,
        279,
        282,
        287,
        288,
        290,
        292,
        295,
        297,
        298,
        300,
        301,
        303,
        305,
        307,
        309,
        311,
        316,
        326,
        329,
        332,
        335,
        346,
        363,
        374,
        378,
        387,
        394,
        407,
        412,
        425,
        450,
        454,
        478,
        478,
        695,
        695,
        855,
        855,
        855,
        1055,
        1055,
        1055,
        1055,
        1055,
        2939,
        2939
      ],
      "Percentiles": [
        0.0,
        0.1,
        0.2,
        0.3,
        0.4,
        0.5,
        0.55,
        0.6,
        0.65,
        0.7,
        0.75,
        0.775,
        0.8,
        0.825,
        0.85,
        0.875,
        0.8875,
        0.9,
        0.9125,
        0.925,
        0.9375,
        0.94375,
        0.95,
        0.95625,
        0.9625,
        0.96875,
        0.971875,
        0.975,
        0.978125,
        0.98125,
        0.984375,
        0.985938,
        0.9875,
        0.989062,
        0.990625,
        0.992188,
        0.992969,
        0.99375,
        0.994531,
        0.995313,
        0.996094,
        0.996484,
        0.996875,
        0.997266,
        0.997656,
        0.998047,
        0.998242,
        0.998437,
        0.998633,
        0.998828,
        0.999023,
        0.999121,
        0.999219,
        0.999316,
        0.999414,
        0.999512,
        0.999561,
        0.999609,
        0.999658,
        0.999707,
        0.999756,
        0.99978,
        0.999805,
        0.999829,
        0.999854,
        0.999878,
        0.99989,
        0.999902,
        0.999915,
        0.999927,
        0.999939,
        0.999945,
        0.999951,
        0.999957,
        0.999963,
        0.999969,
        0.999973,
        0.999976,
        0.999979,
        0.999982,
        0.999985,
        0.999986,
        0.999988,
        0.999989,
        0.999991,
        0.999992,
        0.999993,
        0.999994,
        0.999995,
        0.999995,
        0.999996,
        0.999997,
        0.999997,
        1.0
      ]
    },
    {
      "Values": [
        49,
        62,
        63,
        63,
        63,
        63,
        64,
        64,
        64,
        64,
        64,
        65,
        65,
        65,
        66,
        66,
        66,
        66,
        66,
        67,
        67,
        67,
        67,
        68,
        68,
        68,
        68,
        69,
        69,
        69,
        70,
        71,
        72,
        73,
        75,
        83,
        91,
        99,
        113,
        133,
        217,
        239,
        249,
        257,
        264,
        270,
        272,
        275,
        279,
        282,
        286,
        288,
        290,
        292,
        294,
        296,
        297,
        298,
        299,
        300,
        302,
        303,
        305,
        308,
        308,
        316,
        320,
        328,
        343,
        347,
        358,
        361,
        364,
        368,
        368,
        410,
        416,
        421,
        441,
        459,
        502,
        502,
        542,
        542,
        667,
        667,
        667,
        1161,
        1161,
        1161,
        1161,
        1161,
        3885,
        3885
      ],
      "Percentiles": [
        0.0,
        0.1,
        0.2,
        0.3,
        0.4,
        0.5,
        0.55,
        0.6,
        0.65,
        0.7,
        0.75,
        0.775,
        0.8,
        0.825,
        0.85,
        0.875,
        0.8875,
        0.9,
        0.9125,
        0.925,
        0.9375,
        0.94375,
        0.95,
        0.95625,
        0.9625,
        0.96875,
        0.971875,
        0.975,
        0.978125,
        0.98125,
        0.984375,
        0.985938,
        0.9875,
        0.989062,
        0.990625,
        0.992188,
        0.992969,
        0.99375,
        0.994531,
        0.995313,
        0.996094,
        0.996484,
        0.996875,
        0.997266,
        0.997656,
        0.998047,
        0.998242,
        0.998437,
        0.998633,
        0.998828,
        0.999023,
        0.999121,
        0.999219,
        0.999316,
        0.999414,
        0.999512,
        0.999561,
        0.999609,
        0.999658,
        0.999707,
        0.999756,
        0.99978,
        0.999805,
        0.999829,
        0.999854,
        0.999878,
        0.99989,
        0.999902,
        0.999915,
        0.999927,
        0.999939,
        0.999945,
        0.999951,
        0.999957,
        0.999963,
        0.999969,
        0.999973,
        0.999976,
        0.999979,
        0.999982,
        0.999985,
        0.999986,
        0.999988,
        0.999989,
        0.999991,
        0.999992,
        0.999993,
        0.999994,
        0.999995,
        0.999995,
        0.999996,
        0.999997,
        0.999997,
        1.0
      ]
    },
    {
      "Values": [
        53,
        64,
        65,
        66,
        66,
        66,
        66,
        67,
        67,
        67,
        68,
        68,
        68,
        69,
        69,
        69,
        69,
        70,
        70,
        70,
        70,
        70,
        71,
        71,
        71,
        72,
        72,
        72,
        73,
        73,
        73,
        73,
        74,
        75,
        77,
        84,
        92,
        100,
        111,
        130,
        190,
        236,
        246,
        254,
        262,
        269,
        273,
        277,
        281,
        284,
        289,
        291,
        293,
        295,
        297,
        299,
        301,
        303,
        306,
        308,
        311,
        313,
        317,
        319,
        320,
        329,
        332,
        339,
        345,
        359,
        371,
        378,
        380,
        388,
        393,
        411,
        417,
        417,
        463,
        465,
        472,
        477,
        477,
        477,
        482,
        482,
        532,
        532,
        532,
        532,
        532,
        689,
        689
      ],