{
  "rps-up-512-down-4000-quic-lat": [
    {
      "Values": [
        92,
        102,
        105,
        108,
        110,
        111,
        111,
        112,
        112,
        113,
        114,
        115,
        117,
        119,
        121,
        123,
        124,
        124,
        125,
        127,
        129,
        130,
        132,
        133,
        134,
        135,
        135,
        136,
        136,
        138,
        141,
        142,
        144,
        147,
        155,
        167,
        175,
        184,
        194,
        208,
        221,
        228,
        237,
        250,
        265,
        280,
        289,
        297,
        306,
        315,
        327,
        332,
        338,
        345,
        350,
        355,
        362,
        368,
        375,
        388,
        402,
        417,
        420,
        432,
        435,
        450,
        452,
        454,
        459,
        465,
        473,
        487,
        494,
        496,
        512,
        514,
        533,
        533,
        541,
        541,
        549,
        549,
        549,
        731,
        731,
        731,
        731,
        731,
        827,
        827
      ],
      "Percentiles": [
        0.0,
        0.1,
        0.2,
        0.3,
        0.4,
        0.5,
        0.55,
        0.6,
        0.65,
        0.7,
        0.75,
        0.775,
        0.8,
        0.825,
        0.85,
        0.875,
        0.8875,
        0.9,
        0.9125,
        0.925,
        0.9375,
        0.94375,
        0.95,
        0.95625,
        0.9625,
        0.96875,
        0.971875,
        0.975,
        0.978125,
        0.98125,
        0.984375,
        0.985938,
        0.9875,
        0.989062,
        0.990625,
        0.992188,
        0.992969,
        0.99375,
        0.994531,
        0.995313,
        0.996094,
        0.996484,
        0.996875,
        0.997266,
        0.997656,
        0.998047,
        0.998242,
        0.998437,
        0.998633,
        0.998828,
        0.999023,
        0.999121,
        0.999219,
        0.999316,
        0.999414,
        0.999512,
        0.999561,
        0.999609,
        0.999658,
        0.999707,
        0.999756,
        0.99978,
        0.999805,
        0.999829,
        0.999854,
        0.999878,
        0.99989,
        0.999902,
        0.999915,
        0.999927,
        0.999939,
        0.999945,
        0.999951,
        0.999957,
        0.999963,
        0.999969,
        0.999973,
        0.999976,
        0.999979,
        0.999982,
        0.999985,
        0.999986,
        0.999988,
        0.999989,
        0.999991,
        0.999992,
        0.999993,
        0.999994,
        0.999995,
        1.0
      ]
    },
    {
      "Values": [
        91,
        98,
        104,
        106,
        107,
        108,
        108,
        108,
        109,
        109,
        110,
        111,
        112,
        114,
        118,
        119,
        120,
        120,
        121,
        122,
        124,
        125,
        126,
        127,
        127,
        128,
        129,
        130,
        130,
        132,
        133,
        134,
        136,
        142,
        152,
        165,
        173,
        181,
        191,
        204,
        218,
        227,
        235,
        248,
        259,
        272,
        280,
        289,
        298,
        306,
        317,
        323,
        330,
        335,
        339,
        347,
        350,
        359,
        364,
        372,
        382,
        388,
        398,
        420,
        430,
        444,
        453,
        460,
        488,
        512,
        517,
        593,
        601,
        632,
        649,
        655,
        669,
        669,
        672,
        672,
        741,
        741,
        741,
        974,
        974,
        974,
        974,
        974,
        985,
        985
      ],
      "Percentiles": [
        0.0,
        0.1,
        0.2,
        0.3,
        0.4,
        0.5,
        0.55,
        0.6,
        0.65,
        0.7,
        0.75,
        0.775,
        0.8,
        0.825,
        0.85,
        0.875,
        0.8875,
        0.9,
        0.9125,
        0.925,
        0.9375,
        0.94375,
        0.95,
        0.95625,
        0.9625,
        0.96875,
        0.971875,
        0.975,
        0.978125,
        0.98125,
        0.984375,
        0.985938,
        0.9875,
        0.989062,
        0.990625,
        0.992188,
        0.992969,
        0.99375,
        0.994531,
        0.995313,
        0.996094,
        0.996484,
        0.996875,
        0.997266,
        0.997656,
        0.998047,
        0.998242,
        0.998437,
        0.998633,
        0.998828,
        0.999023,
        0.999121,
        0.999219,
        0.999316,
        0.999414,
        0.999512,
        0.999561,
        0.999609,
        0.999658,
        0.999707,
        0.999756,
        0.99978,
        0.999805,
        0.999829,
        0.999854,
        0.999878,
        0.99989,
        0.999902,
        0.999915,
        0.999927,
        0.999939,
        0.999945,
        0.999951,
        0.999957,
        0.999963,
        0.999969,
        0.999973,
        0.999976,
        0.999979,
        0.999982,
        0.999985,
        0.999986,
        0.999988,
        0.999989,
        0.999991,
        0.999992,
        0.999993,
        0.999994,
        0.999995,
        1.0
      ]
    },
    {
      "Values": [
        91,
        102,
        103,
        103,
        104,
        104,
        105,
        105,
        106,
        111,
        113,
        114,
        119,
        124,
        125,
        125,
        125,
        126,
        126,
        126,
        127,
        127,
        127,
        127,
        128,
        128,
        129,
        129,
        130,
        133,
        139,
        143,
        149,
        159,
        173,
        192,
        204,
        215,
        227,
        241,
        256,
        264,
        273,
        283,
        293,
        303,
        308,
        311,
        317,
        321,
        328,
        331,
        337,
        341,
        348,
        359,
        362,
        368,
        372,
        382,
        395,
        401,
        413,
        422,
        428,
        437,
        445,
        459,
        470,
        478,
        495,
        503,
        546,
        615,
        636,
        658,
        695,
        695,
        766,
        766,
        2551,
        2551,
        2551,
        3175,
        3175,
        3175,
        3175,
        3175,
        3201,
        3201
      ],