{
  "download-quic": [
    "6840763",
    "6601717",
    "6614215"
  ],
  "latency-quic": [
    "54",
    "67",
    "70",
    "81",
    "294",
    "351",
    "557",
    "3410",
    "14236",
    "51",
    "64",
    "68",
    "76",
    "287",
    "336",
    "465",
    "635",
    "14949",
    "54",
    "64",
    "67",
    "75",
    "287",
    "341",
    "517",
    "636",
    "14965"
  ],
  "latency-quic-lat": [
    {
      "Values": [
        54,
        66,
        67,
        67,
        67,
        67,
        68,
        68,
        69,
        69,
        69,
        69,
        69,
        70,
        70,
        70,
        70,
        70,
        71,
        71,
        72,
        72,
        72,
        72,
        73,
        73,
        73,
        73,
        74,
        74,
        75,
        75,
        76,
        78,
        86,
        102,
        113,
        123,
        134,
        151,
        236,
        248,
        256,
        263,
        270,
        277,
        280,
        283,
        287,
        291,
        295,
        297,
        299,
        300,
        303,
        305,
        307,
        308,
        310,
        311,
        314,
        317,
        319,
        324,
        330,
        339,
        347,
        351,
        352,
        357,
        359,
        363,
        371,
        371,
        382,
        389,
        398,
        427,
        427,
        428,
        441,
        468,
        468,
        468,
        557,
        557,
        688,
        688,
        688,
        688,
        688,
        3411,
        3411
      ],
      "Percentiles": [
        0.0,
        0.1,
        0.2,
        0.3,
        0.4,
        0.5,
        0.55,
        0.6,
        0.65,
        0.7,
        0.75,
        0.775,
        0.8,
        0.825,
        0.85,
        0.875,
        0.8875,
        0.9,
        0.9125,
        0.925,
        0.9375,
        0.94375,
        0.95,
        0.95625,
        0.9625,
        0.96875,
        0.971875,
        0.975,
        0.978125,
        0.98125,
        0.984375,
        0.985938,
        0.9875,
        0.989062,
        0.990625,
        0.992188,
        0.992969,
        0.99375,
        0.994531,
        0.995313,
        0.996094,
        0.996484,
        0.996875,
        0.997266,
        0.997656,
        0.998047,
        0.998242,
        0.998437,
        0.998633,
        0.998828,
        0.999023,
        0.999121,
        0.999219,
        0.999316,
        0.999414,
        0.999512,
        0.999561,
        0.999609,
        0.999658,
        0.999707,
        0.999756,
        0.99978,
        0.999805,
        0.999829,
        0.999854,
        0.999878,
        0.99989,
        0.999902,
        0.999915,
        0.999927,
        0.999939,
        0.999945,
        0.999951,
        0.999957,
        0.999963,
        0.999969,
        0.999973,
        0.999976,
        0.999979,
        0.999982,
        0.999985,
        0.999986,
        0.999988,
        0.999989,
        0.999991,
        0.999992,
        0.999993,
        0.999994,
        0.999995,
        0.999995,
        0.999996,
        0.999997,
        1.0
      ]
    },
    {
      "Values": [
        51,
        63,
        63,
        63,
        64,
        64,
        64,
        65,
        65,
        65,
        66,
        66,
        66,
        67,
        67,
        67,
        67,
        68,
        68,
        68,
        69,
        69,
        69,
        69,
        70,
        70,
        70,
        70,
        71,
        71,
        72,
        73,
        73,
        75,
        78,
        95,
        103,
        115,
        125,
        141,
        223,
        239,
        249,
        256,
        262,
        269,
        273,
        277,
        280,
        283,
        287,
        288,
        290,
        292,
        294,
        296,
        297,
        299,
        300,
        303,
        306,
        308,
        310,
        311,
        315,
        326,
        330,
        336,
        339,
        343,
        346,
        350,
        355,
        363,
        369,
        370,
        376,
        377,
        407,
        412,
        425,
        425,
        464,
        464,
        465,
        465,
        465,
        567,
        567,
        567,
        567,
        567,
        635,
        635
      ],
      "Percentiles": [
        0.0,
        0.1,
        0.2,
        0.3,
        0.4,
        0.5,
        0.55,
        0.6,
        0.65,
        0.7,
        0.75,
        0.775,
        0.8,
        0.825,
        0.85,
        0.875,
        0.8875,
        0.9,
        0.9125,
        0.925,
        0.9375,
        0.94375,
        0.95,
        0.95625,
        0.9625,
        0.96875,
        0.971875,
        0.975,
        0.978125,
        0.98125,
        0.984375,
        0.985938,
        0.9875,
        0.989062,
        0.990625,
        0.992188,
        0.992969,
        0.99375,
        0.994531,
        0.995313,
        0.996094,
        0.996484,
        0.996875,
        0.997266,
        0.997656,
        0.998047,
        0.998242,
        0.998437,
        0.998633,
        0.998828,
        0.999023,
        0.999121,
        0.999219,
        0.999316,
        0.999414,
        0.999512,
        0.999561,
        0.999609,
        0.999658,
        0.999707,
        0.999756,
        0.99978,
        0.999805,
        0.999829,
        0.999854,
        0.999878,
        0.99989,
        0.999902,
        0.999915,
        0.999927,
        0.999939,
        0.999945,
        0.999951,
        0.999957,
        0.999963,
        0.999969,
        0.999973,
        0.999976,
        0.999979,
        0.999982,
        0.999985,
        0.999986,
        0.999988,
        0.999989,
        0.999991,
        0.999992,
        0.999993,
        0.999994,
        0.999995,
        0.999995,
        0.999996,
        0.999997,
        0.999997,
        1.0
      ]
    },
    {
      "Values": [
        54,
        63,
        64,
        64,
        64,
        64,
        64,
        64,
        65,
        65,
        66,
        66,
        66,
        66,
        67,
        67,
        67,
        67,
        68,
        68,
        68,
        68,
        69,
        69,
        69,
        70,
        70,
        70,
        70,
        71,
        72,
        72,
        73,
        74,
        77,
        91,
        99,
        111,
        122,
        134,
        181,
        235,
        248,
        255,
        262,
        269,
        273,
        277,
        281,
        284,
        287,
        289,
        291,
        292,
        295,
        297,
        298,
        300,
        302,
        304,
        307,
        309,
        310,
        313,
        318,
        324,
        333,
        341,
        347,
        360,
        367,
        369,
        385,
        420,
        435,
        437,
        440,
        441,
        447,
        494,
        504,
        504,
        510,
        510,
        517,
        517,
        517,
        549,
        549,
        549,
        549,
        549,
        636,
        636
      ],