{
  "latency-quic-lat": [
    {
      "Values": [
        55,
        66,
        66,
        67,
        68,
        68,
        68,
        69,
        69,
        69,
        70,
        70,
        70,
        70,
        70,
        71,
        71,
        71,
        71,
        72,
        72,
        72,
        73,
        73,
        73,
        73,
        74,
        74,
        74,
        75,
        76,
        76,
        78,
        80,
        87,
        97,
        104,
        113,
        122,
        132,
        152,
        178,
        237,
        254,
        263,
        272,
        278,
        282,
        287,
        290,
        293,
        295,
        298,
        300,
        303,
        305,
        306,
        309,
        312,
        316,
        321,
        323,
        331,
        335,
        340,
        348,
        351,
        353,
        355,
        362,
        380,
        386,
        394,
        397,
        427,
        436,
        457,
        461,
        461,
        467,
        470,
        486,
        486,
        486,
        539,
        539,
        667,
        667,
        667,
        667,
        667,
        821,
        821
      ],
      "Percentiles": [
        0.0,
        0.1,
        0.2,
        0.3,
        0.4,
        0.5,
        0.55,
        0.6,
        0.65,
        0.7,
        0.75,
        0.775,
        0.8,
        0.825,
        0.85,
        0.875,
        0.8875,
        0.9,
        0.9125,
        0.925,
        0.9375,
        0.94375,
        0.95,
        0.95625,
        0.9625,
        0.96875,
        0.971875,
        0.975,
        0.978125,
        0.98125,
        0.984375,
        0.985938,
        0.9875,
        0.989062,
        0.990625,
        0.992188,
        0.992969,
        0.99375,
        0.994531,
        0.995313,
        0.996094,
        0.996484,
        0.996875,
        0.997266,
        0.997656,
        0.998047,
        0.998242,
        0.998437,
        0.998633,
        0.998828,
        0.999023,
        0.999121,
        0.999219,
        0.999316,
        0.999414,
        0.999512,
        0.999561,
        0.999609,
        0.999658,
        0.999707,
        0.999756,
        0.99978,
        0.999805,
        0.999829,
        0.999854,
        0.999878,
        0.99989,
        0.999902,
        0.999915,
        0.999927,
        0.999939,
        0.999945,
        0.999951,
        0.999957,
        0.999963,
        0.999969,
        0.999973,
        0.999976,
        0.999979,
        0.999982,
        0.999985,
        0.999986,
        0.999988,
        0.999989,
        0.999991,
        0.999992,
        0.999993,
        0.999994,
        0.999995,
        0.999995,
        0.999996,
        0.999997,
        1.0
      ]
    },
    {
      "Values": [
        53,
        63,
        63,
        64,
        64,
        64,
        64,
        65,
        65,
        66,
        66,
        66,
        67,
        67,
        67,
        67,
        68,
        68,
        68,
        68,
        69,
        69,
        69,
        70,
        70,
        70,
        70,
        70,
        71,
        71,
        72,
        73,
        74,
        76,
        82,
        97,
        107,
        117,
        127,
        143,
        222,
        238,
        247,
        254,
        261,
        268,
        272,
        276,
        279,
        283,
        286,
        288,
        290,
        291,
        294,
        296,
        298,
        300,
        301,
        304,
        307,
        308,
        312,
        316,
        326,
        330,
        334,
        337,
        349,
        353,
        359,
        365,
        370,
        397,
        437,
        443,
        450,
        482,
        660,
        703,
        804,
        804,
        1053,
        1053,
        1066,
        1066,
        1066,
        1307,
        1307,
        1307,
        1307,
        1307,
        2891,
        2891
      ],
      "Percentiles": [
        0.0,
        0.1,
        0.2,
        0.3,
        0.4,
        0.5,
        0.55,
        0.6,
        0.65,
        0.7,
        0.75,
        0.775,
        0.8,
        0.825,
        0.85,
        0.875,
        0.8875,
        0.9,
        0.9125,
        0.925,
        0.9375,
        0.94375,
        0.95,
        0.95625,
        0.9625,
        0.96875,
        0.971875,
        0.975,
        0.978125,
        0.98125,
        0.984375,
        0.985938,
        0.9875,
        0.989062,
        0.990625,
        0.992188,
        0.992969,
        0.99375,
        0.994531,
        0.995313,
        0.996094,
        0.996484,
        0.996875,
        0.997266,
        0.997656,
        0.998047,
        0.998242,
        0.998437,
        0.998633,
        0.998828,
        0.999023,
        0.999121,
        0.999219,
        0.999316,
        0.999414,
        0.999512,
        0.999561,
        0.999609,
        0.999658,
        0.999707,
        0.999756,
        0.99978,
        0.999805,
        0.999829,
        0.999854,
        0.999878,
        0.99989,
        0.999902,
        0.999915,
        0.999927,
        0.999939,
        0.999945,
        0.999951,
        0.999957,
        0.999963,
        0.999969,
        0.999973,
        0.999976,
        0.999979,
        0.999982,
        0.999985,
        0.999986,
        0.999988,
        0.999989,
        0.999991,
        0.999992,
        0.999993,
        0.999994,
        0.999995,
        0.999995,
        0.999996,
        0.999997,
        0.999997,
        1.0
      ]
    },
    {
      "Values": [
        51,
        63,
        64,
        64,
        65,
        66,
        66,
        67,
        67,
        68,
        68,
        68,
        69,
        69,
        69,
        69,
        69,
        70,
        70,
        70,
        70,
        70,
        71,
        71,
        71,
        72,
        72,
        72,
        73,
        73,
        74,
        75,
        76,
        78,
        84,
        97,
        107,
        117,
        127,
        140,
        191,
        234,
        247,
        257,
        264,
        271,
        274,
        279,
        283,
        286,
        291,
        293,
        295,
        297,
        299,
        302,
        303,
        305,
        307,
        308,
        311,
        312,
        316,
        319,
        325,
        335,
        346,
        355,
        357,
        361,
        386,
        397,
        400,
        402,
        404,
        430,
        430,
        430,
        444,
        468,
        494,
        494,
        521,
        521,
        536,
        536,
        536,
        616,
        616,
        616,
        616,
        616,
        677,
        677
      ],