{
  "latency-quic-lat": [
    {
      "Values": [
        48,
        63,
        64,
        65,
        66,
        66,
        66,
        66,
        67,
        67,
        67,
        68,
        68,
        69,
        69,
        69,
        69,
        69,
        69,
        70,
        70,
        70,
        70,
        70,
        70,
        71,
        71,
        71,
        72,
        72,
        74,
        76,
        78,
        83,
        87,
        91,
        95,
        101,
        110,
        124,
        158,
        230,
        247,
        257,
        264,
        272,
        276,
        280,
        285,
        289,
        292,
        294,
        296,
        299,
        301,
        304,
        305,
        307,
        309,
        313,
        318,
        321,
        325,
        333,
        348,
        357,
        373,
        379,
        385,
        395,
        427,
        428,
        435,
        439,
        445,
        461,
        461,
        461,
        464,
        466,
        466,
        466,
        487,
        487,
        493,
        493,
        493,
        494,
        494,
        494,
        494,
        494,
        637,
        637
      ],
      "Percentiles": [
        0.0,
        0.1,
        0.2,
        0.3,
        0.4,
        0.5,
        0.55,
        0.6,
        0.65,
        0.7,
        0.75,
        0.775,
        0.8,
        0.825,
        0.85,
        0.875,
        0.8875,
        0.9,
        0.9125,
        0.925,
        0.9375,
        0.94375,
        0.95,
        0.95625,
        0.9625,
        0.96875,
        0.971875,
        0.975,
        0.978125,
        0.98125,
        0.984375,
        0.985938,
        0.9875,
        0.989062,
        0.990625,
        0.992188,
        0.992969,
        0.99375,
        0.994531,
        0.995313,
        0.996094,
        0.996484,
        0.996875,
        0.997266,
        0.997656,
        0.998047,
        0.998242,
        0.998437,
        0.998633,
        0.998828,
        0.999023,
        0.999121,
        0.999219,
        0.999316,
        0.999414,
        0.999512,
        0.999561,
        0.999609,
        0.999658,
        0.999707,
        0.999756,
        0.99978,
        0.999805,
        0.999829,
        0.999854,
        0.999878,
        0.99989,
        0.999902,
        0.999915,
        0.999927,
        0.999939,
        0.999945,
        0.999951,
        0.999957,
        0.999963,
        0.999969,
        0.999973,
        0.999976,
        0.999979,
        0.999982,
        0.999985,
        0.999986,
        0.999988,
        0.999989,
        0.999991,
        0.999992,
        0.999993,
        0.999994,
        0.999995,
        0.999995,
        0.999996,
        0.999997,
        0.999997,
        1.0
      ]
    },
    {
      "Values": [
        49,
        63,
        64,
        64,
        65,
        65,
        65,
        65,
        65,
        66,
        67,
        67,
        67,
        68,
        68,
        68,
        68,
        68,
        68,
        68,
        69,
        69,
        69,
        69,
        69,
        70,
        70,
        70,
        70,
        71,
        72,
        73,
        74,
        76,
        83,
        91,
        92,
        95,
        104,
        115,
        135,
        220,
        245,
        255,
        263,
        272,
        275,
        279,
        282,
        286,
        291,
        292,
        293,
        295,
        297,
        299,
        300,
        301,
        302,
        304,
        306,
        306,
        309,
        313,
        315,
        322,
        332,
        333,
        339,
        347,
        357,
        360,
        361,
        374,
        384,
        404,
        405,
        405,
        410,
        444,
        461,
        461,
        758,
        758,
        1142,
        1142,
        1142,
        1227,
        1227,
        1227,
        1227,
        1227,
        1290,
        1290
      ],
      "Percentiles": [
        0.0,
        0.1,
        0.2,
        0.3,
        0.4,
        0.5,
        0.55,
        0.6,
        0.65,
        0.7,
        0.75,
        0.775,
        0.8,
        0.825,
        0.85,
        0.875,
        0.8875,
        0.9,
        0.9125,
        0.925,
        0.9375,
        0.94375,
        0.95,
        0.95625,
        0.9625,
        0.96875,
        0.971875,
        0.975,
        0.978125,
        0.98125,
        0.984375,
        0.985938,
        0.9875,
        0.989062,
        0.990625,
        0.992188,
        0.992969,
        0.99375,
        0.994531,
        0.995313,
        0.996094,
        0.996484,
        0.996875,
        0.997266,
        0.997656,
        0.998047,
        0.998242,
        0.998437,
        0.998633,
        0.998828,
        0.999023,
        0.999121,
        0.999219,
        0.999316,
        0.999414,
        0.999512,
        0.999561,
        0.999609,
        0.999658,
        0.999707,
        0.999756,
        0.99978,
        0.999805,
        0.999829,
        0.999854,
        0.999878,
        0.99989,
        0.999902,
        0.999915,
        0.999927,
        0.999939,
        0.999945,
        0.999951,
        0.999957,
        0.999963,
        0.999969,
        0.999973,
        0.999976,
        0.999979,
        0.999982,
        0.999985,
        0.999986,
        0.999988,
        0.999989,
        0.999991,
        0.999992,
        0.999993,
        0.999994,
        0.999995,
        0.999995,
        0.999996,
        0.999997,
        0.999997,
        1.0
      ]
    },
    {
      "Values": [
        50,
        63,
        64,
        64,
        64,
        64,
        64,
        65,
        65,
        66,
        67,
        67,
        67,
        67,
        67,
        67,
        68,
        68,
        68,
        68,
        69,
        69,
        69,
        69,
        69,
        70,
        70,
        70,
        71,
        71,
        73,
        74,
        76,
        79,
        85,
        91,
        94,
        100,
        109,
        120,
        148,
        197,
        241,
        255,
        262,
        270,
        274,
        277,
        282,
        285,
        289,
        291,
        292,
        294,
        296,
        298,
        299,
        301,
        303,
        305,
        308,
        309,
        313,
        316,
        320,
        325,
        328,
        331,
        344,
        349,
        355,
        355,
        359,
        361,
        378,
        380,
        384,
        385,
        385,
        391,
        391,
        391,
        398,
        398,
        431,
        431,
        431,
        458,
        458,
        458,
        458,
        458,
        700,
        700
      ],