{
  "tput-up-tcp": [
    "9500074",
    "9500369",
    "9499430"
  ],
  "commit": "5b8d2b49b918c003c0ed5dbffe675ba965ea413e",
  "rps-up-512-down-4000-tcp-lat": [
    {
      "Values": [
        101,
        119,
        122,
        123,
        125,
        126,
        127,
        127,
        128,
        129,
        130,
        131,
        132,
        133,
        134,
        137,
        138,
        140,
        144,
        151,
        162,
        165,
        169,
        176,
        187,
        199,
        204,
        210,
        215,
        219,
        224,
        227,
        230,
        234,
        241,
        252,
        263,
        274,
        293,
        312,
        348,
        372,
        406,
        444,
        489,
        540,
        588,
        632,
        749,
        935,
        1516,
        1705,
        1928,
        2239,
        2595,
        2965,
        3081,
        3169,
        3727,
        4239,
        4335,
        4519,
        4603,
        4663,
        4775,
        4807,
        4819,
        4839,
        4931,
        5015,
        5051,
        5055,
        5067,
        5075,
        5143,
        5167,
        5167,
        5171,
        5171,
        8163,
        8163,
        8163,
        10127,
        10127,
        10127,
        10127,
        10127,
        43871,
        43871
      ],
      "Percentiles": [
        0.0,
        0.1,
        0.2,
        0.3,
        0.4,
        0.5,
        0.55,
        0.6,
        0.65,
        0.7,
        0.75,
        0.775,
        0.8,
        0.825,
        0.85,
        0.875,
        0.8875,
        0.9,
        0.9125,
        0.925,
        0.9375,
        0.94375,
        0.95,
        0.95625,
        0.9625,
        0.96875,
        0.971875,
        0.975,
        0.978125,
        0.98125,
        0.984375,
        0.985938,
        0.9875,
        0.989062,
        0.990625,
        0.992188,
        0.992969,
        0.99375,
        0.994531,
        0.995313,
        0.996094,
        0.996484,
        0.996875,
        0.997266,
        0.997656,
        0.998047,
        0.998242,
        0.998437,
        0.998633,
        0.998828,
        0.999023,
        0.999121,
        0.999219,
        0.999316,
        0.999414,
        0.999512,
        0.999561,
        0.999609,
        0.999658,
        0.999707,
        0.999756,
        0.99978,
        0.999805,
        0.999829,
        0.999854,
        0.999878,
        0.99989,
        0.999902,
        0.999915,
        0.999927,
        0.999939,
        0.999945,
        0.999951,
        0.999957,
        0.999963,
        0.999969,
        0.999973,
        0.999976,
        0.999979,
        0.999982,
        0.999985,
        0.999986,
        0.999988,
        0.999989,
        0.999991,
        0.999992,
        0.999993,
        0.999994,
        1.0
      ]
    },
    {
      "Values": [
        97,
        117,
        120,
        122,
        123,
        125,
        126,
        126,
        127,
        128,
        130,
        131,
        132,
        133,
        135,
        139,
        141,
        146,
        155,
        163,
        171,
        179,
        189,
        197,
        203,
        210,
        213,
        216,
        219,
        223,
        228,
        232,
        236,
        241,
        249,
        260,
        269,
        281,
        295,
        316,
        342,
        363,
        382,
        409,
        439,
        489,
        521,
        566,
        625,
        700,
        870,
        1015,
        1127,
        1485,
        1860,
        2045,
        2311,
        2677,
        3121,
        3587,
        4065,
        4475,
        4623,
        4671,
        4683,
        4747,
        4779,
        4787,
        4855,
        4911,
        4923,
        4935,
        4959,
        4971,
        4991,
        5023,
        5023,
        5935,
        5935,
        6919,
        6919,
        6919,
        10079,
        10079,
        10079,
        10079,
        10079,
        40991,
        40991
      ],
      "Percentiles": [
        0.0,
        0.1,
        0.2,
        0.3,
        0.4,
        0.5,
        0.55,
        0.6,
        0.65,
        0.7,
        0.75,
        0.775,
        0.8,
        0.825,
        0.85,
        0.875,
        0.8875,
        0.9,
        0.9125,
        0.925,
        0.9375,
        0.94375,
        0.95,
        0.95625,
        0.9625,
        0.96875,
        0.971875,
        0.975,
        0.978125,
        0.98125,
        0.984375,
        0.985938,
        0.9875,
        0.989062,
        0.990625,
        0.992188,
        0.992969,
        0.99375,
        0.994531,
        0.995313,
        0.996094,
        0.996484,
        0.996875,
        0.997266,
        0.997656,
        0.998047,
        0.998242,
        0.998437,
        0.998633,
        0.998828,
        0.999023,
        0.999121,
        0.999219,
        0.999316,
        0.999414,
        0.999512,
        0.999561,
        0.999609,
        0.999658,
        0.999707,
        0.999756,
        0.99978,
        0.999805,
        0.999829,
        0.999854,
        0.999878,
        0.99989,
        0.999902,
        0.999915,
        0.999927,
        0.999939,
        0.999945,
        0.999951,
        0.999957,
        0.999963,
        0.999969,
        0.999973,
        0.999976,
        0.999979,
        0.999982,
        0.999985,
        0.999986,
        0.999988,
        0.999989,
        0.999991,
        0.999992,
        0.999993,
        0.999994,
        1.0
      ]
    },
    {
      "Values": [
        99,
        118,
        120,
        122,
        123,
        125,
        126,
        127,
        128,
        129,
        130,
        131,
        132,
        133,
        134,
        137,
        139,
        142,
        147,
        157,
        166,
        172,
        183,
        191,
        197,
        204,
        207,
        211,
        214,
        218,
        223,
        226,
        229,
        233,
        237,
        244,
        249,
        255,
        265,
        283,
        304,
        316,
        334,
        362,
        392,
        423,
        438,
        471,
        512,
        569,
        694,
        789,
        882,
        1045,
        1604,
        2030,
        2283,
        2657,
        2981,
        3489,
        3803,
        4017,
        4049,
        4559,
        4667,
        4699,
        4735,
        4819,
        4839,
        4843,
        4871,
        4891,
        4895,
        4959,
        4979,
        5019,
        5019,
        5159,
        5159,
        5207,
        5207,
        5207,
        9375,
        9375,
        9375,
        9375,
        9375,
        40767,
        40767
      ],