{
  "rps-up-512-down-4000-quic-regression": {
    "Baseline": 10457.766666666666,
    "BestResult": 14939.666666666666,
    "HasRegression": false,
    "BestResultCommit": "28cceb22010564caed3add0d0ec6fe8ef24ad69c",
    "AggregateFunction": "AVG",
    "CumulativeResult": 12453.333333333334
  },
  "tput-up-quic": [
    "6368065",
    "6907613",
    "5742400"
  ],
  "rps-up-512-down-4000-quic": [
    "56",
    "76",
    "96",
    "117",
    "147",
    "249",
    "1113",
    "2185",
    "12727",
    "56",
    "80",
    "99",
    "121",
    "156",
    "327",
    "2410",
    "2985",
    "12227",
    "57",
    "78",
    "100",
    "120",
    "145",
    "210",
    "1204",
    "4093",
    "12406"
  ],
  "rps-up-512-down-4000-quic-lat": [
    {
      "Values": [
        56,
        63,
        67,
        68,
        70,
        76,
        78,
        80,
        82,
        84,
        87,
        88,
        89,
        91,
        93,
        94,
        95,
        96,
        97,
        98,
        100,
        101,
        102,
        104,
        105,
        106,
        107,
        108,
        109,
        111,
        112,
        113,
        114,
        116,
        117,
        119,
        120,
        122,
        124,
        125,
        128,
        129,
        130,
        132,
        134,
        137,
        138,
        140,
        142,
        144,
        148,
        150,
        153,
        155,
        158,
        164,
        169,
        174,
        178,
        187,
        201,
        209,
        219,
        224,
        234,
        239,
        247,
        249,
        252,
        257,
        267,
        270,
        272,
        290,
        297,
        335,
        377,
        377,
        423,
        508,
        953,
        953,
        953,
        1113,
        1113,
        1264,
        1264,
        1264,
        1264,
        1264,
        2185,
        2185
      ],
      "Percentiles": [
        0.0,
        0.1,
        0.2,
        0.3,
        0.4,
        0.5,
        0.55,
        0.6,
        0.65,
        0.7,
        0.75,
        0.775,
        0.8,
        0.825,
        0.85,
        0.875,
        0.8875,
        0.9,
        0.9125,
        0.925,
        0.9375,
        0.94375,
        0.95,
        0.95625,
        0.9625,
        0.96875,
        0.971875,
        0.975,
        0.978125,
        0.98125,
        0.984375,
        0.985938,
        0.9875,
        0.989062,
        0.990625,
        0.992188,
        0.992969,
        0.99375,
        0.994531,
        0.995313,
        0.996094,
        0.996484,
        0.996875,
        0.997266,
        0.997656,
        0.998047,
        0.998242,
        0.998437,
        0.998633,
        0.998828,
        0.999023,
        0.999121,
        0.999219,
        0.999316,
        0.999414,
        0.999512,
        0.999561,
        0.999609,
        0.999658,
        0.999707,
        0.999756,
        0.99978,
        0.999805,
        0.999829,
        0.999854,
        0.999878,
        0.99989,
        0.999902,
        0.999915,
        0.999927,
        0.999939,
        0.999945,
        0.999951,
        0.999957,
        0.999963,
        0.999969,
        0.999973,
        0.999976,
        0.999979,
        0.999982,
        0.999985,
        0.999986,
        0.999988,
        0.999989,
        0.999991,
        0.999992,
        0.999993,
        0.999994,
        0.999995,
        0.999995,
        0.999996,
        1.0
      ]
    },
    {
      "Values": [
        56,
        67,
        68,
        70,
        76,
        80,
        81,
        83,
        86,
        88,
        90,
        91,
        93,
        94,
        95,
        97,
        98,
        99,
        101,
        102,
        104,
        105,
        106,
        107,
        108,
        110,
        111,
        112,
        113,
        115,
        116,
        117,
        119,
        120,
        121,
        123,
        125,
        126,
        128,
        129,
        132,
        133,
        135,
        137,
        139,
        142,
        144,
        147,
        149,
        152,
        156,
        159,
        163,
        167,
        175,
        187,
        192,
        200,
        214,
        233,
        245,
        257,
        266,
        274,
        299,
        320,
        325,
        340,
        375,
        407,
        423,
        441,
        503,
        528,
        735,
        877,
        976,
        1576,
        1576,
        1596,
        1809,
        1809,
        2411,
        2411,
        2411,
        2551,
        2551,
        2551,
        2551,
        2551,
        2985,
        2985
      ],
      "Percentiles": [
        0.0,
        0.1,
        0.2,
        0.3,
        0.4,
        0.5,
        0.55,
        0.6,
        0.65,
        0.7,
        0.75,
        0.775,
        0.8,
        0.825,
        0.85,
        0.875,
        0.8875,
        0.9,
        0.9125,
        0.925,
        0.9375,
        0.94375,
        0.95,
        0.95625,
        0.9625,
        0.96875,
        0.971875,
        0.975,
        0.978125,
        0.98125,
        0.984375,
        0.985938,
        0.9875,
        0.989062,
        0.990625,
        0.992188,
        0.992969,
        0.99375,
        0.994531,
        0.995313,
        0.996094,
        0.996484,
        0.996875,
        0.997266,
        0.997656,
        0.998047,
        0.998242,
        0.998437,
        0.998633,
        0.998828,
        0.999023,
        0.999121,
        0.999219,
        0.999316,
        0.999414,
        0.999512,
        0.999561,
        0.999609,
        0.999658,
        0.999707,
        0.999756,
        0.99978,
        0.999805,
        0.999829,
        0.999854,
        0.999878,
        0.99989,
        0.999902,
        0.999915,
        0.999927,
        0.999939,
        0.999945,
        0.999951,
        0.999957,
        0.999963,
        0.999969,
        0.999973,
        0.999976,
        0.999979,
        0.999982,
        0.999985,
        0.999986,
        0.999988,
        0.999989,
        0.999991,
        0.999992,
        0.999993,
        0.999994,
        0.999995,
        0.999995,
        0.999996,
        1.0
      ]
    },
    {
      "Values": [
        57,
        66,
        68,
        69,
        73,
        78,
        80,
        81,
        82,
        85,
        88,
        90,
        92,
        94,
        95,
        98,
        99,
        100,
        102,
        104,
        106,
        107,
        108,
        108,
        109,
        111,
        111,
        112,
        113,
        114,
        116,
        117,
        118,
        119,
        121,
        123,
        124,
        125,
        127,
        128,
        131,
        132,
        133,
        134,
        136,
        138,
        139,
        141,
        142,
        144,
        146,
        147,
        148,
        150,
        153,
        155,
        156,
        158,
        160,
        163,
        167,
        170,
        172,
        177,
        180,
        191,
        196,
        210,
        223,
        237,
        249,
        329,
        354,
        439,
        453,
        543,
        571,
        571,
        600,
        629,
        1191,
        1191,
        1191,
        1204,
        1204,
        3879,
        3879,
        3879,
        3879,
        3879,
        4093,
        4093
      ],