{
  "tput-down-tcp": [
    "9501050",
    "9489403",
    "9500307"
  ],
  "os_version": "Ubuntu 20.04.6 LTS 5.15.0-1058-azure",
  "rps-up-512-down-4000-tcp-lat": [
    {
      "Values": [
        96,
        116,
        119,
        121,
        122,
        124,
        125,
        126,
        127,
        128,
        130,
        131,
        133,
        136,
        143,
        160,
        168,
        181,
        192,
        199,
        204,
        206,
        209,
        211,
        213,
        216,
        218,
        220,
        222,
        225,
        229,
        231,
        234,
        237,
        242,
        248,
        251,
        256,
        263,
        271,
        281,
        288,
        293,
        299,
        304,
        313,
        318,
        325,
        337,
        359,
        385,
        410,
        429,
        470,
        525,
        592,
        627,
        648,
        749,
        945,
        1459,
        1723,
        1857,
        2171,
        2299,
        2497,
        3359,
        3503,
        4471,
        4639,
        4683,
        4715,
        4715,
        4739,
        4839,
        4915,
        4915,
        4991,
        4991,
        5075,
        5075,
        5075,
        8415,
        8415,
        8415,
        8415,
        8415,
        43391,
        43391
      ],
      "Percentiles": [
        0.0,
        0.1,
        0.2,
        0.3,
        0.4,
        0.5,
        0.55,
        0.6,
        0.65,
        0.7,
        0.75,
        0.775,
        0.8,
        0.825,
        0.85,
        0.875,
        0.8875,
        0.9,
        0.9125,
        0.925,
        0.9375,
        0.94375,
        0.95,
        0.95625,
        0.9625,
        0.96875,
        0.971875,
        0.975,
        0.978125,
        0.98125,
        0.984375,
        0.985938,
        0.9875,
        0.989062,
        0.990625,
        0.992188,
        0.992969,
        0.99375,
        0.994531,
        0.995313,
        0.996094,
        0.996484,
        0.996875,
        0.997266,
        0.997656,
        0.998047,
        0.998242,
        0.998437,
        0.998633,
        0.998828,
        0.999023,
        0.999121,
        0.999219,
        0.999316,
        0.999414,
        0.999512,
        0.999561,
        0.999609,
        0.999658,
        0.999707,
        0.999756,
        0.99978,
        0.999805,
        0.999829,
        0.999854,
        0.999878,
        0.99989,
        0.999902,
        0.999915,
        0.999927,
        0.999939,
        0.999945,
        0.999951,
        0.999957,
        0.999963,
        0.999969,
        0.999973,
        0.999976,
        0.999979,
        0.999982,
        0.999985,
        0.999986,
        0.999988,
        0.999989,
        0.999991,
        0.999992,
        0.999993,
        0.999994,
        1.0
      ]
    },
    {
      "Values": [
        98,
        117,
        119,
        121,
        123,
        124,
        125,
        125,
        126,
        128,
        129,
        130,
        132,
        134,
        138,
        148,
        158,
        166,
        181,
        191,
        199,
        202,
        205,
        208,
        211,
        214,
        215,
        217,
        220,
        223,
        227,
        230,
        232,
        236,
        240,
        246,
        250,
        255,
        264,
        274,
        284,
        290,
        299,
        305,
        317,
        333,
        349,
        375,
        397,
        429,
        470,
        501,
        542,
        596,
        636,
        756,
        810,
        874,
        1061,
        1418,
        1596,
        1696,
        1916,
        2225,
        2611,
        2705,
        2943,
        3103,
        3577,
        3731,
        3817,
        4363,
        4387,
        4427,
        4611,
        4635,
        4635,
        4819,
        4819,
        5055,
        5055,
        5055,
        5151,
        5151,
        5151,
        5151,
        5151,
        41055,
        41055
      ],
      "Percentiles": [
        0.0,
        0.1,
        0.2,
        0.3,
        0.4,
        0.5,
        0.55,
        0.6,
        0.65,
        0.7,
        0.75,
        0.775,
        0.8,
        0.825,
        0.85,
        0.875,
        0.8875,
        0.9,
        0.9125,
        0.925,
        0.9375,
        0.94375,
        0.95,
        0.95625,
        0.9625,
        0.96875,
        0.971875,
        0.975,
        0.978125,
        0.98125,
        0.984375,
        0.985938,
        0.9875,
        0.989062,
        0.990625,
        0.992188,
        0.992969,
        0.99375,
        0.994531,
        0.995313,
        0.996094,
        0.996484,
        0.996875,
        0.997266,
        0.997656,
        0.998047,
        0.998242,
        0.998437,
        0.998633,
        0.998828,
        0.999023,
        0.999121,
        0.999219,
        0.999316,
        0.999414,
        0.999512,
        0.999561,
        0.999609,
        0.999658,
        0.999707,
        0.999756,
        0.99978,
        0.999805,
        0.999829,
        0.999854,
        0.999878,
        0.99989,
        0.999902,
        0.999915,
        0.999927,
        0.999939,
        0.999945,
        0.999951,
        0.999957,
        0.999963,
        0.999969,
        0.999973,
        0.999976,
        0.999979,
        0.999982,
        0.999985,
        0.999986,
        0.999988,
        0.999989,
        0.999991,
        0.999992,
        0.999993,
        0.999994,
        1.0
      ]
    },
    {
      "Values": [
        98,
        114,
        117,
        118,
        119,
        121,
        122,
        123,
        124,
        125,
        126,
        127,
        128,
        130,
        133,
        138,
        144,
        154,
        162,
        175,
        190,
        195,
        199,
        203,
        207,
        211,
        212,
        215,
        217,
        220,
        224,
        226,
        229,
        232,
        235,
        240,
        244,
        248,
        253,
        261,
        275,
        282,
        290,
        299,
        309,
        322,
        334,
        348,
        368,
        391,
        448,
        476,
        523,
        572,
        643,
        758,
        846,
        1001,
        1343,
        1508,
        1811,
        2117,
        2255,
        2571,
        3051,
        3397,
        3649,
        3689,
        3697,
        3773,
        3909,
        4009,
        4287,
        4367,
        4459,
        4595,
        4595,
        5007,
        5007,
        5163,
        5163,
        5163,
        5203,
        5203,
        5203,
        5203,
        5203,
        41695,
        41695
      ],