{
  "tput-down-quic": [
    "5409080",
    "5476425",
    "5297077"
  ],
  "rps-up-512-down-4000-tcp": [
    "100",
    "125",
    "174",
    "239",
    "487",
    "3468",
    "6820",
    "44487",
    "7343",
    "100",
    "127",
    "157",
    "232",
    "359",
    "2905",
    "7606",
    "40839",
    "7392",
    "97",
    "125",
    "155",
    "229",
    "396",
    "2969",
    "5383",
    "42249",
    "7484"
  ],
  "rps-up-512-down-4000-quic-lat": [
    {
      "Values": [
        80,
        102,
        108,
        114,
        121,
        126,
        129,
        131,
        133,
        135,
        138,
        139,
        140,
        142,
        145,
        147,
        149,
        151,
        153,
        155,
        159,
        161,
        165,
        169,
        175,
        180,
        182,
        185,
        187,
        191,
        195,
        197,
        200,
        203,
        208,
        214,
        217,
        223,
        232,
        244,
        261,
        272,
        286,
        302,
        337,
        370,
        385,
        411,
        442,
        496,
        554,
        583,
        637,
        769,
        925,
        1215,
        1498,
        1775,
        2006,
        2399,
        2793,
        3537,
        3743,
        3859,
        4017,
        4151,
        4187,
        4275,
        4487,
        4655,
        4759,
        4799,
        4851,
        4867,
        4879,
        4947,
        4947,
        5023,
        5023,
        5043,
        5043,
        5043,
        5431,
        5431,
        5431,
        5431,
        5431,
        9103,
        9103
      ],
      "Percentiles": [
        0.0,
        0.1,
        0.2,
        0.3,
        0.4,
        0.5,
        0.55,
        0.6,
        0.65,
        0.7,
        0.75,
        0.775,
        0.8,
        0.825,
        0.85,
        0.875,
        0.8875,
        0.9,
        0.9125,
        0.925,
        0.9375,
        0.94375,
        0.95,
        0.95625,
        0.9625,
        0.96875,
        0.971875,
        0.975,
        0.978125,
        0.98125,
        0.984375,
        0.985938,
        0.9875,
        0.989062,
        0.990625,
        0.992188,
        0.992969,
        0.99375,
        0.994531,
        0.995313,
        0.996094,
        0.996484,
        0.996875,
        0.997266,
        0.997656,
        0.998047,
        0.998242,
        0.998437,
        0.998633,
        0.998828,
        0.999023,
        0.999121,
        0.999219,
        0.999316,
        0.999414,
        0.999512,
        0.999561,
        0.999609,
        0.999658,
        0.999707,
        0.999756,
        0.99978,
        0.999805,
        0.999829,
        0.999854,
        0.999878,
        0.99989,
        0.999902,
        0.999915,
        0.999927,
        0.999939,
        0.999945,
        0.999951,
        0.999957,
        0.999963,
        0.999969,
        0.999973,
        0.999976,
        0.999979,
        0.999982,
        0.999985,
        0.999986,
        0.999988,
        0.999989,
        0.999991,
        0.999992,
        0.999993,
        0.999994,
        1.0
      ]
    },
    {
      "Values": [
        82,
        102,
        108,
        117,
        124,
        129,
        131,
        133,
        135,
        138,
        141,
        143,
        144,
        147,
        150,
        152,
        154,
        156,
        159,
        165,
        172,
        177,
        181,
        184,
        187,
        191,
        193,
        197,
        203,
        209,
        212,
        214,
        217,
        222,
        227,
        234,
        239,
        247,
        253,
        262,
        268,
        273,
        279,
        287,
        298,
        324,
        340,
        359,
        391,
        425,
        477,
        520,
        554,
        600,
        664,
        759,
        862,
        1043,
        1339,
        1593,
        1989,
        2161,
        2525,
        2653,
        2843,
        3097,
        3165,
        3397,
        3475,
        3619,
        3809,
        4067,
        4299,
        4395,
        4571,
        4775,
        4775,
        4891,
        4891,
        5063,
        5063,
        5063,
        5155,
        5155,
        5155,
        5155,
        5155,
        5227,
        5227
      ],
      "Percentiles": [
        0.0,
        0.1,
        0.2,
        0.3,
        0.4,
        0.5,
        0.55,
        0.6,
        0.65,
        0.7,
        0.75,
        0.775,
        0.8,
        0.825,
        0.85,
        0.875,
        0.8875,
        0.9,
        0.9125,
        0.925,
        0.9375,
        0.94375,
        0.95,
        0.95625,
        0.9625,
        0.96875,
        0.971875,
        0.975,
        0.978125,
        0.98125,
        0.984375,
        0.985938,
        0.9875,
        0.989062,
        0.990625,
        0.992188,
        0.992969,
        0.99375,
        0.994531,
        0.995313,
        0.996094,
        0.996484,
        0.996875,
        0.997266,
        0.997656,
        0.998047,
        0.998242,
        0.998437,
        0.998633,
        0.998828,
        0.999023,
        0.999121,
        0.999219,
        0.999316,
        0.999414,
        0.999512,
        0.999561,
        0.999609,
        0.999658,
        0.999707,
        0.999756,
        0.99978,
        0.999805,
        0.999829,
        0.999854,
        0.999878,
        0.99989,
        0.999902,
        0.999915,
        0.999927,
        0.999939,
        0.999945,
        0.999951,
        0.999957,
        0.999963,
        0.999969,
        0.999973,
        0.999976,
        0.999979,
        0.999982,
        0.999985,
        0.999986,
        0.999988,
        0.999989,
        0.999991,
        0.999992,
        0.999993,
        0.999994,
        1.0
      ]
    },
    {
      "Values": [
        82,
        102,
        106,
        111,
        117,
        124,
        128,
        130,
        133,
        136,
        139,
        141,
        143,
        146,
        149,
        153,
        157,
        162,
        172,
        181,
        186,
        188,
        190,
        193,
        197,
        203,
        207,
        210,
        213,
        215,
        217,
        218,
        219,
        221,
        224,
        227,
        229,
        231,
        235,
        238,
        243,
        246,
        249,
        255,
        261,
        271,
        278,
        286,
        293,
        310,
        344,
        359,
        389,
        419,
        449,
        499,
        533,
        575,
        628,
        827,
        1068,
        1438,
        1802,
        2055,
        2283,
        2819,
        2855,
        3145,
        3377,
        3717,
        3941,
        4007,
        4131,
        4143,
        4239,
        4243,
        4243,
        4775,
        4775,
        5063,
        5063,
        5063,
        5327,
        5327,
        5327,
        5327,
        5327,
        9311,
        9311
      ],