{
    "tput-down-quic": {
        "windows server-x64-azure-wsk-schannel": {
            "baseline": 280439.37596846744
        },
        "windows-2022-x64-azure-wsk-schannel": {
            "baseline": 4941127.575805773
        },
        "windows-2022-x64-lab-wsk-schannel": {
            "baseline": 6060343.890786778
        },
        "windows-2025-x64-azure-wsk-schannel": {
            "baseline": 749452.5059298114
        },
        "windows server-x64-azure-xdp-schannel": {
            "baseline": -4061805.3691339646
        },
        "windows-2022-x64-azure-xdp-schannel": {
            "baseline": 4948480.712703162
        },
        "windows-2022-x64-lab-xdp-schannel": {
            "baseline": 6676809.733341255
        },
        "windows-2025-x64-azure-xdp-schannel": {
            "baseline": 547022.4995294897
        },
        "ubuntu-x64-azure-epoll-openssl": {
            "baseline": -3278740.6704180953
        },
        "ubuntu-20.04-x64-azure-epoll-openssl": {
            "baseline": 4899111.749063491
        },
        "ubuntu-20.04-x64-lab-epoll-openssl": {
            "baseline": 591669.8515811166
        },
        "windows server-x64-azure-rio-schannel": {
            "baseline": 48103.35102632032
        },
        "windows-2022-x64-azure-rio-schannel": {
            "baseline": 36126.27550852203
        },
        "windows-2025-x64-azure-rio-schannel": {
            "baseline": -272096.5945481714
        },
        "windows server-x64-azure-iocp-schannel": {
            "baseline": -3397187.7013885602
        },
        "windows-2022-x64-azure-iocp-schannel": {
            "baseline": 5432015.890276914
        },
        "windows-2022-x64-lab-iocp-schannel": {
            "baseline": -3088665.642319302
        },
        "windows-2025-x64-azure-iocp-schannel": {
            "baseline": 788794.5249588606
        }
    },
    "rps-up-512-down-4000-tcp": {
        "ubuntu-x64-azure-epoll-openssl": {
            "baseline": -249.1558182763447,
            "latencyUpperBound": {
                "P0": 685.6357777826255,
                "P50": 1001.154369866239,
                "P99": 1704.1090575522765
            }
        },
        "ubuntu-20.04-x64-azure-epoll-openssl": {
            "baseline": 7107.686940049817,
            "latencyUpperBound": {
                "P0": 104.51089635728269,
                "P50": 128.16295704691024,
                "P99": 252.90816295547188
            }
        },
        "ubuntu-20.04-x64-lab-epoll-openssl": {
            "baseline": 747.2580600599129,
            "latencyUpperBound": {
                "P0": 989.8919220766967,
                "P50": 1305.3874814492533,
                "P99": 2415.660592450158
            }
        },
        "windows server-x64-azure-rio-schannel": {
            "baseline": 5840.722142396528,
            "latencyUpperBound": {
                "P0": 151.10392059986043,
                "P50": 245.40247970009904,
                "P99": 1001.9495505880702
            }
        },
        "windows-2022-x64-azure-rio-schannel": {
            "baseline": 7904.654138270127,
            "latencyUpperBound": {
                "P0": 94.68179407993004,
                "P50": 113.08441191626481,
                "P99": 224.2825821230888
            }
        },
        "windows-2025-x64-azure-rio-schannel": {
            "baseline": 1256.6644380821504,
            "latencyUpperBound": {
                "P0": 204.3233808670043,
                "P50": 468.42078989883873,
                "P99": 2791.9139652905014
            }
        },
        "windows server-x64-azure-iocp-schannel": {
            "baseline": -218.68687316960313,
            "latencyUpperBound": {
                "P0": 620.1079698715891,
                "P50": 974.2483011263311,
                "P99": 1942.930982765958
            }
        },
        "windows-2022-x64-azure-iocp-schannel": {
            "baseline": 7798.487054674031,
            "latencyUpperBound": {
                "P0": 101.6655050536989,
                "P50": 116.79307546053265,
                "P99": 246.5470911458683
            }
        },
        "windows-2022-x64-lab-iocp-schannel": {
            "baseline": 945.2422349172554,
            "latencyUpperBound": {
                "P0": 678.8345621703409,
                "P50": 1036.6375378464727,
                "P99": 1736.275670514211
            }
        },
        "windows-2025-x64-azure-iocp-schannel": {
            "baseline": 1801.1160413716962,
            "latencyUpperBound": {
                "P0": 216.35414420797485,
                "P50": 393.9804571361596,
                "P99": 2573.6303202994623
            }
        }
    },
    "tput-down-tcp": {
        "ubuntu-x64-azure-epoll-openssl": {
            "baseline": -7012738.308778233
        },
        "ubuntu-20.04-x64-azure-epoll-openssl": {
            "baseline": 9458166.650422167
        },
        "ubuntu-20.04-x64-lab-epoll-openssl": {
            "baseline": 7496119.256264675
        },
        "windows server-x64-azure-rio-schannel": {
            "baseline": 1421758.3976388061
        },
        "windows-2022-x64-azure-rio-schannel": {
            "baseline": 3219142.360810054
        },
        "windows-2025-x64-azure-rio-schannel": {
            "baseline": 1087529.3752293962
        },
        "windows server-x64-azure-iocp-schannel": {
            "baseline": -6484207.131615571
        },
        "windows-2022-x64-azure-iocp-schannel": {
            "baseline": 8340306.10222053
        },
        "windows-2022-x64-lab-iocp-schannel": {
            "baseline": 10804081.329174845
        },
        "windows-2025-x64-azure-iocp-schannel": {
            "baseline": 1079754.9219312314
        }
    },
    "hps-conns-100-tcp": {
        "ubuntu-x64-azure-epoll-openssl": {
            "baseline": 217.68115016948104
        },
        "ubuntu-20.04-x64-azure-epoll-openssl": {
            "baseline": 1257.3807111311442
        },
        "ubuntu-20.04-x64-lab-epoll-openssl": {
            "baseline": 457.0950206574201
        },
        "windows server-x64-azure-rio-schannel": {
            "baseline": 856.6152309520886
        },
        "windows-2022-x64-azure-rio-schannel": {
            "baseline": 609.6333910178537
        },
        "windows-2025-x64-azure-rio-schannel": {
            "baseline": 735.121780008534
        },
        "windows server-x64-azure-iocp-schannel": {
            "baseline": 641.8927258305994
        },
        "windows-2022-x64-azure-iocp-schannel": {
            "baseline": -266.81268155110763
        },
        "windows-2022-x64-lab-iocp-schannel": {
            "baseline": -940.9635253645486
        },
        "windows-2025-x64-azure-iocp-schannel": {
            "baseline": 932.6817563280911
        }
    },
    "tput-up-tcp": {
        "ubuntu-x64-azure-epoll-openssl": {
            "baseline": -7437873.8154752655
        },
        "ubuntu-20.04-x64-azure-epoll-openssl": {
            "baseline": 9494912.614866301
        },
        "ubuntu-20.04-x64-lab-epoll-openssl": {
            "baseline": 9840617.842951655
        },
        "windows server-x64-azure-rio-schannel": {
            "baseline": 1824252.9286445663
        },
        "windows-2022-x64-azure-rio-schannel": {
            "baseline": 1720935.8390963164
        },
        "windows-2025-x64-azure-rio-schannel": {
            "baseline": 599090.7855663407
        },
        "windows server-x64-azure-iocp-schannel": {
            "baseline": -7110803.34410489
        },
        "windows-2022-x64-azure-iocp-schannel": {
            "baseline": 8665765.092333749
        },
        "windows-2022-x64-lab-iocp-schannel": {
            "baseline": 12110787.791418236
        },
        "windows-2025-x64-azure-iocp-schannel": {
            "baseline": 676191.5727360921
        }
    },
    "hps-conns-100-quic": {
        "windows server-x64-azure-xdp-schannel": {
            "baseline": -376.7576752625032
        },