{
    "tput-down-quic": {
        "windows server-x64-azure-wsk-schannel": {
            "baseline": 280439.37596846744
        },
        "windows-2022-x64-azure-wsk-schannel": {
            "baseline": 5059546.530824355
        },
        "windows-2022-x64-lab-wsk-schannel": {
            "baseline": 5915027.862536384
        },
        "windows-2025-x64-azure-wsk-schannel": {
            "baseline": 552695.8869829851
        },
        "windows server-x64-azure-xdp-schannel": {
            "baseline": -4061805.3691339646
        },
        "windows-2022-x64-azure-xdp-schannel": {
            "baseline": 5162679.424189992
        },
        "windows-2022-x64-lab-xdp-schannel": {
            "baseline": 6345615.129418593
        },
        "windows-2025-x64-azure-xdp-schannel": {
            "baseline": 632649.5637410752
        },
        "ubuntu-x64-azure-epoll-openssl": {
            "baseline": -3278740.6704180953
        },
        "ubuntu-20.04-x64-azure-epoll-openssl": {
            "baseline": 4772365.218119668
        },
        "ubuntu-20.04-x64-lab-epoll-openssl": {
            "baseline": 621867.0567666045
        },
        "windows server-x64-azure-rio-schannel": {
            "baseline": 48103.35102632032
        },
        "windows-2022-x64-azure-rio-schannel": {
            "baseline": 33330.6361316375
        },
        "windows-2025-x64-azure-rio-schannel": {
            "baseline": 94083.6030030065
        },
        "windows server-x64-azure-iocp-schannel": {
            "baseline": -3397187.7013885602
        },
        "windows-2022-x64-azure-iocp-schannel": {
            "baseline": 5106691.930148555
        },
        "windows-2022-x64-lab-iocp-schannel": {
            "baseline": -2255466.2579046916
        },
        "windows-2025-x64-azure-iocp-schannel": {
            "baseline": 570690.4712719724
        }
    },
    "rps-up-512-down-4000-tcp": {
        "ubuntu-x64-azure-epoll-openssl": {
            "baseline": -249.1558182763447,
            "latencyUpperBound": "TODO"
        },
        "ubuntu-20.04-x64-azure-epoll-openssl": {
            "baseline": 7015.289125776426,
            "latencyUpperBound": "TODO"
        },
        "ubuntu-20.04-x64-lab-epoll-openssl": {
            "baseline": 772.8392876135778,
            "latencyUpperBound": "TODO"
        },
        "windows server-x64-azure-rio-schannel": {
            "baseline": 5840.722142396528,
            "latencyUpperBound": "TODO"
        },
        "windows-2022-x64-azure-rio-schannel": {
            "baseline": 7712.08099864563,
            "latencyUpperBound": "TODO"
        },
        "windows-2025-x64-azure-rio-schannel": {
            "baseline": 2164.4458054702973,
            "latencyUpperBound": "TODO"
        },
        "windows server-x64-azure-iocp-schannel": {
            "baseline": -218.68687316960313,
            "latencyUpperBound": "TODO"
        },
        "windows-2022-x64-azure-iocp-schannel": {
            "baseline": 7794.451504854439,
            "latencyUpperBound": "TODO"
        },
        "windows-2022-x64-lab-iocp-schannel": {
            "baseline": 925.4119687738945,
            "latencyUpperBound": "TODO"
        },
        "windows-2025-x64-azure-iocp-schannel": {
            "baseline": 2496.719584605912,
            "latencyUpperBound": "TODO"
        }
    },
    "tput-down-tcp": {
        "ubuntu-x64-azure-epoll-openssl": {
            "baseline": -7012738.308778233
        },
        "ubuntu-20.04-x64-azure-epoll-openssl": {
            "baseline": 9444650.668124562
        },
        "ubuntu-20.04-x64-lab-epoll-openssl": {
            "baseline": 8567567.52838897
        },
        "windows server-x64-azure-rio-schannel": {
            "baseline": 1421758.3976388061
        },
        "windows-2022-x64-azure-rio-schannel": {
            "baseline": 4070529.601575142
        },
        "windows-2025-x64-azure-rio-schannel": {
            "baseline": 736389.6417513483
        },
        "windows server-x64-azure-iocp-schannel": {
            "baseline": -6484207.131615571
        },
        "windows-2022-x64-azure-iocp-schannel": {
            "baseline": 9484155.808939986
        },
        "windows-2022-x64-lab-iocp-schannel": {
            "baseline": 10499873.052750735
        },
        "windows-2025-x64-azure-iocp-schannel": {
            "baseline": 621656.257886457
        }
    },
    "hps-conns-100-tcp": {
        "ubuntu-x64-azure-epoll-openssl": {
            "baseline": 217.68115016948104
        },
        "ubuntu-20.04-x64-azure-epoll-openssl": {
            "baseline": 1271.3803115399883
        },
        "ubuntu-20.04-x64-lab-epoll-openssl": {
            "baseline": 445.51591215996166
        },
        "windows server-x64-azure-rio-schannel": {
            "baseline": 856.6152309520886
        },
        "windows-2022-x64-azure-rio-schannel": {
            "baseline": 517.5947257366036
        },
        "windows-2025-x64-azure-rio-schannel": {
            "baseline": 719.0121474185124
        },
        "windows server-x64-azure-iocp-schannel": {
            "baseline": 641.8927258305994
        },
        "windows-2022-x64-azure-iocp-schannel": {
            "baseline": -765.1670147023501
        },
        "windows-2022-x64-lab-iocp-schannel": {
            "baseline": -1574.1266098480487
        },
        "windows-2025-x64-azure-iocp-schannel": {
            "baseline": 943.7593245539181
        }
    },
    "tput-up-tcp": {
        "ubuntu-x64-azure-epoll-openssl": {
            "baseline": -7437873.8154752655
        },
        "ubuntu-20.04-x64-azure-epoll-openssl": {
            "baseline": 9495805.091262965
        },
        "ubuntu-20.04-x64-lab-epoll-openssl": {
            "baseline": 9561577.515050428
        },
        "windows server-x64-azure-rio-schannel": {
            "baseline": 1824252.9286445663
        },
        "windows-2022-x64-azure-rio-schannel": {
            "baseline": 1897889.5138519208
        },
        "windows-2025-x64-azure-rio-schannel": {
            "baseline": 257490.05956600886
        },
        "windows server-x64-azure-iocp-schannel": {
            "baseline": -7110803.34410489
        },
        "windows-2022-x64-azure-iocp-schannel": {
            "baseline": 9012111.720254507
        },
        "windows-2022-x64-lab-iocp-schannel": {
            "baseline": 13419453.123122877
        },
        "windows-2025-x64-azure-iocp-schannel": {
            "baseline": 253086.11115031876
        }
    },
    "hps-conns-100-quic": {
        "windows server-x64-azure-xdp-schannel": {
            "baseline": -376.7576752625032
        },
        "windows-2022-x64-azure-xdp-schannel": {
            "baseline": 368.72223175147735
        },
        "windows-2022-x64-lab-xdp-schannel": {
            "baseline": 5190.053057596913
        },
        "windows-2025-x64-azure-xdp-schannel": {
            "baseline": 599.6298493026037
        },
        "ubuntu-x64-azure-epoll-openssl": {
            "baseline": -857.7408093453564
        },
        "ubuntu-20.04-x64-azure-epoll-openssl": {
            "baseline": 1906.2351093565544
        },
        "ubuntu-20.04-x64-lab-epoll-openssl": {
            "baseline": 7810.016889137224
        },
        "windows server-x64-azure-rio-schannel": {
            "baseline": 290.5249753129958
        },
        "windows-2022-x64-azure-rio-schannel": {
            "baseline": 240.56878511237323
        },
        "windows-2025-x64-azure-rio-schannel": {
            "baseline": 283.5615210144194
        },
        "windows server-x64-azure-iocp-schannel": {
            "baseline": 389.2934681373587
        },
        "windows-2022-x64-azure-iocp-schannel": {
            "baseline": 568.6391452202984
        },
        "windows-2022-x64-lab-iocp-schannel": {
            "baseline": 2416.373603851688
        },
        "windows-2025-x64-azure-iocp-schannel": {
            "baseline": 742.5658317811722
        }
    },