{
    "tput-down-quic": {
        "windows server-x64-azure-wsk-schannel": {
            "baseline": 280439.37596846744
        },
        "windows-2022-x64-azure-wsk-schannel": {
            "baseline": 4713452.278215044
        },
        "windows-2022-x64-lab-wsk-schannel": {
            "baseline": 6080522.468324027
        },
        "windows-2025-x64-azure-wsk-schannel": {
            "baseline": 758712.6260210879
        },
        "windows server-x64-azure-xdp-schannel": {
            "baseline": -4061805.3691339646
        },
        "windows-2022-x64-azure-xdp-schannel": {
            "baseline": 2546132.6835763855
        },
        "windows-2022-x64-lab-xdp-schannel": {
            "baseline": 6747931.942312185
        },
        "windows-2025-x64-azure-xdp-schannel": {
            "baseline": 504007.9595047226
        },
        "ubuntu-x64-azure-epoll-openssl": {
            "baseline": -3278740.6704180953
        },
        "ubuntu-20.04-x64-azure-epoll-openssl": {
            "baseline": 3847476.9691981026
        },
        "ubuntu-20.04-x64-lab-epoll-openssl": {
            "baseline": -5755259.888777081
        },
        "windows server-x64-azure-rio-schannel": {
            "baseline": 48103.35102632032
        },
        "windows-2022-x64-azure-rio-schannel": {
            "baseline": -23968.91732676752
        },
        "windows-2025-x64-azure-rio-schannel": {
            "baseline": -386712.85471228836
        },
        "windows server-x64-azure-iocp-schannel": {
            "baseline": -3397187.7013885602
        },
        "windows-2022-x64-azure-iocp-schannel": {
            "baseline": 366442.6793696871
        },
        "windows-2022-x64-lab-iocp-schannel": {
            "baseline": -6584515.430956318
        },
        "windows-2025-x64-azure-iocp-schannel": {
            "baseline": 825798.6886455705
        }
    },
    "rps-up-512-down-4000-tcp": {
        "ubuntu-x64-azure-epoll-openssl": {
            "baseline": -249.1558182763447,
            "latencyUpperBound": {
                "P0": 685.6357777826255,
                "P50": 1001.154369866239,
                "P99": 1704.1090575522765
            }
        },
        "ubuntu-20.04-x64-azure-epoll-openssl": {
            "baseline": 6587.089030607462,
            "latencyUpperBound": {
                "P0": 107.62774087661265,
                "P50": 130.96420563700934,
                "P99": 318.3817652503192
            }
        },
        "ubuntu-20.04-x64-lab-epoll-openssl": {
            "baseline": -10649.26080099266,
            "latencyUpperBound": {
                "P0": 1588.936810631221,
                "P50": 2360.1792181831124,
                "P99": 4140.231492100833
            }
        },
        "windows server-x64-azure-rio-schannel": {
            "baseline": 5840.722142396528,
            "latencyUpperBound": {
                "P0": 151.10392059986043,
                "P50": 245.40247970009904,
                "P99": 1001.9495505880702
            }
        },
        "windows-2022-x64-azure-rio-schannel": {
            "baseline": 7355.2008142790855,
            "latencyUpperBound": {
                "P0": 114.17326273145115,
                "P50": 115.77947894434922,
                "P99": 226.1447051811541
            }
        },
        "windows-2025-x64-azure-rio-schannel": {
            "baseline": 1206.1458873739941,
            "latencyUpperBound": {
                "P0": 202.54909682741814,
                "P50": 469.204571913444,
                "P99": 2741.655223795983
            }
        },
        "windows server-x64-azure-iocp-schannel": {
            "baseline": -218.68687316960313,
            "latencyUpperBound": {
                "P0": 620.1079698715891,
                "P50": 974.2483011263311,
                "P99": 1942.930982765958
            }
        },
        "windows-2022-x64-azure-iocp-schannel": {
            "baseline": 7846.153145921819,
            "latencyUpperBound": {
                "P0": 111.68308634070542,
                "P50": 119.55263772151032,
                "P99": 250.54795370399717
            }
        },
        "windows-2022-x64-lab-iocp-schannel": {
            "baseline": -10013.634863592972,
            "latencyUpperBound": {
                "P0": 1130.6091573566605,
                "P50": 1829.964074088606,
                "P99": 3077.362457451208
            }
        },
        "windows-2025-x64-azure-iocp-schannel": {
            "baseline": 1582.8578151830752,
            "latencyUpperBound": {
                "P0": 215.40244590959458,
                "P50": 407.80737786048445,
                "P99": 2578.3795431659964
            }
        }
    },
    "tput-down-tcp": {
        "ubuntu-x64-azure-epoll-openssl": {
            "baseline": -7012738.308778233
        },
        "ubuntu-20.04-x64-azure-epoll-openssl": {
            "baseline": 3925604.36485566
        },
        "ubuntu-20.04-x64-lab-epoll-openssl": {
            "baseline": 6753564.581185026
        },
        "windows server-x64-azure-rio-schannel": {
            "baseline": 1421758.3976388061
        },
        "windows-2022-x64-azure-rio-schannel": {
            "baseline": -4129720.0241506146
        },
        "windows-2025-x64-azure-rio-schannel": {
            "baseline": 1104970.302127929
        },
        "windows server-x64-azure-iocp-schannel": {
            "baseline": -6484207.131615571
        },
        "windows-2022-x64-azure-iocp-schannel": {
            "baseline": 1605147.2287938092
        },
        "windows-2022-x64-lab-iocp-schannel": {
            "baseline": 7962909.018810932
        },
        "windows-2025-x64-azure-iocp-schannel": {
            "baseline": 1164827.0049672776
        }
    },
    "hps-conns-100-tcp": {
        "ubuntu-x64-azure-epoll-openssl": {
            "baseline": 217.68115016948104
        },
        "ubuntu-20.04-x64-azure-epoll-openssl": {
            "baseline": 921.2883082856004
        },
        "ubuntu-20.04-x64-lab-epoll-openssl": {
            "baseline": -537.1070798860775
        },
        "windows server-x64-azure-rio-schannel": {
            "baseline": 856.6152309520886
        },
        "windows-2022-x64-azure-rio-schannel": {
            "baseline": 478.6104724637007
        },
        "windows-2025-x64-azure-rio-schannel": {
            "baseline": 740.7956309874296
        },
        "windows server-x64-azure-iocp-schannel": {
            "baseline": 641.8927258305994
        },
        "windows-2022-x64-azure-iocp-schannel": {
            "baseline": -245.71403805938212
        },
        "windows-2022-x64-lab-iocp-schannel": {
            "baseline": -1340.5073988207387
        },
        "windows-2025-x64-azure-iocp-schannel": {
            "baseline": 922.2597083397125
        }
    },
    "tput-up-tcp": {
        "ubuntu-x64-azure-epoll-openssl": {
            "baseline": -7437873.8154752655
        },
        "ubuntu-20.04-x64-azure-epoll-openssl": {
            "baseline": 6092008.797873739
        },
        "ubuntu-20.04-x64-lab-epoll-openssl": {
            "baseline": 9783390.793409798
        },
        "windows server-x64-azure-rio-schannel": {
            "baseline": 1824252.9286445663
        },
        "windows-2022-x64-azure-rio-schannel": {
            "baseline": -7409967.587571967
        },
        "windows-2025-x64-azure-rio-schannel": {
            "baseline": 686559.300966582
        },
        "windows server-x64-azure-iocp-schannel": {
            "baseline": -7110803.34410489
        },
        "windows-2022-x64-azure-iocp-schannel": {
            "baseline": -1784804.205888845
        },
        "windows-2022-x64-lab-iocp-schannel": {
            "baseline": 11782910.827459749
        },
        "windows-2025-x64-azure-iocp-schannel": {
            "baseline": 766568.4651318425
        }
    },