{
    "tput-down-quic": {
        "windows server-x64-azure-wsk-schannel": {
            "baseline": 280439.37596846744
        },
        "windows-2022-x64-azure-wsk-schannel": {
            "baseline": 4978943.61628562
        },
        "windows-2022-x64-lab-wsk-schannel": {
            "baseline": 5990729.43434554
        },
        "windows-2025-x64-azure-wsk-schannel": {
            "baseline": 587032.5560855112
        },
        "windows server-x64-azure-xdp-schannel": {
            "baseline": -4061805.3691339646
        },
        "windows-2022-x64-azure-xdp-schannel": {
            "baseline": 4961312.94468488
        },
        "windows-2022-x64-lab-xdp-schannel": {
            "baseline": 6512242.118753705
        },
        "windows-2025-x64-azure-xdp-schannel": {
            "baseline": 474679.76148262154
        },
        "ubuntu-x64-azure-epoll-openssl": {
            "baseline": -3278740.6704180953
        },
        "ubuntu-20.04-x64-azure-epoll-openssl": {
            "baseline": 4851655.301436684
        },
        "ubuntu-20.04-x64-lab-epoll-openssl": {
            "baseline": 614445.6880807399
        },
        "windows server-x64-azure-rio-schannel": {
            "baseline": 48103.35102632032
        },
        "windows-2022-x64-azure-rio-schannel": {
            "baseline": 34840.51462414271
        },
        "windows-2025-x64-azure-rio-schannel": {
            "baseline": 94384.65574301468
        },
        "windows server-x64-azure-iocp-schannel": {
            "baseline": -3397187.7013885602
        },
        "windows-2022-x64-azure-iocp-schannel": {
            "baseline": 5252686.069180209
        },
        "windows-2022-x64-lab-iocp-schannel": {
            "baseline": -2659808.726881393
        },
        "windows-2025-x64-azure-iocp-schannel": {
            "baseline": 635738.8828637331
        }
    },
    "rps-up-512-down-4000-tcp": {
        "ubuntu-x64-azure-epoll-openssl": {
            "baseline": -249.1558182763447,
            "latencyUpperBound": {
                "P0": 685.6357777826255,
                "P50": 1001.154369866239,
                "P99": 1704.1090575522765
            }
        },
        "ubuntu-20.04-x64-azure-epoll-openssl": {
            "baseline": 7028.915308172106,
            "latencyUpperBound": {
                "P0": 105.2633325922632,
                "P50": 128.70513487090108,
                "P99": 256.18554410685897
            }
        },
        "ubuntu-20.04-x64-lab-epoll-openssl": {
            "baseline": 747.9117004673868,
            "latencyUpperBound": {
                "P0": 981.1317192372023,
                "P50": 1305.103846015086,
                "P99": 2384.9017441780065
            }
        },
        "windows server-x64-azure-rio-schannel": {
            "baseline": 5840.722142396528,
            "latencyUpperBound": {
                "P0": 151.10392059986043,
                "P50": 245.40247970009904,
                "P99": 1001.9495505880702
            }
        },
        "windows-2022-x64-azure-rio-schannel": {
            "baseline": 7553.738235829474,
            "latencyUpperBound": {
                "P0": 96.37408285061962,
                "P50": 115.54599695474091,
                "P99": 237.11394574923153
            }
        },
        "windows-2025-x64-azure-rio-schannel": {
            "baseline": 1388.1980224699564,
            "latencyUpperBound": {
                "P0": 208.4830744015992,
                "P50": 452.35720003048027,
                "P99": 2607.4005382394053
            }
        },
        "windows server-x64-azure-iocp-schannel": {
            "baseline": -218.68687316960313,
            "latencyUpperBound": {
                "P0": 620.1079698715891,
                "P50": 974.2483011263311,
                "P99": 1942.930982765958
            }
        },
        "windows-2022-x64-azure-iocp-schannel": {
            "baseline": 7660.572357171005,
            "latencyUpperBound": {
                "P0": 101.83037260290776,
                "P50": 116.93235284692611,
                "P99": 262.14563706859826
            }
        },
        "windows-2022-x64-lab-iocp-schannel": {
            "baseline": 936.8932146145818,
            "latencyUpperBound": {
                "P0": 689.5477718726625,
                "P50": 1044.9501500547783,
                "P99": 1743.6964983731873
            }
        },
        "windows-2025-x64-azure-iocp-schannel": {
            "baseline": 1848.0769024772094,
            "latencyUpperBound": {
                "P0": 219.95754502904958,
                "P50": 403.3155473065931,
                "P99": 2257.314900284994
            }
        }
    },
    "tput-down-tcp": {
        "ubuntu-x64-azure-epoll-openssl": {
            "baseline": -7012738.308778233
        },
        "ubuntu-20.04-x64-azure-epoll-openssl": {
            "baseline": 9450307.776937293
        },
        "ubuntu-20.04-x64-lab-epoll-openssl": {
            "baseline": 8558262.754388908
        },
        "windows server-x64-azure-rio-schannel": {
            "baseline": 1421758.3976388061
        },
        "windows-2022-x64-azure-rio-schannel": {
            "baseline": 4064329.588511072
        },
        "windows-2025-x64-azure-rio-schannel": {
            "baseline": 881131.298122972
        },
        "windows server-x64-azure-iocp-schannel": {
            "baseline": -6484207.131615571
        },
        "windows-2022-x64-azure-iocp-schannel": {
            "baseline": 9450048.029247032
        },
        "windows-2022-x64-lab-iocp-schannel": {
            "baseline": 10562971.524281483
        },
        "windows-2025-x64-azure-iocp-schannel": {
            "baseline": 832946.0426189224
        }
    },
    "hps-conns-100-tcp": {
        "ubuntu-x64-azure-epoll-openssl": {
            "baseline": 217.68115016948104
        },
        "ubuntu-20.04-x64-azure-epoll-openssl": {
            "baseline": 1241.8620539755052
        },
        "ubuntu-20.04-x64-lab-epoll-openssl": {
            "baseline": 450.71274723797
        },
        "windows server-x64-azure-rio-schannel": {
            "baseline": 856.6152309520886
        },
        "windows-2022-x64-azure-rio-schannel": {
            "baseline": 564.8904691722199
        },
        "windows-2025-x64-azure-rio-schannel": {
            "baseline": 731.2383427208335
        },
        "windows server-x64-azure-iocp-schannel": {
            "baseline": 641.8927258305994
        },
        "windows-2022-x64-azure-iocp-schannel": {
            "baseline": -566.9874588298419
        },
        "windows-2022-x64-lab-iocp-schannel": {
            "baseline": -1258.2823591058946
        },
        "windows-2025-x64-azure-iocp-schannel": {
            "baseline": 954.635112378948
        }
    },
    "tput-up-tcp": {
        "ubuntu-x64-azure-epoll-openssl": {
            "baseline": -7437873.8154752655
        },
        "ubuntu-20.04-x64-azure-epoll-openssl": {
            "baseline": 9494572.996174153
        },
        "ubuntu-20.04-x64-lab-epoll-openssl": {
            "baseline": 9722146.228570849
        },
        "windows server-x64-azure-rio-schannel": {
            "baseline": 1824252.9286445663
        },
        "windows-2022-x64-azure-rio-schannel": {
            "baseline": 2058307.338039232
        },
        "windows-2025-x64-azure-rio-schannel": {
            "baseline": 346504.32760740863
        },
        "windows server-x64-azure-iocp-schannel": {
            "baseline": -7110803.34410489
        },
        "windows-2022-x64-azure-iocp-schannel": {
            "baseline": 9073473.448968355
        },
        "windows-2022-x64-lab-iocp-schannel": {
            "baseline": 12992803.130209908
        },
        "windows-2025-x64-azure-iocp-schannel": {
            "baseline": 422902.26351208985
        }
    },
    "hps-conns-100-quic": {
        "windows server-x64-azure-xdp-schannel": {
            "baseline": -376.7576752625032
        },