{
    "tput-down-quic": {
        "windows server-x64-azure-wsk-schannel": {
            "baseline": 280439.37596846744
        },
        "windows-2022-x64-azure-wsk-schannel": {
            "baseline": 4772387.382724806
        },
        "windows-2022-x64-lab-wsk-schannel": {
            "baseline": 6042302.514290046
        },
        "windows-2025-x64-azure-wsk-schannel": {
            "baseline": 809895.2952478956
        },
        "windows server-x64-azure-xdp-schannel": {
            "baseline": -4061805.3691339646
        },
        "windows-2022-x64-azure-xdp-schannel": {
            "baseline": 2232655.4771727514
        },
        "windows-2022-x64-lab-xdp-schannel": {
            "baseline": 6804857.120998643
        },
        "windows-2025-x64-azure-xdp-schannel": {
            "baseline": 537247.9224152453
        },
        "ubuntu-x64-azure-epoll-openssl": {
            "baseline": -3278740.6704180953
        },
        "ubuntu-20.04-x64-azure-epoll-openssl": {
            "baseline": 3643921.67279949
        },
        "ubuntu-20.04-x64-lab-epoll-openssl": {
            "baseline": -6782694.921940063
        },
        "windows server-x64-azure-rio-schannel": {
            "baseline": 48103.35102632032
        },
        "windows-2022-x64-azure-rio-schannel": {
            "baseline": -20415.203273011975
        },
        "windows-2025-x64-azure-rio-schannel": {
            "baseline": -654642.3751397454
        },
        "windows server-x64-azure-iocp-schannel": {
            "baseline": -3397187.7013885602
        },
        "windows-2022-x64-azure-iocp-schannel": {
            "baseline": -558275.4378903611
        },
        "windows-2022-x64-lab-iocp-schannel": {
            "baseline": -7655966.277709965
        },
        "windows-2025-x64-azure-iocp-schannel": {
            "baseline": 875844.5428471261
        }
    },
    "rps-up-512-down-4000-tcp": {
        "ubuntu-x64-azure-epoll-openssl": {
            "baseline": -249.1558182763447,
            "latencyUpperBound": {
                "P0": 685.6357777826255,
                "P50": 1001.154369866239,
                "P99": 1704.1090575522765
            }
        },
        "ubuntu-20.04-x64-azure-epoll-openssl": {
            "baseline": 6547.056863796492,
            "latencyUpperBound": {
                "P0": 107.77791988184521,
                "P50": 130.54743302649433,
                "P99": 333.01863572427396
            }
        },
        "ubuntu-20.04-x64-lab-epoll-openssl": {
            "baseline": -12723.115618044229,
            "latencyUpperBound": {
                "P0": 1714.4890817030375,
                "P50": 2555.210289771994,
                "P99": 4475.5951241281045
            }
        },
        "windows server-x64-azure-rio-schannel": {
            "baseline": 5840.722142396528,
            "latencyUpperBound": {
                "P0": 151.10392059986043,
                "P50": 245.40247970009904,
                "P99": 1001.9495505880702
            }
        },
        "windows-2022-x64-azure-rio-schannel": {
            "baseline": 7308.118723355136,
            "latencyUpperBound": {
                "P0": 118.86468638264147,
                "P50": 115.53987239274207,
                "P99": 224.1779965958966
            }
        },
        "windows-2025-x64-azure-rio-schannel": {
            "baseline": 1310.4309938274341,
            "latencyUpperBound": {
                "P0": 201.09397923813546,
                "P50": 459.5553732865567,
                "P99": 2641.7373436955404
            }
        },
        "windows server-x64-azure-iocp-schannel": {
            "baseline": -218.68687316960313,
            "latencyUpperBound": {
                "P0": 620.1079698715891,
                "P50": 974.2483011263311,
                "P99": 1942.930982765958
            }
        },
        "windows-2022-x64-azure-iocp-schannel": {
            "baseline": 7866.98381732793,
            "latencyUpperBound": {
                "P0": 113.9398275305357,
                "P50": 121.90500322778742,
                "P99": 250.01233414759193
            }
        },
        "windows-2022-x64-lab-iocp-schannel": {
            "baseline": -12202.411990448885,
            "latencyUpperBound": {
                "P0": 1221.3346530982856,
                "P50": 1980.207343060596,
                "P99": 3334.2600164920514
            }
        },
        "windows-2025-x64-azure-iocp-schannel": {
            "baseline": 1661.2675083965096,
            "latencyUpperBound": {
                "P0": 214.30481654874964,
                "P50": 403.52775800286025,
                "P99": 2504.267575735651
            }
        }
    },
    "tput-down-tcp": {
        "ubuntu-x64-azure-epoll-openssl": {
            "baseline": -7012738.308778233
        },
        "ubuntu-20.04-x64-azure-epoll-openssl": {
            "baseline": 3382134.546943238
        },
        "ubuntu-20.04-x64-lab-epoll-openssl": {
            "baseline": 6812286.889178067
        },
        "windows server-x64-azure-rio-schannel": {
            "baseline": 1421758.3976388061
        },
        "windows-2022-x64-azure-rio-schannel": {
            "baseline": -4626815.284088347
        },
        "windows-2025-x64-azure-rio-schannel": {
            "baseline": 1163878.7911554154
        },
        "windows server-x64-azure-iocp-schannel": {
            "baseline": -6484207.131615571
        },
        "windows-2022-x64-azure-iocp-schannel": {
            "baseline": 265158.7988468297
        },
        "windows-2022-x64-lab-iocp-schannel": {
            "baseline": 6072628.625011951
        },
        "windows-2025-x64-azure-iocp-schannel": {
            "baseline": 1232645.7000412075
        }
    },
    "hps-conns-100-tcp": {
        "ubuntu-x64-azure-epoll-openssl": {
            "baseline": 217.68115016948104
        },
        "ubuntu-20.04-x64-azure-epoll-openssl": {
            "baseline": 845.8251435850132
        },
        "ubuntu-20.04-x64-lab-epoll-openssl": {
            "baseline": -726.0656783600919
        },
        "windows server-x64-azure-rio-schannel": {
            "baseline": 856.6152309520886
        },
        "windows-2022-x64-azure-rio-schannel": {
            "baseline": 447.7157137380392
        },
        "windows-2025-x64-azure-rio-schannel": {
            "baseline": 748.2161362582578
        },
        "windows server-x64-azure-iocp-schannel": {
            "baseline": 641.8927258305994
        },
        "windows-2022-x64-azure-iocp-schannel": {
            "baseline": -194.49774590941365
        },
        "windows-2022-x64-lab-iocp-schannel": {
            "baseline": -1522.4837893058236
        },
        "windows-2025-x64-azure-iocp-schannel": {
            "baseline": 921.1627379517673
        }
    },
    "tput-up-tcp": {
        "ubuntu-x64-azure-epoll-openssl": {
            "baseline": -7437873.8154752655
        },
        "ubuntu-20.04-x64-azure-epoll-openssl": {
            "baseline": 5318884.5809375495
        },
        "ubuntu-20.04-x64-lab-epoll-openssl": {
            "baseline": 9758138.839977598
        },
        "windows server-x64-azure-rio-schannel": {
            "baseline": 1824252.9286445663
        },
        "windows-2022-x64-azure-rio-schannel": {
            "baseline": -9989883.987804526
        },
        "windows-2025-x64-azure-rio-schannel": {
            "baseline": 747015.8754984068
        },
        "windows server-x64-azure-iocp-schannel": {
            "baseline": -7110803.34410489
        },
        "windows-2022-x64-azure-iocp-schannel": {
            "baseline": -4573496.719498064
        },
        "windows-2022-x64-lab-iocp-schannel": {
            "baseline": 11132835.081427775
        },
        "windows-2025-x64-azure-iocp-schannel": {
            "baseline": 856809.4421822904
        }
    },