{
    "tput-down-quic": {
        "windows server-x64-azure-wsk-schannel": {
            "baseline": 280439.37596846744
        },
        "windows-2022-x64-azure-wsk-schannel": {
            "baseline": 2525050.6524834046
        },
        "windows-2022-x64-lab-wsk-schannel": {
            "baseline": 5911119.696146311
        },
        "windows-2025-x64-azure-wsk-schannel": {
            "baseline": 809895.2952478956
        },
        "windows server-x64-azure-xdp-schannel": {
            "baseline": -4061805.3691339646
        },
        "windows-2022-x64-azure-xdp-schannel": {
            "baseline": 2133473.327744589
        },
        "windows-2022-x64-lab-xdp-schannel": {
            "baseline": 6325022.861903975
        },
        "windows-2025-x64-azure-xdp-schannel": {
            "baseline": 537247.9224152453
        },
        "ubuntu-x64-azure-epoll-openssl": {
            "baseline": -3278740.6704180953
        },
        "ubuntu-20.04-x64-azure-epoll-openssl": {
            "baseline": 3458043.4279235033
        },
        "ubuntu-20.04-x64-lab-epoll-openssl": {
            "baseline": -7107896.423279971
        },
        "windows server-x64-azure-rio-schannel": {
            "baseline": 48103.35102632032
        },
        "windows-2022-x64-azure-rio-schannel": {
            "baseline": -22330.96873579957
        },
        "windows-2025-x64-azure-rio-schannel": {
            "baseline": -654642.3751397454
        },
        "windows server-x64-azure-iocp-schannel": {
            "baseline": -3397187.7013885602
        },
        "windows-2022-x64-azure-iocp-schannel": {
            "baseline": -895145.3910195623
        },
        "windows-2022-x64-lab-iocp-schannel": {
            "baseline": -7222202.620714878
        },
        "windows-2025-x64-azure-iocp-schannel": {
            "baseline": 875844.5428471261
        }
    },
    "rps-up-512-down-4000-tcp": {
        "ubuntu-x64-azure-epoll-openssl": {
            "baseline": -249.1558182763447,
            "latencyUpperBound": {
                "P0": 685.6357777826255,
                "P50": 1001.154369866239,
                "P99": 1704.1090575522765
            }
        },
        "ubuntu-20.04-x64-azure-epoll-openssl": {
            "baseline": 4778.692655607865,
            "latencyUpperBound": {
                "P0": 127.36366169002143,
                "P50": 151.76960571490383,
                "P99": 352.47786617715826
            }
        },
        "ubuntu-20.04-x64-lab-epoll-openssl": {
            "baseline": -13376.843504790093,
            "latencyUpperBound": {
                "P0": 1750.832608999221,
                "P50": 2613.4557273092846,
                "P99": 4574.507013834287
            }
        },
        "windows server-x64-azure-rio-schannel": {
            "baseline": 5840.722142396528,
            "latencyUpperBound": {
                "P0": 151.10392059986043,
                "P50": 245.40247970009904,
                "P99": 1001.9495505880702
            }
        },
        "windows-2022-x64-azure-rio-schannel": {
            "baseline": 5181.351005064261,
            "latencyUpperBound": {
                "P0": 117.75709118700672,
                "P50": 140.80564596956884,
                "P99": 227.38758232224922
            }
        },
        "windows-2025-x64-azure-rio-schannel": {
            "baseline": 1310.4309938274341,
            "latencyUpperBound": {
                "P0": 201.09397923813546,
                "P50": 459.5553732865567,
                "P99": 2641.7373436955404
            }
        },
        "windows server-x64-azure-iocp-schannel": {
            "baseline": -218.68687316960313,
            "latencyUpperBound": {
                "P0": 620.1079698715891,
                "P50": 974.2483011263311,
                "P99": 1942.930982765958
            }
        },
        "windows-2022-x64-azure-iocp-schannel": {
            "baseline": 7920.414872993495,
            "latencyUpperBound": {
                "P0": 117.79531829993743,
                "P50": 122.78852405898343,
                "P99": 244.42246007420968
            }
        },
        "windows-2022-x64-lab-iocp-schannel": {
            "baseline": -12729.854527820653,
            "latencyUpperBound": {
                "P0": 1248.099830284305,
                "P50": 2024.021815725779,
                "P99": 3408.9510354200947
            }
        },
        "windows-2025-x64-azure-iocp-schannel": {
            "baseline": 1661.2675083965096,
            "latencyUpperBound": {
                "P0": 214.30481654874964,
                "P50": 403.52775800286025,
                "P99": 2504.267575735651
            }
        }
    },
    "tput-down-tcp": {
        "ubuntu-x64-azure-epoll-openssl": {
            "baseline": -7012738.308778233
        },
        "ubuntu-20.04-x64-azure-epoll-openssl": {
            "baseline": 720606.5896858312
        },
        "ubuntu-20.04-x64-lab-epoll-openssl": {
            "baseline": 6553671.910579899
        },
        "windows server-x64-azure-rio-schannel": {
            "baseline": 1421758.3976388061
        },
        "windows-2022-x64-azure-rio-schannel": {
            "baseline": -4085988.6011531716
        },
        "windows-2025-x64-azure-rio-schannel": {
            "baseline": 1163878.7911554154
        },
        "windows server-x64-azure-iocp-schannel": {
            "baseline": -6484207.131615571
        },
        "windows-2022-x64-azure-iocp-schannel": {
            "baseline": -497633.14421433397
        },
        "windows-2022-x64-lab-iocp-schannel": {
            "baseline": 5561177.0319144465
        },
        "windows-2025-x64-azure-iocp-schannel": {
            "baseline": 1232645.7000412075
        }
    },
    "hps-conns-100-tcp": {
        "ubuntu-x64-azure-epoll-openssl": {
            "baseline": 217.68115016948104
        },
        "ubuntu-20.04-x64-azure-epoll-openssl": {
            "baseline": 718.9082829988367
        },
        "ubuntu-20.04-x64-lab-epoll-openssl": {
            "baseline": -783.0811323300751
        },
        "windows server-x64-azure-rio-schannel": {
            "baseline": 856.6152309520886
        },
        "windows-2022-x64-azure-rio-schannel": {
            "baseline": 146.23469740585335
        },
        "windows-2025-x64-azure-rio-schannel": {
            "baseline": 748.2161362582578
        },
        "windows server-x64-azure-iocp-schannel": {
            "baseline": 641.8927258305994
        },
        "windows-2022-x64-azure-iocp-schannel": {
            "baseline": -113.63042292367231
        },
        "windows-2022-x64-lab-iocp-schannel": {
            "baseline": -1728.5182741811586
        },
        "windows-2025-x64-azure-iocp-schannel": {
            "baseline": 921.1627379517673
        }
    },
    "tput-up-tcp": {
        "ubuntu-x64-azure-epoll-openssl": {
            "baseline": -7437873.8154752655
        },
        "ubuntu-20.04-x64-azure-epoll-openssl": {
            "baseline": 4845323.133092751
        },
        "ubuntu-20.04-x64-lab-epoll-openssl": {
            "baseline": 9883552.372298818
        },
        "windows server-x64-azure-rio-schannel": {
            "baseline": 1824252.9286445663
        },
        "windows-2022-x64-azure-rio-schannel": {
            "baseline": -9499423.270592093
        },
        "windows-2025-x64-azure-rio-schannel": {
            "baseline": 747015.8754984068
        },
        "windows server-x64-azure-iocp-schannel": {
            "baseline": -7110803.34410489
        },
        "windows-2022-x64-azure-iocp-schannel": {
            "baseline": -5719935.06886331
        },
        "windows-2022-x64-lab-iocp-schannel": {
            "baseline": 10777416.343678065
        },
        "windows-2025-x64-azure-iocp-schannel": {
            "baseline": 856809.4421822904
        }
    },