{
    "tput-down-quic": {
        "windows server-x64-azure-wsk-schannel": {
            "baseline": 280439.37596846744
        },
        "windows-2022-x64-azure-wsk-schannel": {
            "baseline": 3750151.271874564
        },
        "windows-2022-x64-lab-wsk-schannel": {
            "baseline": 5956661.479084402
        },
        "windows-2025-x64-azure-wsk-schannel": {
            "baseline": 809895.2952478956
        },
        "windows server-x64-azure-xdp-schannel": {
            "baseline": -4061805.3691339646
        },
        "windows-2022-x64-azure-xdp-schannel": {
            "baseline": 2094341.1045849277
        },
        "windows-2022-x64-lab-xdp-schannel": {
            "baseline": 6260823.945633547
        },
        "windows-2025-x64-azure-xdp-schannel": {
            "baseline": 537247.9224152453
        },
        "ubuntu-x64-azure-epoll-openssl": {
            "baseline": -3278740.6704180953
        },
        "ubuntu-20.04-x64-azure-epoll-openssl": {
            "baseline": 3553657.6499024336
        },
        "ubuntu-20.04-x64-lab-epoll-openssl": {
            "baseline": -7131260.111138894
        },
        "windows server-x64-azure-rio-schannel": {
            "baseline": 48103.35102632032
        },
        "windows-2022-x64-azure-rio-schannel": {
            "baseline": -15725.130601199366
        },
        "windows-2025-x64-azure-rio-schannel": {
            "baseline": -654642.3751397454
        },
        "windows server-x64-azure-iocp-schannel": {
            "baseline": -3397187.7013885602
        },
        "windows-2022-x64-azure-iocp-schannel": {
            "baseline": -910658.8464975525
        },
        "windows-2022-x64-lab-iocp-schannel": {
            "baseline": -7234409.300234128
        },
        "windows-2025-x64-azure-iocp-schannel": {
            "baseline": 875844.5428471261
        }
    },
    "rps-up-512-down-4000-tcp": {
        "ubuntu-x64-azure-epoll-openssl": {
            "baseline": -249.1558182763447,
            "latencyUpperBound": {
                "P0": 685.6357777826255,
                "P50": 1001.154369866239,
                "P99": 1704.1090575522765
            }
        },
        "ubuntu-20.04-x64-azure-epoll-openssl": {
            "baseline": 5116.339406615487,
            "latencyUpperBound": {
                "P0": 122.17795492181048,
                "P50": 147.8366346497848,
                "P99": 349.99004096196956
            }
        },
        "ubuntu-20.04-x64-lab-epoll-openssl": {
            "baseline": -13379.682442584328,
            "latencyUpperBound": {
                "P0": 1751.3231884611405,
                "P50": 2612.6444970422717,
                "P99": 4573.438346019812
            }
        },
        "windows server-x64-azure-rio-schannel": {
            "baseline": 5840.722142396528,
            "latencyUpperBound": {
                "P0": 151.10392059986043,
                "P50": 245.40247970009904,
                "P99": 1001.9495505880702
            }
        },
        "windows-2022-x64-azure-rio-schannel": {
            "baseline": 5998.673008208016,
            "latencyUpperBound": {
                "P0": 118.42119805608354,
                "P50": 137.76347810233446,
                "P99": 223.08262695582988
            }
        },
        "windows-2025-x64-azure-rio-schannel": {
            "baseline": 1310.4309938274341,
            "latencyUpperBound": {
                "P0": 201.09397923813546,
                "P50": 459.5553732865567,
                "P99": 2641.7373436955404
            }
        },
        "windows server-x64-azure-iocp-schannel": {
            "baseline": -218.68687316960313,
            "latencyUpperBound": {
                "P0": 620.1079698715891,
                "P50": 974.2483011263311,
                "P99": 1942.930982765958
            }
        },
        "windows-2022-x64-azure-iocp-schannel": {
            "baseline": 7892.152362630925,
            "latencyUpperBound": {
                "P0": 117.52605463428765,
                "P50": 122.5299837945502,
                "P99": 246.87689336833722
            }
        },
        "windows-2022-x64-lab-iocp-schannel": {
            "baseline": -12786.289133637521,
            "latencyUpperBound": {
                "P0": 1247.8846139061338,
                "P50": 2023.9123098734863,
                "P99": 3409.4355239472416
            }
        },
        "windows-2025-x64-azure-iocp-schannel": {
            "baseline": 1661.2675083965096,
            "latencyUpperBound": {
                "P0": 214.30481654874964,
                "P50": 403.52775800286025,
                "P99": 2504.267575735651
            }
        }
    },
    "tput-down-tcp": {
        "ubuntu-x64-azure-epoll-openssl": {
            "baseline": -7012738.308778233
        },
        "ubuntu-20.04-x64-azure-epoll-openssl": {
            "baseline": 955757.5005024616
        },
        "ubuntu-20.04-x64-lab-epoll-openssl": {
            "baseline": 6649239.02386618
        },
        "windows server-x64-azure-rio-schannel": {
            "baseline": 1421758.3976388061
        },
        "windows-2022-x64-azure-rio-schannel": {
            "baseline": -4161054.7844727095
        },
        "windows-2025-x64-azure-rio-schannel": {
            "baseline": 1163878.7911554154
        },
        "windows server-x64-azure-iocp-schannel": {
            "baseline": -6484207.131615571
        },
        "windows-2022-x64-azure-iocp-schannel": {
            "baseline": -698707.8089281488
        },
        "windows-2022-x64-lab-iocp-schannel": {
            "baseline": 5673030.87267171
        },
        "windows-2025-x64-azure-iocp-schannel": {
            "baseline": 1232645.7000412075
        }
    },
    "hps-conns-100-tcp": {
        "ubuntu-x64-azure-epoll-openssl": {
            "baseline": 217.68115016948104
        },
        "ubuntu-20.04-x64-azure-epoll-openssl": {
            "baseline": 765.5749192920454
        },
        "ubuntu-20.04-x64-lab-epoll-openssl": {
            "baseline": -781.4140483702947
        },
        "windows server-x64-azure-rio-schannel": {
            "baseline": 856.6152309520886
        },
        "windows-2022-x64-azure-rio-schannel": {
            "baseline": 141.8312223883072
        },
        "windows-2025-x64-azure-rio-schannel": {
            "baseline": 748.2161362582578
        },
        "windows server-x64-azure-iocp-schannel": {
            "baseline": 641.8927258305994
        },
        "windows-2022-x64-azure-iocp-schannel": {
            "baseline": -155.53699630576307
        },
        "windows-2022-x64-lab-iocp-schannel": {
            "baseline": -1655.4460155105035
        },
        "windows-2025-x64-azure-iocp-schannel": {
            "baseline": 921.1627379517673
        }
    },
    "tput-up-tcp": {
        "ubuntu-x64-azure-epoll-openssl": {
            "baseline": -7437873.8154752655
        },
        "ubuntu-20.04-x64-azure-epoll-openssl": {
            "baseline": 4493251.9228417985
        },
        "ubuntu-20.04-x64-lab-epoll-openssl": {
            "baseline": 9822522.782304607
        },
        "windows server-x64-azure-rio-schannel": {
            "baseline": 1824252.9286445663
        },
        "windows-2022-x64-azure-rio-schannel": {
            "baseline": -9101497.097379781
        },
        "windows-2025-x64-azure-rio-schannel": {
            "baseline": 747015.8754984068
        },
        "windows server-x64-azure-iocp-schannel": {
            "baseline": -7110803.34410489
        },
        "windows-2022-x64-azure-iocp-schannel": {
            "baseline": -5452766.278310953
        },
        "windows-2022-x64-lab-iocp-schannel": {
            "baseline": 11254883.086584818
        },
        "windows-2025-x64-azure-iocp-schannel": {
            "baseline": 856809.4421822904
        }
    },