{
    "tput-down-quic": {
        "windows server-x64-azure-wsk-schannel": {
            "baseline": 280439.37596846744
        },
        "windows-2022-x64-azure-wsk-schannel": {
            "baseline": 5059546.530824355
        },
        "windows-2022-x64-lab-wsk-schannel": {
            "baseline": 5915027.862536384
        },
        "windows-2025-x64-azure-wsk-schannel": {
            "baseline": 552695.8869829851
        },
        "windows server-x64-azure-xdp-schannel": {
            "baseline": -4061805.3691339646
        },
        "windows-2022-x64-azure-xdp-schannel": {
            "baseline": 5162679.424189992
        },
        "windows-2022-x64-lab-xdp-schannel": {
            "baseline": 6345615.129418593
        },
        "windows-2025-x64-azure-xdp-schannel": {
            "baseline": 632649.5637410752
        },
        "ubuntu-x64-azure-epoll-openssl": {
            "baseline": -3278740.6704180953
        },
        "ubuntu-20.04-x64-azure-epoll-openssl": {
            "baseline": 4772365.218119668
        },
        "ubuntu-20.04-x64-lab-epoll-openssl": {
            "baseline": 621867.0567666045
        },
        "windows server-x64-azure-rio-schannel": {
            "baseline": 48103.35102632032
        },
        "windows-2022-x64-azure-rio-schannel": {
            "baseline": 33330.6361316375
        },
        "windows-2025-x64-azure-rio-schannel": {
            "baseline": 94083.60300300649
        },
        "windows server-x64-azure-iocp-schannel": {
            "baseline": -3397187.7013885602
        },
        "windows-2022-x64-azure-iocp-schannel": {
            "baseline": 5106691.930148555
        },
        "windows-2022-x64-lab-iocp-schannel": {
            "baseline": -2255466.2579046916
        },
        "windows-2025-x64-azure-iocp-schannel": {
            "baseline": 570690.4712719724
        }
    },
    "rps-up-512-down-4000-tcp": {
        "ubuntu-x64-azure-epoll-openssl": {
            "baseline": -249.1558182763447,
            "latencyUpperBound": {
                "P0": 685.6357777826255,
                "P50": 1001.154369866239,
                "P99": 1704.1090575522765
            }
        },
        "ubuntu-20.04-x64-azure-epoll-openssl": {
            "baseline": 7015.289125776426,
            "latencyUpperBound": {
                "P0": 105.77873997403707,
                "P50": 128.26599611689994,
                "P99": 259.749863387611
            }
        },
        "ubuntu-20.04-x64-lab-epoll-openssl": {
            "baseline": 772.8392876135778,
            "latencyUpperBound": {
                "P0": 930.6675143819879,
                "P50": 1276.8433666561814,
                "P99": 2412.2557250163736
            }
        },
        "windows server-x64-azure-rio-schannel": {
            "baseline": 5840.722142396528,
            "latencyUpperBound": {
                "P0": 151.10392059986043,
                "P50": 245.40247970009904,
                "P99": 1001.9495505880703
            }
        },
        "windows-2022-x64-azure-rio-schannel": {
            "baseline": 7712.08099864563,
            "latencyUpperBound": {
                "P0": 97.30526456179243,
                "P50": 116.82852509382641,
                "P99": 205.7317892662297
            }
        },
        "windows-2025-x64-azure-rio-schannel": {
            "baseline": 2164.4458054702973,
            "latencyUpperBound": {
                "P0": 211.97787506233468,
                "P50": 373.3449650429979,
                "P99": 1386.0875815003108
            }
        },
        "windows server-x64-azure-iocp-schannel": {
            "baseline": -218.68687316960222,
            "latencyUpperBound": {
                "P0": 620.1079698715891,
                "P50": 974.2483011263311,
                "P99": 1942.930982765958
            }
        },
        "windows-2022-x64-azure-iocp-schannel": {
            "baseline": 7794.451504854439,
            "latencyUpperBound": {
                "P0": 102.41581623797195,
                "P50": 116.57977518760315,
                "P99": 258.3508016135078
            }
        },
        "windows-2022-x64-lab-iocp-schannel": {
            "baseline": 925.4119687738945,
            "latencyUpperBound": {
                "P0": 689.9300072436179,
                "P50": 1055.3873158497279,
                "P99": 1761.6629746290562
            }
        },
        "windows-2025-x64-azure-iocp-schannel": {
            "baseline": 2496.719584605912,
            "latencyUpperBound": {
                "P0": 221.8749566874099,
                "P50": 343.5928859558742,
                "P99": 1239.9115418930014
            }
        }
    },
    "tput-down-tcp": {
        "ubuntu-x64-azure-epoll-openssl": {
            "baseline": -7012738.308778233
        },
        "ubuntu-20.04-x64-azure-epoll-openssl": {
            "baseline": 9444650.668124562
        },
        "ubuntu-20.04-x64-lab-epoll-openssl": {
            "baseline": 8567567.52838897
        },
        "windows server-x64-azure-rio-schannel": {
            "baseline": 1421758.3976388061
        },
        "windows-2022-x64-azure-rio-schannel": {
            "baseline": 4070529.601575142
        },
        "windows-2025-x64-azure-rio-schannel": {
            "baseline": 736389.641751348
        },
        "windows server-x64-azure-iocp-schannel": {
            "baseline": -6484207.131615571
        },
        "windows-2022-x64-azure-iocp-schannel": {
            "baseline": 9484155.808939986
        },
        "windows-2022-x64-lab-iocp-schannel": {
            "baseline": 10499873.052750735
        },
        "windows-2025-x64-azure-iocp-schannel": {
            "baseline": 621656.257886457
        }
    },
    "hps-conns-100-tcp": {
        "ubuntu-x64-azure-epoll-openssl": {
            "baseline": 217.68115016948104
        },
        "ubuntu-20.04-x64-azure-epoll-openssl": {
            "baseline": 1271.3803115399883
        },
        "ubuntu-20.04-x64-lab-epoll-openssl": {
            "baseline": 445.51591215996166
        },
        "windows server-x64-azure-rio-schannel": {
            "baseline": 856.6152309520886
        },
        "windows-2022-x64-azure-rio-schannel": {
            "baseline": 517.5947257366036
        },
        "windows-2025-x64-azure-rio-schannel": {
            "baseline": 719.0121474185124
        },
        "windows server-x64-azure-iocp-schannel": {
            "baseline": 641.8927258305994
        },
        "windows-2022-x64-azure-iocp-schannel": {
            "baseline": -765.1670147023501
        },
        "windows-2022-x64-lab-iocp-schannel": {
            "baseline": -1574.1266098480487
        },
        "windows-2025-x64-azure-iocp-schannel": {
            "baseline": 943.7593245539181
        }
    },
    "tput-up-tcp": {
        "ubuntu-x64-azure-epoll-openssl": {
            "baseline": -7437873.8154752655
        },
        "ubuntu-20.04-x64-azure-epoll-openssl": {
            "baseline": 9495805.091262965
        },
        "ubuntu-20.04-x64-lab-epoll-openssl": {
            "baseline": 9561577.515050428
        },
        "windows server-x64-azure-rio-schannel": {
            "baseline": 1824252.9286445663
        },
        "windows-2022-x64-azure-rio-schannel": {
            "baseline": 1897889.513851921
        },
        "windows-2025-x64-azure-rio-schannel": {
            "baseline": 257490.05956600886
        },
        "windows server-x64-azure-iocp-schannel": {
            "baseline": -7110803.34410489
        },
        "windows-2022-x64-azure-iocp-schannel": {
            "baseline": 9012111.720254507
        },
        "windows-2022-x64-lab-iocp-schannel": {
            "baseline": 13419453.123122877
        },
        "windows-2025-x64-azure-iocp-schannel": {
            "baseline": 253086.11115031876
        }
    },
    "hps-conns-100-quic": {
        "windows server-x64-azure-xdp-schannel": {
            "baseline": -376.75767526250274
        },