{
    "tput-down-quic": {
        "windows server-x64-azure-wsk-schannel": {
            "baseline": 280439.37596846744
        },
        "windows-2022-x64-azure-wsk-schannel": {
            "baseline": 5432759.096664086
        },
        "windows-2022-x64-lab-wsk-schannel": {
            "baseline": 5817213.060381289
        },
        "windows-2025-x64-azure-wsk-schannel": {
            "baseline": 587982.2769341124
        },
        "windows server-x64-azure-xdp-schannel": {
            "baseline": -4061805.3691339646
        },
        "windows-2022-x64-azure-xdp-schannel": {
            "baseline": 5111679.112968738
        },
        "windows-2022-x64-lab-xdp-schannel": {
            "baseline": 6108336.345751023
        },
        "windows-2025-x64-azure-xdp-schannel": {
            "baseline": 499079.49431202025
        },
        "ubuntu-x64-azure-epoll-openssl": {
            "baseline": -3278740.6704180953
        },
        "ubuntu-20.04-x64-azure-epoll-openssl": {
            "baseline": 5220409.920738318
        },
        "ubuntu-20.04-x64-lab-epoll-openssl": {
            "baseline": 679289.1325663512
        },
        "windows server-x64-azure-rio-schannel": {
            "baseline": 48103.35102632032
        },
        "windows-2022-x64-azure-rio-schannel": {
            "baseline": 30591.844692429193
        },
        "windows-2025-x64-azure-rio-schannel": {
            "baseline": 86898.60697799183
        },
        "windows server-x64-azure-iocp-schannel": {
            "baseline": -3397187.7013885602
        },
        "windows-2022-x64-azure-iocp-schannel": {
            "baseline": 5080180.904132373
        },
        "windows-2022-x64-lab-iocp-schannel": {
            "baseline": -3659093.0438322723
        },
        "windows-2025-x64-azure-iocp-schannel": {
            "baseline": 454996.8880058499
        }
    },
    "rps-up-512-down-4000-tcp": {
        "ubuntu-x64-azure-epoll-openssl": {
            "baseline": -249.1558182763447,
            "latencyUpperBound": "TODO"
        },
        "ubuntu-20.04-x64-azure-epoll-openssl": {
            "baseline": 7015.341484257657,
            "latencyUpperBound": "TODO"
        },
        "ubuntu-20.04-x64-lab-epoll-openssl": {
            "baseline": 773.4501655647292,
            "latencyUpperBound": "TODO"
        },
        "windows server-x64-azure-rio-schannel": {
            "baseline": 5840.722142396528,
            "latencyUpperBound": "TODO"
        },
        "windows-2022-x64-azure-rio-schannel": {
            "baseline": 7249.846003682378,
            "latencyUpperBound": "TODO"
        },
        "windows-2025-x64-azure-rio-schannel": {
            "baseline": 2001.320622377697,
            "latencyUpperBound": "TODO"
        },
        "windows server-x64-azure-iocp-schannel": {
            "baseline": -218.68687316960222,
            "latencyUpperBound": "TODO"
        },
        "windows-2022-x64-azure-iocp-schannel": {
            "baseline": 7823.7314799558935,
            "latencyUpperBound": "TODO"
        },
        "windows-2022-x64-lab-iocp-schannel": {
            "baseline": 971.0985469256096,
            "latencyUpperBound": "TODO"
        },
        "windows-2025-x64-azure-iocp-schannel": {
            "baseline": 2539.6850565744176,
            "latencyUpperBound": "TODO"
        }
    },
    "tput-down-tcp": {
        "ubuntu-x64-azure-epoll-openssl": {
            "baseline": -7012738.308778233
        },
        "ubuntu-20.04-x64-azure-epoll-openssl": {
            "baseline": 9437983.860717153
        },
        "ubuntu-20.04-x64-lab-epoll-openssl": {
            "baseline": 8746292.119156346
        },
        "windows server-x64-azure-rio-schannel": {
            "baseline": 1421758.3976388061
        },
        "windows-2022-x64-azure-rio-schannel": {
            "baseline": 3871429.309322205
        },
        "windows-2025-x64-azure-rio-schannel": {
            "baseline": 446604.12765259994
        },
        "windows server-x64-azure-iocp-schannel": {
            "baseline": -6484207.131615571
        },
        "windows-2022-x64-azure-iocp-schannel": {
            "baseline": 9483341.497415356
        },
        "windows-2022-x64-lab-iocp-schannel": {
            "baseline": 9774810.950688556
        },
        "windows-2025-x64-azure-iocp-schannel": {
            "baseline": 279605.70378728374
        }
    },
    "hps-conns-100-tcp": {
        "ubuntu-x64-azure-epoll-openssl": {
            "baseline": 217.68115016948104
        },
        "ubuntu-20.04-x64-azure-epoll-openssl": {
            "baseline": 1271.6390885240526
        },
        "ubuntu-20.04-x64-lab-epoll-openssl": {
            "baseline": 436.54182900460285
        },
        "windows server-x64-azure-rio-schannel": {
            "baseline": 856.6152309520886
        },
        "windows-2022-x64-azure-rio-schannel": {
            "baseline": 442.84352775527907
        },
        "windows-2025-x64-azure-rio-schannel": {
            "baseline": 691.2362853824328
        },
        "windows server-x64-azure-iocp-schannel": {
            "baseline": 641.8927258305994
        },
        "windows-2022-x64-azure-iocp-schannel": {
            "baseline": -1145.6218385188504
        },
        "windows-2022-x64-lab-iocp-schannel": {
            "baseline": -1846.8332804413628
        },
        "windows-2025-x64-azure-iocp-schannel": {
            "baseline": 971.085154463693
        }
    },
    "tput-up-tcp": {
        "ubuntu-x64-azure-epoll-openssl": {
            "baseline": -7437873.8154752655
        },
        "ubuntu-20.04-x64-azure-epoll-openssl": {
            "baseline": 9495390.225674994
        },
        "ubuntu-20.04-x64-lab-epoll-openssl": {
            "baseline": 9400603.004104879
        },
        "windows server-x64-azure-rio-schannel": {
            "baseline": 1824252.9286445663
        },
        "windows-2022-x64-azure-rio-schannel": {
            "baseline": 1820795.4829360715
        },
        "windows-2025-x64-azure-rio-schannel": {
            "baseline": 277910.9340397292
        },
        "windows server-x64-azure-iocp-schannel": {
            "baseline": -7110803.34410489
        },
        "windows-2022-x64-azure-iocp-schannel": {
            "baseline": 8934922.696230723
        },
        "windows-2022-x64-lab-iocp-schannel": {
            "baseline": 12590057.20668362
        },
        "windows-2025-x64-azure-iocp-schannel": {
            "baseline": 29826.736642029136
        }
    },
    "hps-conns-100-quic": {
        "windows server-x64-azure-xdp-schannel": {
            "baseline": -376.75767526250274
        },
        "windows-2022-x64-azure-xdp-schannel": {
            "baseline": 330.5456610553347
        },
        "windows-2022-x64-lab-xdp-schannel": {
            "baseline": 5160.932836458118
        },
        "windows-2025-x64-azure-xdp-schannel": {
            "baseline": 596.5889097483046
        },
        "ubuntu-x64-azure-epoll-openssl": {
            "baseline": -857.7408093453564
        },
        "ubuntu-20.04-x64-azure-epoll-openssl": {
            "baseline": 1900.1207112090651
        },
        "ubuntu-20.04-x64-lab-epoll-openssl": {
            "baseline": 7912.4307979195455
        },
        "windows server-x64-azure-rio-schannel": {
            "baseline": 290.5249753129958
        },
        "windows-2022-x64-azure-rio-schannel": {
            "baseline": 232.32281394896683
        },
        "windows-2025-x64-azure-rio-schannel": {
            "baseline": 292.3849148726937
        },
        "windows server-x64-azure-iocp-schannel": {
            "baseline": 389.2934681373587
        },
        "windows-2022-x64-azure-iocp-schannel": {
            "baseline": 548.2174816192746
        },
        "windows-2022-x64-lab-iocp-schannel": {
            "baseline": 2397.878944477499
        },
        "windows-2025-x64-azure-iocp-schannel": {
            "baseline": 724.7868792450582
        }
    },