{
    "tput-down-quic": {
        "windows server-x64-azure-wsk-schannel": {
            "baseline": 280439.37596846744
        },
        "windows-2022-x64-azure-wsk-schannel": {
            "baseline": 4856083.390867536
        },
        "windows-2022-x64-lab-wsk-schannel": {
            "baseline": 6027233.552811463
        },
        "windows-2025-x64-azure-wsk-schannel": {
            "baseline": 678990.861663498
        },
        "windows server-x64-azure-xdp-schannel": {
            "baseline": -4061805.3691339646
        },
        "windows-2022-x64-azure-xdp-schannel": {
            "baseline": 5007304.726681313
        },
        "windows-2022-x64-lab-xdp-schannel": {
            "baseline": 6581320.610046863
        },
        "windows-2025-x64-azure-xdp-schannel": {
            "baseline": 508331.31551043736
        },
        "ubuntu-x64-azure-epoll-openssl": {
            "baseline": -3278740.6704180953
        },
        "ubuntu-20.04-x64-azure-epoll-openssl": {
            "baseline": 4870881.289138951
        },
        "ubuntu-20.04-x64-lab-epoll-openssl": {
            "baseline": 581568.0805523113
        },
        "windows server-x64-azure-rio-schannel": {
            "baseline": 48103.35102632032
        },
        "windows-2022-x64-azure-rio-schannel": {
            "baseline": 35945.63892716292
        },
        "windows-2025-x64-azure-rio-schannel": {
            "baseline": 94626.10554852773
        },
        "windows server-x64-azure-iocp-schannel": {
            "baseline": -3397187.7013885602
        },
        "windows-2022-x64-azure-iocp-schannel": {
            "baseline": 5373064.997762042
        },
        "windows-2022-x64-lab-iocp-schannel": {
            "baseline": -2977048.1801854195
        },
        "windows-2025-x64-azure-iocp-schannel": {
            "baseline": 713275.1471862278
        }
    },
    "rps-up-512-down-4000-tcp": {
        "ubuntu-x64-azure-epoll-openssl": {
            "baseline": -249.1558182763447,
            "latencyUpperBound": {
                "P0": 685.6357777826255,
                "P50": 1001.154369866239,
                "P99": 1704.1090575522765
            }
        },
        "ubuntu-20.04-x64-azure-epoll-openssl": {
            "baseline": 7077.860052988763,
            "latencyUpperBound": {
                "P0": 104.4206370276721,
                "P50": 128.31779283973702,
                "P99": 254.77636581906575
            }
        },
        "ubuntu-20.04-x64-lab-epoll-openssl": {
            "baseline": 744.3744951216939,
            "latencyUpperBound": {
                "P0": 989.4724565333493,
                "P50": 1310.1277752379017,
                "P99": 2394.4502264250095
            }
        },
        "windows server-x64-azure-rio-schannel": {
            "baseline": 5840.722142396528,
            "latencyUpperBound": {
                "P0": 151.10392059986043,
                "P50": 245.40247970009904,
                "P99": 1001.9495505880702
            }
        },
        "windows-2022-x64-azure-rio-schannel": {
            "baseline": 7709.987270714304,
            "latencyUpperBound": {
                "P0": 95.54048808632496,
                "P50": 114.49894450088665,
                "P99": 231.59737296979932
            }
        },
        "windows-2025-x64-azure-rio-schannel": {
            "baseline": 1119.7838514190094,
            "latencyUpperBound": {
                "P0": 206.42377086730525,
                "P50": 482.6652617309347,
                "P99": 2937.220844481044
            }
        },
        "windows server-x64-azure-iocp-schannel": {
            "baseline": -218.68687316960313,
            "latencyUpperBound": {
                "P0": 620.1079698715891,
                "P50": 974.2483011263311,
                "P99": 1942.930982765958
            }
        },
        "windows-2022-x64-azure-iocp-schannel": {
            "baseline": 7732.005736697749,
            "latencyUpperBound": {
                "P0": 101.74165738677394,
                "P50": 116.36795133613367,
                "P99": 253.0025546028176
            }
        },
        "windows-2022-x64-lab-iocp-schannel": {
            "baseline": 942.8851269424938,
            "latencyUpperBound": {
                "P0": 685.1478477685625,
                "P50": 1039.835308522569,
                "P99": 1739.2284705104348
            }
        },
        "windows-2025-x64-azure-iocp-schannel": {
            "baseline": 1728.066650331945,
            "latencyUpperBound": {
                "P0": 217.75252145734763,
                "P50": 400.2382740791576,
                "P99": 2678.3285694533206
            }
        }
    },
    "tput-down-tcp": {
        "ubuntu-x64-azure-epoll-openssl": {
            "baseline": -7012738.308778233
        },
        "ubuntu-20.04-x64-azure-epoll-openssl": {
            "baseline": 9454748.80823316
        },
        "ubuntu-20.04-x64-lab-epoll-openssl": {
            "baseline": 7849100.079785293
        },
        "windows server-x64-azure-rio-schannel": {
            "baseline": 1421758.3976388061
        },
        "windows-2022-x64-azure-rio-schannel": {
            "baseline": 3032886.3780724737
        },
        "windows-2025-x64-azure-rio-schannel": {
            "baseline": 1008104.1887949496
        },
        "windows server-x64-azure-iocp-schannel": {
            "baseline": -6484207.131615571
        },
        "windows-2022-x64-azure-iocp-schannel": {
            "baseline": 8621896.121786674
        },
        "windows-2022-x64-lab-iocp-schannel": {
            "baseline": 10905776.324564474
        },
        "windows-2025-x64-azure-iocp-schannel": {
            "baseline": 978307.3249226515
        }
    },
    "hps-conns-100-tcp": {
        "ubuntu-x64-azure-epoll-openssl": {
            "baseline": 217.68115016948104
        },
        "ubuntu-20.04-x64-azure-epoll-openssl": {
            "baseline": 1250.496341517823
        },
        "ubuntu-20.04-x64-lab-epoll-openssl": {
            "baseline": 454.9026171506316
        },
        "windows server-x64-azure-rio-schannel": {
            "baseline": 856.6152309520886
        },
        "windows-2022-x64-azure-rio-schannel": {
            "baseline": 593.5377988458706
        },
        "windows-2025-x64-azure-rio-schannel": {
            "baseline": 738.9450900086548
        },
        "windows server-x64-azure-iocp-schannel": {
            "baseline": 641.8927258305994
        },
        "windows-2022-x64-azure-iocp-schannel": {
            "baseline": -394.43902971942407
        },
        "windows-2022-x64-lab-iocp-schannel": {
            "baseline": -1024.9006052465522
        },
        "windows-2025-x64-azure-iocp-schannel": {
            "baseline": 956.5233118401993
        }
    },
    "tput-up-tcp": {
        "ubuntu-x64-azure-epoll-openssl": {
            "baseline": -7437873.8154752655
        },
        "ubuntu-20.04-x64-azure-epoll-openssl": {
            "baseline": 9494770.065399172
        },
        "ubuntu-20.04-x64-lab-epoll-openssl": {
            "baseline": 9750156.069184197
        },
        "windows server-x64-azure-rio-schannel": {
            "baseline": 1824252.9286445663
        },
        "windows-2022-x64-azure-rio-schannel": {
            "baseline": 1624944.8390142606
        },
        "windows-2025-x64-azure-rio-schannel": {
            "baseline": 514510.8542467556
        },
        "windows server-x64-azure-iocp-schannel": {
            "baseline": -7110803.34410489
        },
        "windows-2022-x64-azure-iocp-schannel": {
            "baseline": 8694503.807771696
        },
        "windows-2022-x64-lab-iocp-schannel": {
            "baseline": 12921809.976496179
        },
        "windows-2025-x64-azure-iocp-schannel": {
            "baseline": 577585.4215084929
        }
    },
    "hps-conns-100-quic": {
        "windows server-x64-azure-xdp-schannel": {
            "baseline": -376.7576752625032
        },