{
    "1": {},
    "2": {},
    "3": {},
    "4": {},
    "tput-up-tcp-0": {
        "windows server-x64-azure-wsk-schannel": {
            "baseline": 791543.3400279147
        },
        "windows-2022-x64-azure-wsk-schannel": {
            "baseline": 3474394.548565978
        },
        "windows-2022-x64-lab-wsk-schannel": {
            "baseline": 6480854.249482383
        },
        "windows-2025-x64-azure-wsk-schannel": {
            "baseline": 889387.9464611055
        },
        "windows server-x64-azure-xdp-schannel": {
            "baseline": 890396.1223047802
        },
        "windows-2022-x64-azure-xdp-schannel": {
            "baseline": 4931791.287805979
        },
        "windows-2022-x64-lab-xdp-schannel": {
            "baseline": 7001715.474675056
        },
        "windows-2025-x64-azure-xdp-schannel": {
            "baseline": 1031976.5213558747
        },
        "ubuntu-x64-azure-epoll-openssl": {
            "baseline": 941730.1557030986
        },
        "ubuntu-20.04-x64-azure-epoll-openssl": {
            "baseline": 4860701.370756616
        },
        "ubuntu-20.04-x64-lab-epoll-openssl": {
            "baseline": 579630.0864307252
        },
        "windows server-x64-azure-rio-schannel": {
            "baseline": 22193.70067669818
        },
        "windows-2022-x64-azure-rio-schannel": {
            "baseline": 42335.11690796322
        },
        "windows-2025-x64-azure-rio-schannel": {
            "baseline": -51442.85184077837
        },
        "windows server-x64-azure-iocp-schannel": {
            "baseline": 866692.9121597847
        },
        "windows-2022-x64-azure-iocp-schannel": {
            "baseline": 2846539.2195984786
        },
        "windows-2022-x64-lab-iocp-schannel": {
            "baseline": 7389648.847869521
        },
        "windows-2025-x64-azure-iocp-schannel": {
            "baseline": 1054535.768021401
        }
    },
    "tput-up-tcp-1": {
        "ubuntu-x64-azure-epoll-openssl": {
            "baseline": 952888.179148826
        },
        "ubuntu-20.04-x64-azure-epoll-openssl": {
            "baseline": 9490164.353544371
        },
        "ubuntu-20.04-x64-lab-epoll-openssl": {
            "baseline": 9987318.177921524
        },
        "windows server-x64-azure-rio-schannel": {
            "baseline": 2329705.183048749
        },
        "windows-2022-x64-azure-rio-schannel": {
            "baseline": 830834.0123402374
        },
        "windows-2025-x64-azure-rio-schannel": {
            "baseline": 1119376.313812723
        },
        "windows server-x64-azure-iocp-schannel": {
            "baseline": 937651.6080810142
        },
        "windows-2022-x64-azure-iocp-schannel": {
            "baseline": 9331035.535174062
        },
        "windows-2022-x64-lab-iocp-schannel": {
            "baseline": 13298844.733205654
        },
        "windows-2025-x64-azure-iocp-schannel": {
            "baseline": 1408736.5424759798
        }
    },
    "tput-down-tcp-0": {
        "windows server-x64-azure-wsk-schannel": {
            "baseline": 914961.9353569881
        },
        "windows-2022-x64-azure-wsk-schannel": {
            "baseline": 5530363.064057058
        },
        "windows-2022-x64-lab-wsk-schannel": {
            "baseline": 5940009.861515711
        },
        "windows-2025-x64-azure-wsk-schannel": {
            "baseline": 1030137.8203585024
        },
        "windows server-x64-azure-xdp-schannel": {
            "baseline": 841171.2387922219
        },
        "windows-2022-x64-azure-xdp-schannel": {
            "baseline": 5421244.769068703
        },
        "windows-2022-x64-lab-xdp-schannel": {
            "baseline": 3466911.3227895396
        },
        "windows-2025-x64-azure-xdp-schannel": {
            "baseline": 1146682.9010432884
        },
        "ubuntu-x64-azure-epoll-openssl": {
            "baseline": 944460.5914933626
        },
        "ubuntu-20.04-x64-azure-epoll-openssl": {
            "baseline": 5108987.033434769
        },
        "ubuntu-20.04-x64-lab-epoll-openssl": {
            "baseline": 555855.2222854736
        },
        "windows server-x64-azure-rio-schannel": {
            "baseline": 8181.810577908793
        },
        "windows-2022-x64-azure-rio-schannel": {
            "baseline": 51129.40231760711
        },
        "windows-2025-x64-azure-rio-schannel": {
            "baseline": 85898.87631048766
        },
        "windows server-x64-azure-iocp-schannel": {
            "baseline": 909485.3342083881
        },
        "windows-2022-x64-azure-iocp-schannel": {
            "baseline": 6067510.734869419
        },
        "windows-2022-x64-lab-iocp-schannel": {
            "baseline": -5673490.857883684
        },
        "windows-2025-x64-azure-iocp-schannel": {
            "baseline": 885949.5645180312
        }
    },
    "tput-down-tcp-1": {
        "ubuntu-x64-azure-epoll-openssl": {
            "baseline": 952930.2598846299
        },
        "ubuntu-20.04-x64-azure-epoll-openssl": {
            "baseline": 9494421.77301883
        },
        "ubuntu-20.04-x64-lab-epoll-openssl": {
            "baseline": 4440513.563502932
        },
        "windows server-x64-azure-rio-schannel": {
            "baseline": 2607690.3831230486
        },
        "windows-2022-x64-azure-rio-schannel": {
            "baseline": 6339252.218772626
        },
        "windows-2025-x64-azure-rio-schannel": {
            "baseline": 1174019.0428626146
        },
        "windows server-x64-azure-iocp-schannel": {
            "baseline": 937222.2968978322
        },
        "windows-2022-x64-azure-iocp-schannel": {
            "baseline": 9453937.790895741
        },
        "windows-2022-x64-lab-iocp-schannel": {
            "baseline": 13992757.956971267
        },
        "windows-2025-x64-azure-iocp-schannel": {
            "baseline": 1302284.0497418228
        }
    },
    "hps-conns-100-tcp-0": {
        "windows server-x64-azure-xdp-schannel": {
            "baseline": 454.0
        },
        "windows-2022-x64-azure-xdp-schannel": {
            "baseline": 212.561833095876
        },
        "windows-2022-x64-lab-xdp-schannel": {
            "baseline": 5150.892352261675
        },
        "windows-2025-x64-azure-xdp-schannel": {
            "baseline": 610.7720779386422
        },
        "ubuntu-x64-azure-epoll-openssl": {
            "baseline": 1839.5080092267135
        },
        "ubuntu-20.04-x64-azure-epoll-openssl": {
            "baseline": 1814.554257145051
        },
        "ubuntu-20.04-x64-lab-epoll-openssl": {
            "baseline": 7808.878066911802
        },
        "windows server-x64-azure-rio-schannel": {
            "baseline": 174.60303038033
        },
        "windows-2022-x64-azure-rio-schannel": {
            "baseline": 283.1152236891498
        },
        "windows-2025-x64-azure-rio-schannel": {
            "baseline": 255.63246763185288
        },
        "windows server-x64-azure-iocp-schannel": {
            "baseline": 618.4583694396574
        },
        "windows-2022-x64-azure-iocp-schannel": {
            "baseline": 555.8360030755712
        },
        "windows-2022-x64-lab-iocp-schannel": {
            "baseline": 2484.171572875254
        },
        "windows-2025-x64-azure-iocp-schannel": {
            "baseline": 832.2573593128807
        }
    },
    "hps-conns-100-tcp-1": {
        "ubuntu-x64-azure-epoll-openssl": {
            "baseline": 1299.3456710674493
        },
        "ubuntu-20.04-x64-azure-epoll-openssl": {
            "baseline": 1233.8334777586294
        },
        "ubuntu-20.04-x64-lab-epoll-openssl": {
            "baseline": 461.6005050633883
        },
        "windows server-x64-azure-rio-schannel": {
            "baseline": 650.3801589528555
        },
        "windows-2022-x64-azure-rio-schannel": {
            "baseline": 554.4
        },
        "windows-2025-x64-azure-rio-schannel": {
            "baseline": 806.2354980121829
        },