{
    "tput-down-quic": {
        "ubuntu-20.04-x64-azure-epoll-openssl": {
            "BestResult": 7272937,
            "Noise": 0.3,
            "baseline": 5091055.899999999,
            "BestResultCommit": "28cceb22010564caed3add0d0ec6fe8ef24ad69c"
        },
        "windows-2022-x64-azure-iocp-schannel": {
            "BestResult": 11988510.333333334,
            "Noise": 0.3,
            "baseline": 8391957.233333332,
            "BestResultCommit": "28cceb22010564caed3add0d0ec6fe8ef24ad69c"
        },
        "windows-2022-x64-azure-rio-schannel": {
            "BestResult": 84448.66666666667,
            "Noise": 0.3,
            "baseline": 59114.066666666666,
            "BestResultCommit": "28cceb22010564caed3add0d0ec6fe8ef24ad69c"
        },
        "windows-2022-x64-azure-wsk-schannel": {
            "BestResult": 8716505,
            "Noise": 0.3,
            "baseline": 6101553.5,
            "BestResultCommit": "28cceb22010564caed3add0d0ec6fe8ef24ad69c"
        },
        "windows-2022-x64-azure-xdp-schannel": {
            "BestResult": 8515447,
            "Noise": 0.3,
            "baseline": 5960812.899999999,
            "BestResultCommit": "28cceb22010564caed3add0d0ec6fe8ef24ad69c"
        },
        "windows-2025-x64-azure-iocp-schannel": {
            "BestResult": 1592188.6666666667,
            "Noise": 0.3,
            "baseline": 1114532.0666666667,
            "BestResultCommit": "main"
        },
        "windows-2025-x64-azure-rio-schannel": {
            "BestResult": 1044417.6666666666,
            "Noise": 0.3,
            "baseline": 731092.3666666666,
            "BestResultCommit": "main"
        },
        "windows-2025-x64-azure-wsk-schannel": {
            "BestResult": 1834642.3333333333,
            "Noise": 0.3,
            "baseline": 1284249.6333333333,
            "BestResultCommit": "main"
        },
        "windows-2025-x64-azure-xdp-schannel": {
            "BestResult": 1617309.6666666667,
            "Noise": 0.3,
            "baseline": 1132116.7666666666,
            "BestResultCommit": "main"
        },
        "ubuntu-20.04-x64-lab-epoll-openssl": {
            "BestResult": 7421461,
            "Noise": 0.3,
            "baseline": 5195022.699999999,
            "BestResultCommit": "28cceb22010564caed3add0d0ec6fe8ef24ad69c"
        },
        "windows-2022-x64-lab-iocp-schannel": {
            "BestResult": 12534273.666666666,
            "Noise": 0.3,
            "baseline": 8773991.566666666,
            "BestResultCommit": "28cceb22010564caed3add0d0ec6fe8ef24ad69c"
        },
        "windows-2022-x64-lab-wsk-schannel": {
            "BestResult": 7055191,
            "Noise": 0.3,
            "baseline": 4938633.699999999,
            "BestResultCommit": "28cceb22010564caed3add0d0ec6fe8ef24ad69c"
        },
        "windows-2022-x64-lab-xdp-schannel": {
            "BestResult": 7848030.666666667,
            "Noise": 0.3,
            "baseline": 5493621.466666667,
            "BestResultCommit": "28cceb22010564caed3add0d0ec6fe8ef24ad69c"
        }
    },
    "tput-up-tcp": {
        "ubuntu-20.04-x64-azure-epoll-openssl": {
            "BestResult": 15294878.333333334,
            "Noise": 0.3,
            "baseline": 10706414.833333334,
            "BestResultCommit": "28cceb22010564caed3add0d0ec6fe8ef24ad69c"
        },
        "windows-2022-x64-azure-iocp-schannel": {
            "BestResult": 18014713,
            "Noise": 0.3,
            "baseline": 12610299.1,
            "BestResultCommit": "28cceb22010564caed3add0d0ec6fe8ef24ad69c"
        },
        "windows-2022-x64-azure-rio-schannel": {
            "BestResult": 14542617.333333334,
            "Noise": 0.3,
            "baseline": 10179832.133333333,
            "BestResultCommit": "28cceb22010564caed3add0d0ec6fe8ef24ad69c"
        },
        "windows-2025-x64-azure-iocp-schannel": {
            "BestResult": 2242606,
            "Noise": 0.3,
            "baseline": 1569824.2,
            "BestResultCommit": "main"
        },
        "windows-2025-x64-azure-rio-schannel": {
            "BestResult": 2362579,
            "Noise": 0.3,
            "baseline": 1653805.2999999998,
            "BestResultCommit": "main"
        },
        "ubuntu-20.04-x64-lab-epoll-openssl": {
            "BestResult": 10995352,
            "Noise": 0.3,
            "baseline": 7696746.399999999,
            "BestResultCommit": "28cceb22010564caed3add0d0ec6fe8ef24ad69c"
        },
        "windows-2022-x64-lab-iocp-schannel": {
            "BestResult": 22595195.333333332,
            "Noise": 0.3,
            "baseline": 15816636.73333333,
            "BestResultCommit": "28cceb22010564caed3add0d0ec6fe8ef24ad69c"
        }
    },
    "hps-conns-100-quic": {
        "ubuntu-20.04-x64-azure-epoll-openssl": {
            "BestResult": 3099.3333333333335,
            "Noise": 0.3,
            "baseline": 2169.5333333333333,
            "BestResultCommit": "28cceb22010564caed3add0d0ec6fe8ef24ad69c"
        },
        "windows-2022-x64-azure-iocp-schannel": {
            "BestResult": 686.6666666666666,
            "Noise": 0.3,
            "baseline": 480.66666666666663,
            "BestResultCommit": "28cceb22010564caed3add0d0ec6fe8ef24ad69c"
        },
        "windows-2022-x64-azure-rio-schannel": {
            "BestResult": 290.6666666666667,
            "Noise": 0.3,
            "baseline": 203.46666666666667,
            "BestResultCommit": "28cceb22010564caed3add0d0ec6fe8ef24ad69c"
        },
        "windows-2022-x64-azure-xdp-schannel": {
            "BestResult": 496.3333333333333,
            "Noise": 0.3,
            "baseline": 347.4333333333333,
            "BestResultCommit": "28cceb22010564caed3add0d0ec6fe8ef24ad69c"
        },
        "windows-2025-x64-azure-iocp-schannel": {
            "BestResult": 826,
            "Noise": 0.3,
            "baseline": 578.1999999999999,
            "BestResultCommit": "main"
        },
        "windows-2025-x64-azure-rio-schannel": {
            "BestResult": 630.6666666666666,
            "Noise": 0.3,
            "baseline": 441.46666666666664,
            "BestResultCommit": "main"
        },
        "windows-2025-x64-azure-xdp-schannel": {
            "BestResult": 589,
            "Noise": 0.3,
            "baseline": 412.29999999999995,
            "BestResultCommit": "main"
        },
        "ubuntu-20.04-x64-lab-epoll-openssl": {
            "BestResult": 10406,
            "Noise": 0.3,
            "baseline": 7284.2,
            "BestResultCommit": "28cceb22010564caed3add0d0ec6fe8ef24ad69c"
        },
        "windows-2022-x64-lab-iocp-schannel": {
            "BestResult": 4562,
            "Noise": 0.3,
            "baseline": 3193.3999999999996,
            "BestResultCommit": "28cceb22010564caed3add0d0ec6fe8ef24ad69c"
        },
        "windows-2022-x64-lab-xdp-schannel": {
            "BestResult": 8823.666666666666,
            "Noise": 0.3,
            "baseline": 6176.566666666666,
            "BestResultCommit": "28cceb22010564caed3add0d0ec6fe8ef24ad69c"
        }
    },
    "tput-down-tcp": {
        "ubuntu-20.04-x64-azure-epoll-openssl": {
            "BestResult": 15575911.666666666,
            "Noise": 0.3,
            "baseline": 10903138.166666666,
            "BestResultCommit": "28cceb22010564caed3add0d0ec6fe8ef24ad69c"
        },
        "windows-2022-x64-azure-iocp-schannel": {
            "BestResult": 20292992.666666668,
            "Noise": 0.3,
            "baseline": 14205094.866666667,
            "BestResultCommit": "28cceb22010564caed3add0d0ec6fe8ef24ad69c"
        },
        "windows-2022-x64-azure-rio-schannel": {
            "BestResult": 13687593.333333334,
            "Noise": 0.3,
            "baseline": 9581315.333333334,
            "BestResultCommit": "28cceb22010564caed3add0d0ec6fe8ef24ad69c"
        },
        "windows-2025-x64-azure-iocp-schannel": {
            "BestResult": 2301785,
            "Noise": 0.3,