{
  "tput-up-tcp": [
    "1285469",
    "1285080",
    "1264724"
  ],
  "rps-up-512-down-4000-quic": [
    "224",
    "421",
    "695",
    "1274",
    "4522",
    "8270",
    "8679",
    "8679",
    "2069",
    "213",
    "380",
    "638",
    "1416",
    "4587",
    "21669",
    "24926",
    "24926",
    "2227",
    "215",
    "381",
    "638",
    "1177",
    "2827",
    "20067",
    "29384",
    "29384",
    "2253"
  ],
  "commit": "5b8d2b49b918c003c0ed5dbffe675ba965ea413e",
  "rps-up-512-down-4000-quic-lat": [
    {
      "Values": [
        224,
        307,
        335,
        363,
        390,
        421,
        438,
        457,
        479,
        505,
        536,
        555,
        575,
        598,
        624,
        656,
        675,
        695,
        719,
        748,
        782,
        802,
        821,
        847,
        881,
        919,
        942,
        968,
        998,
        1032,
        1083,
        1108,
        1149,
        1213,
        1316,
        1402,
        1458,
        1515,
        1575,
        1636,
        1760,
        1847,
        1921,
        1974,
        2139,
        2251,
        2367,
        2477,
        2697,
        2979,
        4667,
        4871,
        5099,
        5607,
        7619,
        7755,
        7771,
        7851,
        7875,
        7907,
        8059,
        8067,
        8083,
        8123,
        8131,
        8199,
        8271,
        8271,
        8295,
        8295,
        8487,
        8487,
        8487,
        8679,
        8679
      ],
      "Percentiles": [
        0.0,
        0.1,
        0.2,
        0.3,
        0.4,
        0.5,
        0.55,
        0.6,
        0.65,
        0.7,
        0.75,
        0.775,
        0.8,
        0.825,
        0.85,
        0.875,
        0.8875,
        0.9,
        0.9125,
        0.925,
        0.9375,
        0.94375,
        0.95,
        0.95625,
        0.9625,
        0.96875,
        0.971875,
        0.975,
        0.978125,
        0.98125,
        0.984375,
        0.985938,
        0.9875,
        0.989062,
        0.990625,
        0.992188,
        0.992969,
        0.99375,
        0.994531,
        0.995313,
        0.996094,
        0.996484,
        0.996875,
        0.997266,
        0.997656,
        0.998047,
        0.998242,
        0.998437,
        0.998633,
        0.998828,
        0.999023,
        0.999121,
        0.999219,
        0.999316,
        0.999414,
        0.999512,
        0.999561,
        0.999609,
        0.999658,
        0.999707,
        0.999756,
        0.99978,
        0.999805,
        0.999829,
        0.999854,
        0.999878,
        0.99989,
        0.999902,
        0.999915,
        0.999927,
        0.999939,
        0.999945,
        0.999951,
        0.999957,
        1.0
      ]
    },
    {
      "Values": [
        213,
        282,
        307,
        330,
        353,
        380,
        395,
        413,
        432,
        455,
        484,
        500,
        520,
        542,
        567,
        598,
        617,
        638,
        662,
        691,
        725,
        746,
        769,
        801,
        834,
        874,
        899,
        935,
        981,
        1033,
        1107,
        1170,
        1268,
        1362,
        1459,
        1560,
        1621,
        1689,
        1773,
        1856,
        1940,
        1992,
        2055,
        2137,
        2303,
        2491,
        2641,
        2887,
        3383,
        4259,
        4595,
        5063,
        5275,
        7175,
        7535,
        7583,
        7631,
        7703,
        7727,
        7775,
        8663,
        8783,
        19519,
        20063,
        20639,
        20879,
        21679,
        21679,
        21807,
        21807,
        22063,
        22063,
        22063,
        22911,
        22911,
        22911,
        22911,
        22911,
        24927,
        24927
      ],
      "Percentiles": [
        0.0,
        0.1,
        0.2,
        0.3,
        0.4,
        0.5,
        0.55,
        0.6,
        0.65,
        0.7,
        0.75,
        0.775,
        0.8,
        0.825,
        0.85,
        0.875,
        0.8875,
        0.9,
        0.9125,
        0.925,
        0.9375,
        0.94375,
        0.95,
        0.95625,
        0.9625,
        0.96875,
        0.971875,
        0.975,
        0.978125,
        0.98125,
        0.984375,
        0.985938,
        0.9875,
        0.989062,
        0.990625,
        0.992188,
        0.992969,
        0.99375,
        0.994531,
        0.995313,
        0.996094,
        0.996484,
        0.996875,
        0.997266,
        0.997656,
        0.998047,
        0.998242,
        0.998437,
        0.998633,
        0.998828,
        0.999023,
        0.999121,
        0.999219,
        0.999316,
        0.999414,
        0.999512,
        0.999561,
        0.999609,
        0.999658,
        0.999707,
        0.999756,
        0.99978,
        0.999805,
        0.999829,
        0.999854,
        0.999878,
        0.99989,
        0.999902,
        0.999915,
        0.999927,
        0.999939,
        0.999945,
        0.999951,
        0.999957,
        0.999963,
        0.999969,
        0.999973,
        0.999976,
        0.999979,
        1.0
      ]
    },
    {
      "Values": [
        215,
        282,
        306,
        329,
        353,
        381,
        397,
        415,
        435,
        459,
        487,
        503,
        521,
        542,
        568,
        599,
        616,
        638,
        662,
        689,
        722,
        741,
        764,
        790,
        821,
        856,
        874,
        900,
        929,
        968,
        1017,
        1051,
        1094,
        1129,
        1210,
        1315,
        1395,
        1481,
        1562,
        1655,
        1736,
        1783,
        1826,
        1877,
        1969,
        2081,
        2131,
        2181,
        2271,
        2415,
        2915,
        3651,
        4599,
        5263,
        6943,
        7247,
        7311,
        7459,
        7511,
        7847,
        8135,
        8367,
        8399,
        8407,
        8503,
        19599,
        20079,
        20079,
        20463,
        20463,
        21231,
        21231,
        21231,
        22607,
        22607,
        22607,
        22607,
        22607,
        29391,
        29391
      ],