{
  "hps-conns-100-quic": [
    "361",
    "378",
    "375"
  ],
  "commit": "5d070d661c45979946615289e92bb6b822efe9e9",
  "tput-down-quic": [
    "154912",
    "158619",
    "127904"
  ],
  "tput-up-tcp": [
    "2325148",
    "2120600",
    "2422988"
  ],
  "rps-up-512-down-4000-tcp-lat": [
    {
      "Values": [
        172,
        240,
        271,
        306,
        347,
        394,
        420,
        449,
        482,
        520,
        568,
        597,
        630,
        666,
        711,
        765,
        800,
        840,
        882,
        933,
        1001,
        1037,
        1078,
        1132,
        1268,
        1500,
        1556,
        1604,
        1668,
        1735,
        1807,
        1850,
        1897,
        1951,
        2032,
        2117,
        2187,
        2237,
        2337,
        2403,
        2509,
        2603,
        2685,
        2821,
        2921,
        3069,
        3159,
        3289,
        3691,
        4143,
        4911,
        4959,
        5099,
        5243,
        5327,
        5635,
        5851,
        8071,
        8107,
        8119,
        8223,
        8231,
        8415,
        8479,
        8495,
        8495,
        8495,
        8503,
        8503,
        8519,
        8519,
        8519,
        8575,
        8575,
        8575,
        8575,
        8575,
        8623,
        8623
      ],
      "Percentiles": [
        0.0,
        0.1,
        0.2,
        0.3,
        0.4,
        0.5,
        0.55,
        0.6,
        0.65,
        0.7,
        0.75,
        0.775,
        0.8,
        0.825,
        0.85,
        0.875,
        0.8875,
        0.9,
        0.9125,
        0.925,
        0.9375,
        0.94375,
        0.95,
        0.95625,
        0.9625,
        0.96875,
        0.971875,
        0.975,
        0.978125,
        0.98125,
        0.984375,
        0.985938,
        0.9875,
        0.989062,
        0.990625,
        0.992188,
        0.992969,
        0.99375,
        0.994531,
        0.995313,
        0.996094,
        0.996484,
        0.996875,
        0.997266,
        0.997656,
        0.998047,
        0.998242,
        0.998437,
        0.998633,
        0.998828,
        0.999023,
        0.999121,
        0.999219,
        0.999316,
        0.999414,
        0.999512,
        0.999561,
        0.999609,
        0.999658,
        0.999707,
        0.999756,
        0.99978,
        0.999805,
        0.999829,
        0.999854,
        0.999878,
        0.99989,
        0.999902,
        0.999915,
        0.999927,
        0.999939,
        0.999945,
        0.999951,
        0.999957,
        0.999963,
        0.999969,
        0.999973,
        0.999976,
        1.0
      ]
    },
    {
      "Values": [
        186,
        251,
        279,
        310,
        346,
        386,
        409,
        437,
        469,
        508,
        558,
        586,
        620,
        660,
        709,
        770,
        805,
        847,
        894,
        947,
        1010,
        1051,
        1100,
        1159,
        1402,
        1546,
        1601,
        1668,
        1734,
        1809,
        1891,
        1942,
        2013,
        2081,
        2169,
        2323,
        2405,
        2503,
        2643,
        2863,
        3033,
        3129,
        3275,
        3447,
        3931,
        4687,
        5311,
        6219,
        7243,
        8163,
        8271,
        8407,
        8599,
        9079,
        11535,
        11727,
        12039,
        12383,
        12495,
        12695,
        13015,
        13023,
        13087,
        13255,
        13295,
        13447,
        13447,
        13815,
        13815,
        13903,
        13903,
        13903,
        14095,
        14095,
        14095,
        14095,
        14095,
        16415,
        16415
      ],
      "Percentiles": [
        0.0,
        0.1,
        0.2,
        0.3,
        0.4,
        0.5,
        0.55,
        0.6,
        0.65,
        0.7,
        0.75,
        0.775,
        0.8,
        0.825,
        0.85,
        0.875,
        0.8875,
        0.9,
        0.9125,
        0.925,
        0.9375,
        0.94375,
        0.95,
        0.95625,
        0.9625,
        0.96875,
        0.971875,
        0.975,
        0.978125,
        0.98125,
        0.984375,
        0.985938,
        0.9875,
        0.989062,
        0.990625,
        0.992188,
        0.992969,
        0.99375,
        0.994531,
        0.995313,
        0.996094,
        0.996484,
        0.996875,
        0.997266,
        0.997656,
        0.998047,
        0.998242,
        0.998437,
        0.998633,
        0.998828,
        0.999023,
        0.999121,
        0.999219,
        0.999316,
        0.999414,
        0.999512,
        0.999561,
        0.999609,
        0.999658,
        0.999707,
        0.999756,
        0.99978,
        0.999805,
        0.999829,
        0.999854,
        0.999878,
        0.99989,
        0.999902,
        0.999915,
        0.999927,
        0.999939,
        0.999945,
        0.999951,
        0.999957,
        0.999963,
        0.999969,
        0.999973,
        0.999976,
        1.0
      ]
    },
    {
      "Values": [
        172,
        234,
        264,
        299,
        341,
        387,
        412,
        441,
        475,
        513,
        561,
        589,
        620,
        657,
        701,
        756,
        787,
        820,
        859,
        911,
        970,
        1002,
        1041,
        1083,
        1137,
        1329,
        1444,
        1507,
        1575,
        1630,
        1698,
        1737,
        1774,
        1817,
        1870,
        1935,
        1965,
        1995,
        2036,
        2083,
        2143,
        2197,
        2239,
        2279,
        2321,
        2365,
        2383,
        2417,
        2447,
        2469,
        2535,
        2583,
        2595,
        2627,
        2649,
        2677,
        2717,
        2783,
        2813,
        3121,
        3167,
        3189,
        3271,
        3581,
        3611,
        3729,
        3917,
        3917,
        4363,
        4363,
        4747,
        4747,
        4747,
        4959,
        4959,
        4959,
        4959,
        4959,
        10015,
        10015
      ],