{
  "tput-down-quic": [
    "204316",
    "136619",
    "165118"
  ],
  "os_version": "10.0.26055",
  "rps-up-512-down-4000-quic-lat": [
    {
      "Values": [
        177,
        253,
        278,
        301,
        325,
        352,
        368,
        385,
        405,
        429,
        457,
        474,
        493,
        514,
        541,
        571,
        589,
        610,
        634,
        661,
        696,
        717,
        739,
        765,
        793,
        831,
        853,
        878,
        903,
        937,
        987,
        1010,
        1038,
        1085,
        1127,
        1211,
        1272,
        1318,
        1389,
        1472,
        1541,
        1613,
        1712,
        1819,
        1923,
        2121,
        2245,
        2559,
        2867,
        3221,
        3395,
        3565,
        4083,
        4259,
        4891,
        6455,
        6651,
        7171,
        7987,
        8551,
        11031,
        11463,
        12175,
        12271,
        12615,
        13351,
        13351,
        13447,
        13447,
        13479,
        15975,
        15975,
        15975,
        15975,
        18319,
        18319,
        18319,
        18319,
        18319,
        24383,
        24383
      ],
      "Percentiles": [
        0.0,
        0.1,
        0.2,
        0.3,
        0.4,
        0.5,
        0.55,
        0.6,
        0.65,
        0.7,
        0.75,
        0.775,
        0.8,
        0.825,
        0.85,
        0.875,
        0.8875,
        0.9,
        0.9125,
        0.925,
        0.9375,
        0.94375,
        0.95,
        0.95625,
        0.9625,
        0.96875,
        0.971875,
        0.975,
        0.978125,
        0.98125,
        0.984375,
        0.985938,
        0.9875,
        0.989062,
        0.990625,
        0.992188,
        0.992969,
        0.99375,
        0.994531,
        0.995313,
        0.996094,
        0.996484,
        0.996875,
        0.997266,
        0.997656,
        0.998047,
        0.998242,
        0.998437,
        0.998633,
        0.998828,
        0.999023,
        0.999121,
        0.999219,
        0.999316,
        0.999414,
        0.999512,
        0.999561,
        0.999609,
        0.999658,
        0.999707,
        0.999756,
        0.99978,
        0.999805,
        0.999829,
        0.999854,
        0.999878,
        0.99989,
        0.999902,
        0.999915,
        0.999927,
        0.999939,
        0.999945,
        0.999951,
        0.999957,
        0.999963,
        0.999969,
        0.999973,
        0.999976,
        0.999979,
        0.999982,
        1.0
      ]
    },
    {
      "Values": [
        187,
        239,
        259,
        280,
        302,
        327,
        341,
        357,
        376,
        397,
        422,
        438,
        455,
        476,
        498,
        526,
        543,
        562,
        583,
        608,
        636,
        653,
        672,
        696,
        722,
        751,
        769,
        788,
        810,
        837,
        867,
        883,
        902,
        922,
        949,
        977,
        992,
        1010,
        1033,
        1060,
        1085,
        1107,
        1136,
        1166,
        1225,
        1296,
        1319,
        1352,
        1379,
        1420,
        1468,
        1492,
        1518,
        1563,
        1597,
        1643,
        1676,
        1686,
        1694,
        1735,
        1896,
        1950,
        2095,
        2329,
        2979,
        3105,
        3181,
        3181,
        3629,
        3777,
        3777,
        4029,
        4029,
        4029,
        4483,
        4483,
        4483,
        4483,
        4483,
        4731,
        4731
      ],
      "Percentiles": [
        0.0,
        0.1,
        0.2,
        0.3,
        0.4,
        0.5,
        0.55,
        0.6,
        0.65,
        0.7,
        0.75,
        0.775,
        0.8,
        0.825,
        0.85,
        0.875,
        0.8875,
        0.9,
        0.9125,
        0.925,
        0.9375,
        0.94375,
        0.95,
        0.95625,
        0.9625,
        0.96875,
        0.971875,
        0.975,
        0.978125,
        0.98125,
        0.984375,
        0.985938,
        0.9875,
        0.989062,
        0.990625,
        0.992188,
        0.992969,
        0.99375,
        0.994531,
        0.995313,
        0.996094,
        0.996484,
        0.996875,
        0.997266,
        0.997656,
        0.998047,
        0.998242,
        0.998437,
        0.998633,
        0.998828,
        0.999023,
        0.999121,
        0.999219,
        0.999316,
        0.999414,
        0.999512,
        0.999561,
        0.999609,
        0.999658,
        0.999707,
        0.999756,
        0.99978,
        0.999805,
        0.999829,
        0.999854,
        0.999878,
        0.99989,
        0.999902,
        0.999915,
        0.999927,
        0.999939,
        0.999945,
        0.999951,
        0.999957,
        0.999963,
        0.999969,
        0.999973,
        0.999976,
        0.999979,
        0.999982,
        1.0
      ]
    },
    {
      "Values": [
        177,
        236,
        258,
        280,
        304,
        330,
        345,
        363,
        383,
        406,
        434,
        450,
        470,
        492,
        516,
        549,
        567,
        589,
        612,
        640,
        674,
        694,
        716,
        741,
        773,
        806,
        827,
        851,
        878,
        915,
        958,
        985,
        1013,
        1052,
        1115,
        1219,
        1274,
        1324,
        1410,
        1505,
        1602,
        1637,
        1709,
        1776,
        1851,
        1941,
        1995,
        2111,
        2221,
        2541,
        2971,
        3115,
        3277,
        3361,
        3923,
        7303,
        7319,
        7439,
        7531,
        7623,
        7747,
        7959,
        9079,
        19119,
        19375,
        19423,
        20015,
        20511,
        20511,
        20543,
        20543,
        21359,
        21359,
        21359,
        21871,
        21871,
        21871,
        21871,
        21871,
        22495,
        22495
      ],