{
  "tput-up-tcp": [
    "1302802",
    "1206979",
    "1432336"
  ],
  "tput-up-quic": [
    "73521",
    "210211",
    "175999"
  ],
  "tput-down-tcp": [
    "1284254",
    "1404833",
    "1471184"
  ],
  "rps-up-512-down-4000-tcp-lat": [
    {
      "Values": [
        201,
        241,
        256,
        271,
        286,
        302,
        312,
        323,
        335,
        351,
        370,
        381,
        394,
        408,
        424,
        442,
        452,
        464,
        479,
        497,
        518,
        531,
        545,
        562,
        586,
        612,
        625,
        645,
        671,
        700,
        744,
        772,
        811,
        867,
        947,
        1105,
        1409,
        1578,
        1763,
        1913,
        2235,
        2381,
        2569,
        2813,
        3071,
        3259,
        3569,
        4799,
        5603,
        7487,
        7771,
        7875,
        8031,
        8375,
        8631,
        9767,
        9895,
        10007,
        10391,
        12223,
        18367,
        18623,
        18831,
        19663,
        19711,
        19951,
        19951,
        20015,
        21247,
        21247,
        21247,
        21247,
        21327,
        21327,
        21327,
        21455,
        21455,
        21455,
        21455,
        21455,
        21503,
        21503
      ],
      "Percentiles": [
        0.0,
        0.1,
        0.2,
        0.3,
        0.4,
        0.5,
        0.55,
        0.6,
        0.65,
        0.7,
        0.75,
        0.775,
        0.8,
        0.825,
        0.85,
        0.875,
        0.8875,
        0.9,
        0.9125,
        0.925,
        0.9375,
        0.94375,
        0.95,
        0.95625,
        0.9625,
        0.96875,
        0.971875,
        0.975,
        0.978125,
        0.98125,
        0.984375,
        0.985938,
        0.9875,
        0.989062,
        0.990625,
        0.992188,
        0.992969,
        0.99375,
        0.994531,
        0.995313,
        0.996094,
        0.996484,
        0.996875,
        0.997266,
        0.997656,
        0.998047,
        0.998242,
        0.998437,
        0.998633,
        0.998828,
        0.999023,
        0.999121,
        0.999219,
        0.999316,
        0.999414,
        0.999512,
        0.999561,
        0.999609,
        0.999658,
        0.999707,
        0.999756,
        0.99978,
        0.999805,
        0.999829,
        0.999854,
        0.999878,
        0.99989,
        0.999902,
        0.999915,
        0.999927,
        0.999939,
        0.999945,
        0.999951,
        0.999957,
        0.999963,
        0.999969,
        0.999973,
        0.999976,
        0.999979,
        0.999982,
        0.999985,
        1.0
      ]
    },
    {
      "Values": [
        193,
        238,
        253,
        268,
        283,
        299,
        309,
        319,
        331,
        345,
        363,
        373,
        385,
        398,
        414,
        433,
        443,
        454,
        468,
        484,
        504,
        516,
        528,
        545,
        564,
        588,
        604,
        619,
        638,
        664,
        694,
        712,
        734,
        762,
        788,
        818,
        841,
        874,
        916,
        986,
        1063,
        1184,
        1429,
        1547,
        1646,
        1820,
        1875,
        1947,
        2033,
        2187,
        2287,
        2389,
        2453,
        2635,
        2977,
        3071,
        3153,
        3239,
        3389,
        4763,
        4947,
        4963,
        5499,
        5555,
        7855,
        7859,
        7879,
        7947,
        7947,
        7963,
        8071,
        8071,
        8279,
        8279,
        8279,
        8359,
        8359,
        8359,
        8359,
        8359,
        8383,
        8383
      ],
      "Percentiles": [
        0.0,
        0.1,
        0.2,
        0.3,
        0.4,
        0.5,
        0.55,
        0.6,
        0.65,
        0.7,
        0.75,
        0.775,
        0.8,
        0.825,
        0.85,
        0.875,
        0.8875,
        0.9,
        0.9125,
        0.925,
        0.9375,
        0.94375,
        0.95,
        0.95625,
        0.9625,
        0.96875,
        0.971875,
        0.975,
        0.978125,
        0.98125,
        0.984375,
        0.985938,
        0.9875,
        0.989062,
        0.990625,
        0.992188,
        0.992969,
        0.99375,
        0.994531,
        0.995313,
        0.996094,
        0.996484,
        0.996875,
        0.997266,
        0.997656,
        0.998047,
        0.998242,
        0.998437,
        0.998633,
        0.998828,
        0.999023,
        0.999121,
        0.999219,
        0.999316,
        0.999414,
        0.999512,
        0.999561,
        0.999609,
        0.999658,
        0.999707,
        0.999756,
        0.99978,
        0.999805,
        0.999829,
        0.999854,
        0.999878,
        0.99989,
        0.999902,
        0.999915,
        0.999927,
        0.999939,
        0.999945,
        0.999951,
        0.999957,
        0.999963,
        0.999969,
        0.999973,
        0.999976,
        0.999979,
        0.999982,
        0.999985,
        1.0
      ]
    },
    {
      "Values": [
        196,
        236,
        251,
        265,
        279,
        295,
        303,
        313,
        324,
        337,
        354,
        364,
        375,
        388,
        403,
        420,
        431,
        442,
        455,
        471,
        489,
        501,
        514,
        529,
        547,
        569,
        582,
        595,
        615,
        638,
        668,
        684,
        701,
        724,
        749,
        794,
        826,
        856,
        896,
        956,
        1048,
        1175,
        1506,
        1622,
        1777,
        1950,
        2022,
        2119,
        2207,
        2353,
        2515,
        2641,
        2843,
        3153,
        3359,
        3545,
        4767,
        4867,
        4927,
        4979,
        5255,
        5283,
        7867,
        7987,
        8063,
        8123,
        8127,
        8131,
        8131,
        8287,
        8439,
        8439,
        8447,
        8447,
        8447,
        8727,
        8727,
        8727,
        8727,
        8727,
        9559,
        9559
      ],