{
  "rps-up-512-down-4000-quic-lat": [
    {
      "Values": [
        185,
        263,
        291,
        317,
        345,
        376,
        393,
        412,
        435,
        461,
        491,
        509,
        528,
        551,
        578,
        611,
        631,
        653,
        678,
        708,
        742,
        764,
        789,
        816,
        846,
        884,
        906,
        935,
        970,
        1007,
        1057,
        1093,
        1138,
        1246,
        1319,
        1422,
        1468,
        1519,
        1577,
        1668,
        1804,
        1871,
        1956,
        2067,
        2279,
        2587,
        2765,
        2855,
        3027,
        3169,
        3557,
        3811,
        4559,
        4975,
        5819,
        6227,
        6819,
        7579,
        7767,
        8007,
        8087,
        8271,
        8319,
        8591,
        8663,
        11175,
        15583,
        15583,
        19711,
        19711,
        22879,
        22879,
        22879,
        26431,
        26431,
        26431,
        26431,
        26431,
        29039,
        29039
      ],
      "Percentiles": [
        0.0,
        0.1,
        0.2,
        0.3,
        0.4,
        0.5,
        0.55,
        0.6,
        0.65,
        0.7,
        0.75,
        0.775,
        0.8,
        0.825,
        0.85,
        0.875,
        0.8875,
        0.9,
        0.9125,
        0.925,
        0.9375,
        0.94375,
        0.95,
        0.95625,
        0.9625,
        0.96875,
        0.971875,
        0.975,
        0.978125,
        0.98125,
        0.984375,
        0.985938,
        0.9875,
        0.989062,
        0.990625,
        0.992188,
        0.992969,
        0.99375,
        0.994531,
        0.995313,
        0.996094,
        0.996484,
        0.996875,
        0.997266,
        0.997656,
        0.998047,
        0.998242,
        0.998437,
        0.998633,
        0.998828,
        0.999023,
        0.999121,
        0.999219,
        0.999316,
        0.999414,
        0.999512,
        0.999561,
        0.999609,
        0.999658,
        0.999707,
        0.999756,
        0.99978,
        0.999805,
        0.999829,
        0.999854,
        0.999878,
        0.99989,
        0.999902,
        0.999915,
        0.999927,
        0.999939,
        0.999945,
        0.999951,
        0.999957,
        0.999963,
        0.999969,
        0.999973,
        0.999976,
        0.999979,
        1.0
      ]
    },
    {
      "Values": [
        184,
        246,
        270,
        294,
        319,
        348,
        364,
        382,
        402,
        426,
        456,
        471,
        490,
        510,
        535,
        567,
        584,
        604,
        626,
        654,
        687,
        705,
        726,
        750,
        780,
        819,
        843,
        867,
        894,
        932,
        974,
        1004,
        1034,
        1083,
        1156,
        1290,
        1349,
        1410,
        1495,
        1574,
        1659,
        1694,
        1740,
        1811,
        1846,
        1937,
        1973,
        2014,
        2111,
        2279,
        2335,
        2463,
        2881,
        3139,
        4911,
        5251,
        5607,
        5835,
        7343,
        7431,
        7663,
        7703,
        7923,
        7935,
        8295,
        19455,
        19455,
        19551,
        19551,
        19887,
        20159,
        20159,
        20159,
        20159,
        20287,
        20287,
        20287,
        20287,
        20287,
        20639,
        20639
      ],
      "Percentiles": [
        0.0,
        0.1,
        0.2,
        0.3,
        0.4,
        0.5,
        0.55,
        0.6,
        0.65,
        0.7,
        0.75,
        0.775,
        0.8,
        0.825,
        0.85,
        0.875,
        0.8875,
        0.9,
        0.9125,
        0.925,
        0.9375,
        0.94375,
        0.95,
        0.95625,
        0.9625,
        0.96875,
        0.971875,
        0.975,
        0.978125,
        0.98125,
        0.984375,
        0.985938,
        0.9875,
        0.989062,
        0.990625,
        0.992188,
        0.992969,
        0.99375,
        0.994531,
        0.995313,
        0.996094,
        0.996484,
        0.996875,
        0.997266,
        0.997656,
        0.998047,
        0.998242,
        0.998437,
        0.998633,
        0.998828,
        0.999023,
        0.999121,
        0.999219,
        0.999316,
        0.999414,
        0.999512,
        0.999561,
        0.999609,
        0.999658,
        0.999707,
        0.999756,
        0.99978,
        0.999805,
        0.999829,
        0.999854,
        0.999878,
        0.99989,
        0.999902,
        0.999915,
        0.999927,
        0.999939,
        0.999945,
        0.999951,
        0.999957,
        0.999963,
        0.999969,
        0.999973,
        0.999976,
        0.999979,
        0.999982,
        1.0
      ]
    },
    {
      "Values": [
        188,
        253,
        279,
        302,
        327,
        355,
        370,
        388,
        408,
        432,
        461,
        479,
        499,
        521,
        547,
        578,
        596,
        618,
        643,
        672,
        710,
        731,
        758,
        785,
        818,
        859,
        886,
        918,
        958,
        1008,
        1066,
        1121,
        1228,
        1317,
        1413,
        1522,
        1570,
        1621,
        1662,
        1754,
        1851,
        1901,
        1982,
        2131,
        2299,
        2539,
        2743,
        3045,
        3367,
        5523,
        6347,
        7031,
        7407,
        7459,
        7611,
        7639,
        7667,
        7707,
        7843,
        8011,
        8415,
        8423,
        8575,
        9079,
        18975,
        19551,
        19551,
        19647,
        19647,
        20447,
        20527,
        20527,
        20527,
        20527,
        20975,
        20975,
        20975,
        20975,
        20975,
        21231,
        21231
      ],