{
  "os_version": "10.0.26055",
  "tput-down-quic": [
    "141464",
    "159445",
    "154994"
  ],
  "tput-down-tcp": [
    "1914352",
    "1933249",
    "2414346"
  ],
  "rps-up-512-down-4000-quic-lat": [
    {
      "Values": [
        173,
        256,
        288,
        322,
        360,
        405,
        433,
        465,
        502,
        546,
        600,
        633,
        671,
        715,
        769,
        834,
        871,
        914,
        963,
        1028,
        1092,
        1138,
        1281,
        1393,
        1479,
        1558,
        1596,
        1645,
        1708,
        1775,
        1858,
        1898,
        1953,
        2012,
        2081,
        2157,
        2205,
        2249,
        2315,
        2389,
        2503,
        2579,
        2695,
        2801,
        2947,
        3069,
        3145,
        3283,
        3347,
        3589,
        3827,
        4351,
        5187,
        6331,
        7063,
        8223,
        8351,
        8423,
        8663,
        9527,
        15215,
        15839,
        16023,
        16031,
        16247,
        16623,
        16623,
        16703,
        16703,
        16751,
        16751,
        16751,
        17887,
        17887,
        17887,
        17887,
        17887,
        17919,
        17919
      ],
      "Percentiles": [
        0.0,
        0.1,
        0.2,
        0.3,
        0.4,
        0.5,
        0.55,
        0.6,
        0.65,
        0.7,
        0.75,
        0.775,
        0.8,
        0.825,
        0.85,
        0.875,
        0.8875,
        0.9,
        0.9125,
        0.925,
        0.9375,
        0.94375,
        0.95,
        0.95625,
        0.9625,
        0.96875,
        0.971875,
        0.975,
        0.978125,
        0.98125,
        0.984375,
        0.985938,
        0.9875,
        0.989062,
        0.990625,
        0.992188,
        0.992969,
        0.99375,
        0.994531,
        0.995313,
        0.996094,
        0.996484,
        0.996875,
        0.997266,
        0.997656,
        0.998047,
        0.998242,
        0.998437,
        0.998633,
        0.998828,
        0.999023,
        0.999121,
        0.999219,
        0.999316,
        0.999414,
        0.999512,
        0.999561,
        0.999609,
        0.999658,
        0.999707,
        0.999756,
        0.99978,
        0.999805,
        0.999829,
        0.999854,
        0.999878,
        0.99989,
        0.999902,
        0.999915,
        0.999927,
        0.999939,
        0.999945,
        0.999951,
        0.999957,
        0.999963,
        0.999969,
        0.999973,
        0.999976,
        1.0
      ]
    },
    {
      "Values": [
        205,
        273,
        305,
        338,
        377,
        423,
        453,
        486,
        524,
        569,
        625,
        658,
        694,
        739,
        793,
        859,
        897,
        943,
        990,
        1055,
        1134,
        1224,
        1368,
        1437,
        1510,
        1602,
        1654,
        1714,
        1775,
        1841,
        1925,
        1979,
        2033,
        2099,
        2163,
        2245,
        2319,
        2391,
        2469,
        2621,
        2743,
        2811,
        2895,
        2981,
        3083,
        3295,
        3437,
        3765,
        5971,
        7163,
        7467,
        7735,
        7959,
        8319,
        9679,
        15319,
        15527,
        15727,
        15863,
        15975,
        16343,
        16767,
        16815,
        16815,
        17023,
        17039,
        17279,
        17279,
        17279,
        17343,
        17343,
        17375,
        17375,
        17375,
        17375,
        17375,
        17423,
        17423
      ],
      "Percentiles": [
        0.0,
        0.1,
        0.2,
        0.3,
        0.4,
        0.5,
        0.55,
        0.6,
        0.65,
        0.7,
        0.75,
        0.775,
        0.8,
        0.825,
        0.85,
        0.875,
        0.8875,
        0.9,
        0.9125,
        0.925,
        0.9375,
        0.94375,
        0.95,
        0.95625,
        0.9625,
        0.96875,
        0.971875,
        0.975,
        0.978125,
        0.98125,
        0.984375,
        0.985938,
        0.9875,
        0.989062,
        0.990625,
        0.992188,
        0.992969,
        0.99375,
        0.994531,
        0.995313,
        0.996094,
        0.996484,
        0.996875,
        0.997266,
        0.997656,
        0.998047,
        0.998242,
        0.998437,
        0.998633,
        0.998828,
        0.999023,
        0.999121,
        0.999219,
        0.999316,
        0.999414,
        0.999512,
        0.999561,
        0.999609,
        0.999658,
        0.999707,
        0.999756,
        0.99978,
        0.999805,
        0.999829,
        0.999854,
        0.999878,
        0.99989,
        0.999902,
        0.999915,
        0.999927,
        0.999939,
        0.999945,
        0.999951,
        0.999957,
        0.999963,
        0.999969,
        0.999973,
        1.0
      ]
    },
    {
      "Values": [
        172,
        233,
        253,
        274,
        300,
        332,
        353,
        375,
        404,
        439,
        480,
        506,
        535,
        569,
        609,
        661,
        690,
        725,
        768,
        813,
        868,
        901,
        935,
        980,
        1031,
        1087,
        1129,
        1254,
        1356,
        1432,
        1517,
        1554,
        1591,
        1633,
        1694,
        1763,
        1806,
        1841,
        1897,
        1943,
        2008,
        2055,
        2093,
        2147,
        2187,
        2259,
        2299,
        2333,
        2397,
        2447,
        2523,
        2565,
        2613,
        2673,
        2733,
        2819,
        2821,
        2821,
        2857,
        2915,
        2951,
        3025,
        3047,
        3171,
        3275,
        3343,
        3343,
        3539,
        3727,
        3727,
        4339,
        4339,
        4339,
        4591,
        4591,
        4591,
        4591,
        4591,
        4891,
        4891
      ],