{
  "latency-quic-lat": [
    {
      "Values": [
        86,
        107,
        112,
        117,
        121,
        125,
        127,
        129,
        131,
        134,
        136,
        138,
        139,
        141,
        143,
        145,
        147,
        148,
        149,
        151,
        153,
        154,
        156,
        157,
        159,
        161,
        162,
        164,
        166,
        168,
        170,
        172,
        174,
        176,
        179,
        184,
        186,
        189,
        193,
        199,
        205,
        209,
        215,
        222,
        232,
        247,
        257,
        273,
        291,
        320,
        361,
        399,
        452,
        496,
        543,
        610,
        634,
        675,
        697,
        731,
        783,
        830,
        863,
        952,
        1004,
        1164,
        1234,
        1310,
        1378,
        1424,
        1550,
        1619,
        2445,
        26591,
        26591,
        26591,
        26591,
        27599,
        27599,
        27711,
        27711,
        27711,
        27759,
        27759,
        27759,
        27759,
        27759,
        28239,
        28239
      ],
      "Percentiles": [
        0.0,
        0.1,
        0.2,
        0.3,
        0.4,
        0.5,
        0.55,
        0.6,
        0.65,
        0.7,
        0.75,
        0.775,
        0.8,
        0.825,
        0.85,
        0.875,
        0.8875,
        0.9,
        0.9125,
        0.925,
        0.9375,
        0.94375,
        0.95,
        0.95625,
        0.9625,
        0.96875,
        0.971875,
        0.975,
        0.978125,
        0.98125,
        0.984375,
        0.985938,
        0.9875,
        0.989062,
        0.990625,
        0.992188,
        0.992969,
        0.99375,
        0.994531,
        0.995313,
        0.996094,
        0.996484,
        0.996875,
        0.997266,
        0.997656,
        0.998047,
        0.998242,
        0.998437,
        0.998633,
        0.998828,
        0.999023,
        0.999121,
        0.999219,
        0.999316,
        0.999414,
        0.999512,
        0.999561,
        0.999609,
        0.999658,
        0.999707,
        0.999756,
        0.99978,
        0.999805,
        0.999829,
        0.999854,
        0.999878,
        0.99989,
        0.999902,
        0.999915,
        0.999927,
        0.999939,
        0.999945,
        0.999951,
        0.999957,
        0.999963,
        0.999969,
        0.999973,
        0.999976,
        0.999979,
        0.999982,
        0.999985,
        0.999986,
        0.999988,
        0.999989,
        0.999991,
        0.999992,
        0.999993,
        0.999994,
        1.0
      ]
    },
    {
      "Values": [
        85,
        110,
        115,
        119,
        123,
        127,
        129,
        132,
        134,
        136,
        139,
        140,
        142,
        143,
        145,
        147,
        148,
        150,
        151,
        153,
        155,
        156,
        157,
        158,
        160,
        162,
        163,
        164,
        166,
        168,
        170,
        172,
        173,
        175,
        178,
        182,
        184,
        187,
        191,
        196,
        204,
        207,
        212,
        218,
        227,
        240,
        250,
        260,
        279,
        302,
        327,
        359,
        421,
        481,
        530,
        624,
        673,
        750,
        837,
        921,
        1026,
        1110,
        1244,
        1370,
        1516,
        1847,
        1870,
        1916,
        2327,
        2893,
        4343,
        4667,
        5891,
        9343,
        26639,
        26815,
        26815,
        26991,
        26991,
        27167,
        27167,
        27167,
        27903,
        27903,
        27903,
        27903,
        27903,
        28783,
        28783
      ],
      "Percentiles": [
        0.0,
        0.1,
        0.2,
        0.3,
        0.4,
        0.5,
        0.55,
        0.6,
        0.65,
        0.7,
        0.75,
        0.775,
        0.8,
        0.825,
        0.85,
        0.875,
        0.8875,
        0.9,
        0.9125,
        0.925,
        0.9375,
        0.94375,
        0.95,
        0.95625,
        0.9625,
        0.96875,
        0.971875,
        0.975,
        0.978125,
        0.98125,
        0.984375,
        0.985938,
        0.9875,
        0.989062,
        0.990625,
        0.992188,
        0.992969,
        0.99375,
        0.994531,
        0.995313,
        0.996094,
        0.996484,
        0.996875,
        0.997266,
        0.997656,
        0.998047,
        0.998242,
        0.998437,
        0.998633,
        0.998828,
        0.999023,
        0.999121,
        0.999219,
        0.999316,
        0.999414,
        0.999512,
        0.999561,
        0.999609,
        0.999658,
        0.999707,
        0.999756,
        0.99978,
        0.999805,
        0.999829,
        0.999854,
        0.999878,
        0.99989,
        0.999902,
        0.999915,
        0.999927,
        0.999939,
        0.999945,
        0.999951,
        0.999957,
        0.999963,
        0.999969,
        0.999973,
        0.999976,
        0.999979,
        0.999982,
        0.999985,
        0.999986,
        0.999988,
        0.999989,
        0.999991,
        0.999992,
        0.999993,
        0.999994,
        1.0
      ]
    },
    {
      "Values": [
        86,
        107,
        112,
        116,
        120,
        124,
        126,
        129,
        131,
        133,
        135,
        137,
        138,
        140,
        142,
        144,
        145,
        146,
        148,
        149,
        151,
        152,
        154,
        155,
        157,
        159,
        160,
        161,
        162,
        164,
        166,
        168,
        169,
        171,
        174,
        176,
        179,
        181,
        183,
        187,
        191,
        195,
        199,
        203,
        208,
        216,
        220,
        226,
        231,
        244,
        259,
        269,
        284,
        302,
        324,
        360,
        383,
        428,
        457,
        538,
        603,
        627,
        644,
        696,
        850,
        941,
        1057,
        1158,
        1334,
        1347,
        1374,
        1383,
        1407,
        1489,
        1499,
        26511,
        26511,
        26543,
        26543,
        26543,
        26543,
        26543,
        26671,
        26671,
        26671,
        26671,
        26671,
        27887,
        27887
      ],