{
  "commit": "0c1e042260e68325b11a16dc40122064e874b8cb",
  "rps-quic": [
    "297",
    "703",
    "816",
    "932",
    "1240",
    "2561",
    "3490",
    "3614",
    "140833",
    "288",
    "665",
    "769",
    "874",
    "1049",
    "1712",
    "2048",
    "2221",
    "148678",
    "331",
    "657",
    "765",
    "869",
    "1070",
    "2240",
    "3874",
    "4053",
    "150565"
  ],
  "rps-multi-quic": [
    "885",
    "22333",
    "32850",
    "40756",
    "48324",
    "68976",
    "80240",
    "87514",
    "299662",
    "422",
    "18435",
    "37045",
    "50707",
    "61813",
    "78751",
    "90710",
    "95510",
    "291926",
    "826",
    "16158",
    "43451",
    "56439",
    "64685",
    "71057",
    "76543",
    "81871",
    "293668"
  ],
  "latency-quic-lat": [
    {
      "Values": [
        69,
        90,
        94,
        97,
        101,
        104,
        106,
        107,
        109,
        112,
        114,
        115,
        116,
        118,
        119,
        121,
        122,
        123,
        124,
        126,
        127,
        128,
        129,
        130,
        131,
        133,
        134,
        135,
        136,
        137,
        139,
        140,
        141,
        142,
        143,
        145,
        146,
        147,
        149,
        151,
        153,
        154,
        156,
        158,
        161,
        164,
        166,
        169,
        173,
        178,
        185,
        190,
        198,
        209,
        221,
        247,
        257,
        271,
        289,
        343,
        388,
        419,
        439,
        474,
        545,
        646,
        734,
        774,
        779,
        1017,
        1219,
        1221,
        1333,
        1377,
        2139,
        2207,
        2207,
        3269,
        3269,
        4923,
        5623,
        5623,
        5623,
        5623,
        7199,
        7199,
        7199,
        7199,
        7199,
        7787,
        7787
      ],
      "Percentiles": [
        0.0,
        0.1,
        0.2,
        0.3,
        0.4,
        0.5,
        0.55,
        0.6,
        0.65,
        0.7,
        0.75,
        0.775,
        0.8,
        0.825,
        0.85,
        0.875,
        0.8875,
        0.9,
        0.9125,
        0.925,
        0.9375,
        0.94375,
        0.95,
        0.95625,
        0.9625,
        0.96875,
        0.971875,
        0.975,
        0.978125,
        0.98125,
        0.984375,
        0.985938,
        0.9875,
        0.989062,
        0.990625,
        0.992188,
        0.992969,
        0.99375,
        0.994531,
        0.995313,
        0.996094,
        0.996484,
        0.996875,
        0.997266,
        0.997656,
        0.998047,
        0.998242,
        0.998437,
        0.998633,
        0.998828,
        0.999023,
        0.999121,
        0.999219,
        0.999316,
        0.999414,
        0.999512,
        0.999561,
        0.999609,
        0.999658,
        0.999707,
        0.999756,
        0.99978,
        0.999805,
        0.999829,
        0.999854,
        0.999878,
        0.99989,
        0.999902,
        0.999915,
        0.999927,
        0.999939,
        0.999945,
        0.999951,
        0.999957,
        0.999963,
        0.999969,
        0.999973,
        0.999976,
        0.999979,
        0.999982,
        0.999985,
        0.999986,
        0.999988,
        0.999989,
        0.999991,
        0.999992,
        0.999993,
        0.999994,
        0.999995,
        0.999995,
        1.0
      ]
    },
    {
      "Values": [
        70,
        86,
        92,
        96,
        99,
        103,
        105,
        107,
        109,
        112,
        114,
        115,
        117,
        118,
        120,
        121,
        122,
        123,
        124,
        126,
        127,
        128,
        129,
        131,
        132,
        134,
        135,
        136,
        137,
        138,
        140,
        141,
        142,
        143,
        145,
        147,
        148,
        149,
        151,
        153,
        155,
        157,
        159,
        162,
        164,
        169,
        172,
        176,
        181,
        189,
        202,
        209,
        218,
        232,
        244,
        264,
        275,
        286,
        296,
        331,
        363,
        391,
        423,
        477,
        511,
        551,
        578,
        589,
        618,
        639,
        787,
        842,
        887,
        900,
        1128,
        1163,
        1163,
        1374,
        1374,
        1520,
        2087,
        2087,
        2087,
        2087,
        2211,
        2211,
        2211,
        2211,
        2211,
        3579,
        3579
      ],
      "Percentiles": [
        0.0,
        0.1,
        0.2,
        0.3,
        0.4,
        0.5,
        0.55,
        0.6,
        0.65,
        0.7,
        0.75,
        0.775,
        0.8,
        0.825,
        0.85,
        0.875,
        0.8875,
        0.9,
        0.9125,
        0.925,
        0.9375,
        0.94375,
        0.95,
        0.95625,
        0.9625,
        0.96875,
        0.971875,
        0.975,
        0.978125,
        0.98125,
        0.984375,
        0.985938,
        0.9875,
        0.989062,
        0.990625,
        0.992188,
        0.992969,
        0.99375,
        0.994531,
        0.995313,
        0.996094,
        0.996484,
        0.996875,
        0.997266,
        0.997656,
        0.998047,
        0.998242,
        0.998437,
        0.998633,
        0.998828,
        0.999023,
        0.999121,
        0.999219,
        0.999316,
        0.999414,
        0.999512,
        0.999561,
        0.999609,
        0.999658,
        0.999707,
        0.999756,
        0.99978,
        0.999805,
        0.999829,
        0.999854,
        0.999878,
        0.99989,
        0.999902,
        0.999915,
        0.999927,
        0.999939,
        0.999945,
        0.999951,
        0.999957,
        0.999963,
        0.999969,
        0.999973,
        0.999976,
        0.999979,
        0.999982,
        0.999985,
        0.999986,
        0.999988,
        0.999989,
        0.999991,
        0.999992,
        0.999993,
        0.999994,
        0.999995,
        0.999995,
        1.0
      ]
    },
    {
      "Values": [
        69,
        87,
        91,
        95,
        98,
        102,
        104,
        106,
        108,
        111,
        113,
        114,
        116,
        117,
        119,
        121,
        122,
        123,
        124,
        125,
        127,
        128,
        129,
        130,
        131,
        132,
        133,
        134,
        135,
        137,
        138,
        139,
        140,
        141,
        142,
        144,
        145,
        146,
        147,
        149,
        152,
        153,
        155,
        157,
        160,
        164,
        167,
        171,
        176,
        182,
        192,
        199,
        205,
        212,
        224,
        234,
        243,
        258,
        285,
        312,
        351,
        378,
        410,
        455,
        556,
        633,
        648,
        684,
        807,
        839,
        924,
        927,
        927,
        958,
        1115,
        1719,
        1719,
        1754,
        1754,
        1920,
        2075,
        2075,
        2075,
        2075,
        2119,
        2119,
        2119,
        2119,
        2119,
        2409,
        2409
      ],