{
  "latency-quic-lat": [
    {
      "Values": [
        76,
        104,
        109,
        113,
        117,
        121,
        124,
        126,
        128,
        130,
        133,
        134,
        136,
        137,
        139,
        142,
        143,
        144,
        145,
        147,
        149,
        150,
        151,
        153,
        154,
        156,
        157,
        158,
        160,
        161,
        163,
        164,
        166,
        167,
        169,
        171,
        172,
        174,
        176,
        178,
        181,
        183,
        185,
        187,
        191,
        196,
        198,
        202,
        207,
        214,
        228,
        235,
        249,
        281,
        321,
        416,
        485,
        546,
        566,
        591,
        627,
        642,
        677,
        710,
        791,
        911,
        951,
        981,
        1006,
        1032,
        1081,
        1081,
        1106,
        1138,
        1158,
        1206,
        1206,
        1249,
        1249,
        1318,
        1318,
        1318,
        1915,
        1915,
        1915,
        1915,
        1915,
        2022,
        2022
      ],
      "Percentiles": [
        0.0,
        0.1,
        0.2,
        0.3,
        0.4,
        0.5,
        0.55,
        0.6,
        0.65,
        0.7,
        0.75,
        0.775,
        0.8,
        0.825,
        0.85,
        0.875,
        0.8875,
        0.9,
        0.9125,
        0.925,
        0.9375,
        0.94375,
        0.95,
        0.95625,
        0.9625,
        0.96875,
        0.971875,
        0.975,
        0.978125,
        0.98125,
        0.984375,
        0.985938,
        0.9875,
        0.989062,
        0.990625,
        0.992188,
        0.992969,
        0.99375,
        0.994531,
        0.995313,
        0.996094,
        0.996484,
        0.996875,
        0.997266,
        0.997656,
        0.998047,
        0.998242,
        0.998437,
        0.998633,
        0.998828,
        0.999023,
        0.999121,
        0.999219,
        0.999316,
        0.999414,
        0.999512,
        0.999561,
        0.999609,
        0.999658,
        0.999707,
        0.999756,
        0.99978,
        0.999805,
        0.999829,
        0.999854,
        0.999878,
        0.99989,
        0.999902,
        0.999915,
        0.999927,
        0.999939,
        0.999945,
        0.999951,
        0.999957,
        0.999963,
        0.999969,
        0.999973,
        0.999976,
        0.999979,
        0.999982,
        0.999985,
        0.999986,
        0.999988,
        0.999989,
        0.999991,
        0.999992,
        0.999993,
        0.999994,
        1.0
      ]
    },
    {
      "Values": [
        82,
        105,
        110,
        115,
        119,
        123,
        125,
        127,
        129,
        132,
        134,
        136,
        137,
        139,
        141,
        143,
        144,
        145,
        146,
        148,
        150,
        151,
        152,
        154,
        155,
        157,
        158,
        159,
        160,
        162,
        164,
        165,
        166,
        168,
        170,
        172,
        173,
        175,
        176,
        179,
        181,
        183,
        185,
        188,
        191,
        195,
        199,
        203,
        208,
        218,
        230,
        239,
        254,
        268,
        311,
        346,
        406,
        494,
        533,
        608,
        651,
        686,
        725,
        780,
        803,
        880,
        983,
        1011,
        1016,
        1021,
        1034,
        1034,
        1050,
        1084,
        1111,
        1117,
        1117,
        1137,
        1137,
        1160,
        1160,
        1160,
        1190,
        1190,
        1190,
        1190,
        1190,
        1289,
        1289
      ],
      "Percentiles": [
        0.0,
        0.1,
        0.2,
        0.3,
        0.4,
        0.5,
        0.55,
        0.6,
        0.65,
        0.7,
        0.75,
        0.775,
        0.8,
        0.825,
        0.85,
        0.875,
        0.8875,
        0.9,
        0.9125,
        0.925,
        0.9375,
        0.94375,
        0.95,
        0.95625,
        0.9625,
        0.96875,
        0.971875,
        0.975,
        0.978125,
        0.98125,
        0.984375,
        0.985938,
        0.9875,
        0.989062,
        0.990625,
        0.992188,
        0.992969,
        0.99375,
        0.994531,
        0.995313,
        0.996094,
        0.996484,
        0.996875,
        0.997266,
        0.997656,
        0.998047,
        0.998242,
        0.998437,
        0.998633,
        0.998828,
        0.999023,
        0.999121,
        0.999219,
        0.999316,
        0.999414,
        0.999512,
        0.999561,
        0.999609,
        0.999658,
        0.999707,
        0.999756,
        0.99978,
        0.999805,
        0.999829,
        0.999854,
        0.999878,
        0.99989,
        0.999902,
        0.999915,
        0.999927,
        0.999939,
        0.999945,
        0.999951,
        0.999957,
        0.999963,
        0.999969,
        0.999973,
        0.999976,
        0.999979,
        0.999982,
        0.999985,
        0.999986,
        0.999988,
        0.999989,
        0.999991,
        0.999992,
        0.999993,
        0.999994,
        1.0
      ]
    },
    {
      "Values": [
        77,
        104,
        110,
        114,
        118,
        122,
        124,
        127,
        129,
        131,
        134,
        135,
        137,
        139,
        141,
        143,
        144,
        146,
        147,
        149,
        151,
        152,
        153,
        154,
        156,
        158,
        159,
        160,
        161,
        163,
        165,
        166,
        167,
        169,
        171,
        173,
        174,
        176,
        178,
        180,
        183,
        184,
        186,
        190,
        193,
        199,
        202,
        206,
        213,
        220,
        232,
        243,
        257,
        285,
        312,
        349,
        370,
        408,
        450,
        508,
        602,
        617,
        680,
        784,
        849,
        916,
        938,
        974,
        1062,
        1075,
        1095,
        1098,
        1101,
        1128,
        1148,
        1163,
        1163,
        1166,
        1166,
        1216,
        1216,
        1216,
        1734,
        1734,
        1734,
        1734,
        1734,
        2433,
        2433
      ],