{
  "latency-quic-lat": [
    {
      "Values": [
        87,
        110,
        117,
        122,
        127,
        131,
        133,
        135,
        138,
        141,
        144,
        145,
        147,
        149,
        151,
        154,
        155,
        157,
        159,
        161,
        164,
        165,
        167,
        169,
        172,
        175,
        178,
        181,
        184,
        189,
        197,
        202,
        208,
        218,
        230,
        247,
        259,
        272,
        291,
        313,
        342,
        355,
        368,
        385,
        406,
        435,
        452,
        479,
        511,
        555,
        602,
        634,
        671,
        735,
        794,
        888,
        939,
        996,
        1103,
        1221,
        1375,
        1407,
        1654,
        1781,
        1863,
        2045,
        2093,
        2147,
        2457,
        2627,
        2869,
        2869,
        2923,
        3075,
        3199,
        3255,
        3255,
        3353,
        3353,
        5727,
        5727,
        5727,
        6439,
        6439,
        6439,
        6439,
        6439,
        6623,
        6623
      ],
      "Percentiles": [
        0.0,
        0.1,
        0.2,
        0.3,
        0.4,
        0.5,
        0.55,
        0.6,
        0.65,
        0.7,
        0.75,
        0.775,
        0.8,
        0.825,
        0.85,
        0.875,
        0.8875,
        0.9,
        0.9125,
        0.925,
        0.9375,
        0.94375,
        0.95,
        0.95625,
        0.9625,
        0.96875,
        0.971875,
        0.975,
        0.978125,
        0.98125,
        0.984375,
        0.985938,
        0.9875,
        0.989062,
        0.990625,
        0.992188,
        0.992969,
        0.99375,
        0.994531,
        0.995313,
        0.996094,
        0.996484,
        0.996875,
        0.997266,
        0.997656,
        0.998047,
        0.998242,
        0.998437,
        0.998633,
        0.998828,
        0.999023,
        0.999121,
        0.999219,
        0.999316,
        0.999414,
        0.999512,
        0.999561,
        0.999609,
        0.999658,
        0.999707,
        0.999756,
        0.99978,
        0.999805,
        0.999829,
        0.999854,
        0.999878,
        0.99989,
        0.999902,
        0.999915,
        0.999927,
        0.999939,
        0.999945,
        0.999951,
        0.999957,
        0.999963,
        0.999969,
        0.999973,
        0.999976,
        0.999979,
        0.999982,
        0.999985,
        0.999986,
        0.999988,
        0.999989,
        0.999991,
        0.999992,
        0.999993,
        0.999994,
        1.0
      ]
    },
    {
      "Values": [
        87,
        108,
        114,
        120,
        125,
        129,
        131,
        133,
        135,
        138,
        141,
        142,
        144,
        146,
        148,
        151,
        152,
        154,
        155,
        158,
        160,
        162,
        164,
        166,
        168,
        172,
        174,
        177,
        180,
        185,
        191,
        196,
        202,
        208,
        219,
        232,
        241,
        252,
        268,
        293,
        326,
        343,
        361,
        382,
        406,
        433,
        441,
        454,
        480,
        515,
        561,
        588,
        607,
        642,
        704,
        776,
        830,
        880,
        931,
        1013,
        1205,
        1212,
        1236,
        1389,
        1497,
        1689,
        1844,
        1977,
        2047,
        2069,
        2213,
        2267,
        2337,
        2565,
        2593,
        2917,
        2917,
        3103,
        3103,
        5559,
        5559,
        5559,
        6287,
        6287,
        6287,
        6287,
        6287,
        8775,
        8775
      ],
      "Percentiles": [
        0.0,
        0.1,
        0.2,
        0.3,
        0.4,
        0.5,
        0.55,
        0.6,
        0.65,
        0.7,
        0.75,
        0.775,
        0.8,
        0.825,
        0.85,
        0.875,
        0.8875,
        0.9,
        0.9125,
        0.925,
        0.9375,
        0.94375,
        0.95,
        0.95625,
        0.9625,
        0.96875,
        0.971875,
        0.975,
        0.978125,
        0.98125,
        0.984375,
        0.985938,
        0.9875,
        0.989062,
        0.990625,
        0.992188,
        0.992969,
        0.99375,
        0.994531,
        0.995313,
        0.996094,
        0.996484,
        0.996875,
        0.997266,
        0.997656,
        0.998047,
        0.998242,
        0.998437,
        0.998633,
        0.998828,
        0.999023,
        0.999121,
        0.999219,
        0.999316,
        0.999414,
        0.999512,
        0.999561,
        0.999609,
        0.999658,
        0.999707,
        0.999756,
        0.99978,
        0.999805,
        0.999829,
        0.999854,
        0.999878,
        0.99989,
        0.999902,
        0.999915,
        0.999927,
        0.999939,
        0.999945,
        0.999951,
        0.999957,
        0.999963,
        0.999969,
        0.999973,
        0.999976,
        0.999979,
        0.999982,
        0.999985,
        0.999986,
        0.999988,
        0.999989,
        0.999991,
        0.999992,
        0.999993,
        0.999994,
        1.0
      ]
    },
    {
      "Values": [
        87,
        109,
        116,
        122,
        126,
        130,
        132,
        134,
        136,
        139,
        142,
        143,
        145,
        147,
        149,
        152,
        153,
        155,
        157,
        159,
        161,
        163,
        165,
        167,
        169,
        172,
        174,
        177,
        180,
        184,
        191,
        195,
        201,
        208,
        218,
        234,
        245,
        254,
        268,
        287,
        314,
        327,
        345,
        363,
        388,
        414,
        431,
        450,
        477,
        507,
        537,
        566,
        584,
        627,
        666,
        730,
        764,
        833,
        877,
        961,
        1065,
        1189,
        1385,
        1549,
        1617,
        1903,
        2067,
        2099,
        2339,
        2427,
        2449,
        2559,
        2609,
        2713,
        3067,
        3849,
        3849,
        3907,
        3907,
        4655,
        4655,
        4655,
        5775,
        5775,
        5775,
        5775,
        5775,
        9527,
        9527
      ],