{
  "latency-quic-lat": [
    {
      "Values": [
        83,
        105,
        109,
        113,
        118,
        123,
        125,
        127,
        130,
        132,
        134,
        136,
        137,
        138,
        140,
        142,
        143,
        144,
        145,
        146,
        147,
        148,
        149,
        149,
        150,
        152,
        152,
        153,
        154,
        155,
        157,
        157,
        158,
        159,
        160,
        162,
        162,
        163,
        164,
        166,
        167,
        168,
        169,
        171,
        173,
        175,
        176,
        177,
        179,
        182,
        184,
        187,
        190,
        191,
        195,
        198,
        200,
        203,
        207,
        211,
        216,
        223,
        230,
        251,
        266,
        273,
        284,
        289,
        292,
        296,
        306,
        307,
        307,
        325,
        342,
        359,
        359,
        464,
        464,
        567,
        567,
        567,
        951,
        951,
        951,
        951,
        951,
        1054,
        1054
      ],
      "Percentiles": [
        0.0,
        0.1,
        0.2,
        0.3,
        0.4,
        0.5,
        0.55,
        0.6,
        0.65,
        0.7,
        0.75,
        0.775,
        0.8,
        0.825,
        0.85,
        0.875,
        0.8875,
        0.9,
        0.9125,
        0.925,
        0.9375,
        0.94375,
        0.95,
        0.95625,
        0.9625,
        0.96875,
        0.971875,
        0.975,
        0.978125,
        0.98125,
        0.984375,
        0.985938,
        0.9875,
        0.989062,
        0.990625,
        0.992188,
        0.992969,
        0.99375,
        0.994531,
        0.995313,
        0.996094,
        0.996484,
        0.996875,
        0.997266,
        0.997656,
        0.998047,
        0.998242,
        0.998437,
        0.998633,
        0.998828,
        0.999023,
        0.999121,
        0.999219,
        0.999316,
        0.999414,
        0.999512,
        0.999561,
        0.999609,
        0.999658,
        0.999707,
        0.999756,
        0.99978,
        0.999805,
        0.999829,
        0.999854,
        0.999878,
        0.99989,
        0.999902,
        0.999915,
        0.999927,
        0.999939,
        0.999945,
        0.999951,
        0.999957,
        0.999963,
        0.999969,
        0.999973,
        0.999976,
        0.999979,
        0.999982,
        0.999985,
        0.999986,
        0.999988,
        0.999989,
        0.999991,
        0.999992,
        0.999993,
        0.999994,
        1.0
      ]
    },
    {
      "Values": [
        82,
        107,
        112,
        117,
        121,
        126,
        128,
        130,
        132,
        134,
        136,
        137,
        138,
        139,
        140,
        142,
        143,
        144,
        145,
        146,
        147,
        148,
        149,
        150,
        150,
        152,
        152,
        153,
        154,
        155,
        156,
        156,
        157,
        158,
        159,
        160,
        161,
        162,
        163,
        164,
        165,
        166,
        167,
        168,
        170,
        172,
        173,
        175,
        176,
        178,
        180,
        181,
        183,
        186,
        190,
        193,
        195,
        197,
        199,
        201,
        205,
        208,
        210,
        211,
        214,
        216,
        218,
        225,
        229,
        240,
        277,
        280,
        320,
        334,
        368,
        384,
        384,
        407,
        407,
        495,
        495,
        495,
        577,
        577,
        577,
        577,
        577,
        945,
        945
      ],
      "Percentiles": [
        0.0,
        0.1,
        0.2,
        0.3,
        0.4,
        0.5,
        0.55,
        0.6,
        0.65,
        0.7,
        0.75,
        0.775,
        0.8,
        0.825,
        0.85,
        0.875,
        0.8875,
        0.9,
        0.9125,
        0.925,
        0.9375,
        0.94375,
        0.95,
        0.95625,
        0.9625,
        0.96875,
        0.971875,
        0.975,
        0.978125,
        0.98125,
        0.984375,
        0.985938,
        0.9875,
        0.989062,
        0.990625,
        0.992188,
        0.992969,
        0.99375,
        0.994531,
        0.995313,
        0.996094,
        0.996484,
        0.996875,
        0.997266,
        0.997656,
        0.998047,
        0.998242,
        0.998437,
        0.998633,
        0.998828,
        0.999023,
        0.999121,
        0.999219,
        0.999316,
        0.999414,
        0.999512,
        0.999561,
        0.999609,
        0.999658,
        0.999707,
        0.999756,
        0.99978,
        0.999805,
        0.999829,
        0.999854,
        0.999878,
        0.99989,
        0.999902,
        0.999915,
        0.999927,
        0.999939,
        0.999945,
        0.999951,
        0.999957,
        0.999963,
        0.999969,
        0.999973,
        0.999976,
        0.999979,
        0.999982,
        0.999985,
        0.999986,
        0.999988,
        0.999989,
        0.999991,
        0.999992,
        0.999993,
        0.999994,
        1.0
      ]
    },
    {
      "Values": [
        85,
        108,
        113,
        117,
        121,
        125,
        127,
        128,
        130,
        132,
        134,
        135,
        136,
        137,
        139,
        140,
        141,
        142,
        143,
        144,
        145,
        146,
        146,
        147,
        148,
        149,
        150,
        151,
        151,
        152,
        154,
        154,
        155,
        156,
        157,
        158,
        159,
        160,
        161,
        162,
        164,
        165,
        165,
        167,
        168,
        170,
        171,
        172,
        174,
        175,
        178,
        180,
        181,
        184,
        186,
        190,
        192,
        193,
        195,
        199,
        204,
        205,
        208,
        211,
        219,
        221,
        224,
        229,
        238,
        244,
        263,
        278,
        279,
        286,
        288,
        290,
        290,
        296,
        296,
        350,
        350,
        350,
        452,
        452,
        452,
        452,
        452,
        1285,
        1285
      ],