{
  "rps-multi-quic": [
    "625",
    "22120",
    "31365",
    "40826",
    "51217",
    "69915",
    "88858",
    "99574",
    "282416",
    "688",
    "21653",
    "33051",
    "44223",
    "51619",
    "59205",
    "69120",
    "74384",
    "282812",
    "600",
    "22524",
    "35452",
    "47402",
    "57733",
    "68651",
    "79434",
    "82492",
    "282054"
  ],
  "latency-quic": [
    "157",
    "205",
    "226",
    "253",
    "311",
    "756",
    "1299",
    "1299",
    "4831",
    "142",
    "188",
    "210",
    "236",
    "293",
    "786",
    "1237",
    "1301",
    "5259",
    "155",
    "208",
    "230",
    "258",
    "327",
    "803",
    "1228",
    "1228",
    "4772"
  ],
  "latency-quic-lat": [
    {
      "Values": [
        157,
        186,
        192,
        197,
        201,
        205,
        207,
        209,
        211,
        214,
        216,
        217,
        219,
        220,
        222,
        224,
        225,
        226,
        228,
        229,
        231,
        232,
        234,
        235,
        236,
        239,
        240,
        241,
        242,
        244,
        247,
        248,
        250,
        252,
        254,
        257,
        259,
        261,
        265,
        269,
        275,
        278,
        281,
        285,
        289,
        293,
        296,
        300,
        303,
        307,
        312,
        318,
        323,
        329,
        338,
        357,
        367,
        388,
        421,
        481,
        593,
        612,
        636,
        637,
        639,
        713,
        747,
        756,
        759,
        764,
        777,
        777,
        781,
        781,
        798,
        923,
        923,
        923,
        923,
        1150,
        1150,
        1150,
        1150,
        1150,
        1299,
        1299
      ],
      "Percentiles": [
        0.0,
        0.1,
        0.2,
        0.3,
        0.4,
        0.5,
        0.55,
        0.6,
        0.65,
        0.7,
        0.75,
        0.775,
        0.8,
        0.825,
        0.85,
        0.875,
        0.8875,
        0.9,
        0.9125,
        0.925,
        0.9375,
        0.94375,
        0.95,
        0.95625,
        0.9625,
        0.96875,
        0.971875,
        0.975,
        0.978125,
        0.98125,
        0.984375,
        0.985938,
        0.9875,
        0.989062,
        0.990625,
        0.992188,
        0.992969,
        0.99375,
        0.994531,
        0.995313,
        0.996094,
        0.996484,
        0.996875,
        0.997266,
        0.997656,
        0.998047,
        0.998242,
        0.998437,
        0.998633,
        0.998828,
        0.999023,
        0.999121,
        0.999219,
        0.999316,
        0.999414,
        0.999512,
        0.999561,
        0.999609,
        0.999658,
        0.999707,
        0.999756,
        0.99978,
        0.999805,
        0.999829,
        0.999854,
        0.999878,
        0.99989,
        0.999902,
        0.999915,
        0.999927,
        0.999939,
        0.999945,
        0.999951,
        0.999957,
        0.999963,
        0.999969,
        0.999973,
        0.999976,
        0.999979,
        0.999982,
        0.999985,
        0.999986,
        0.999988,
        0.999989,
        0.999991,
        1.0
      ]
    },
    {
      "Values": [
        142,
        169,
        175,
        180,
        184,
        188,
        190,
        192,
        195,
        197,
        199,
        201,
        202,
        204,
        206,
        208,
        209,
        210,
        211,
        213,
        215,
        216,
        217,
        219,
        220,
        222,
        223,
        225,
        226,
        228,
        230,
        231,
        233,
        235,
        237,
        240,
        242,
        244,
        247,
        251,
        255,
        258,
        262,
        266,
        270,
        275,
        278,
        281,
        286,
        290,
        294,
        297,
        302,
        310,
        322,
        339,
        356,
        377,
        426,
        526,
        605,
        633,
        655,
        684,
        702,
        754,
        778,
        786,
        818,
        823,
        871,
        892,
        892,
        927,
        966,
        966,
        994,
        994,
        994,
        1237,
        1237,
        1237,
        1237,
        1237,
        1301,
        1301
      ],
      "Percentiles": [
        0.0,
        0.1,
        0.2,
        0.3,
        0.4,
        0.5,
        0.55,
        0.6,
        0.65,
        0.7,
        0.75,
        0.775,
        0.8,
        0.825,
        0.85,
        0.875,
        0.8875,
        0.9,
        0.9125,
        0.925,
        0.9375,
        0.94375,
        0.95,
        0.95625,
        0.9625,
        0.96875,
        0.971875,
        0.975,
        0.978125,
        0.98125,
        0.984375,
        0.985938,
        0.9875,
        0.989062,
        0.990625,
        0.992188,
        0.992969,
        0.99375,
        0.994531,
        0.995313,
        0.996094,
        0.996484,
        0.996875,
        0.997266,
        0.997656,
        0.998047,
        0.998242,
        0.998437,
        0.998633,
        0.998828,
        0.999023,
        0.999121,
        0.999219,
        0.999316,
        0.999414,
        0.999512,
        0.999561,
        0.999609,
        0.999658,
        0.999707,
        0.999756,
        0.99978,
        0.999805,
        0.999829,
        0.999854,
        0.999878,
        0.99989,
        0.999902,
        0.999915,
        0.999927,
        0.999939,
        0.999945,
        0.999951,
        0.999957,
        0.999963,
        0.999969,
        0.999973,
        0.999976,
        0.999979,
        0.999982,
        0.999985,
        0.999986,
        0.999988,
        0.999989,
        0.999991,
        1.0
      ]
    },
    {
      "Values": [
        155,
        188,
        194,
        199,
        204,
        208,
        210,
        212,
        214,
        216,
        219,
        220,
        222,
        223,
        225,
        227,
        228,
        230,
        231,
        233,
        235,
        236,
        237,
        239,
        240,
        242,
        244,
        245,
        247,
        248,
        251,
        252,
        254,
        256,
        258,
        262,
        264,
        267,
        270,
        274,
        279,
        282,
        286,
        290,
        295,
        300,
        303,
        307,
        313,
        319,
        328,
        334,
        341,
        346,
        369,
        397,
        429,
        480,
        610,
        667,
        713,
        735,
        740,
        758,
        783,
        786,
        796,
        803,
        806,
        871,
        1037,
        1037,
        1037,
        1037,
        1061,
        1082,
        1082,
        1082,
        1082,
        1103,
        1103,
        1103,
        1103,
        1103,
        1228,
        1228
      ],