{
  "latency-quic-lat": [
    {
      "Values": [
        80,
        103,
        113,
        118,
        122,
        125,
        126,
        128,
        129,
        131,
        133,
        134,
        135,
        137,
        138,
        140,
        141,
        141,
        142,
        143,
        145,
        146,
        147,
        148,
        150,
        152,
        153,
        155,
        156,
        157,
        159,
        159,
        160,
        160,
        161,
        162,
        163,
        164,
        165,
        166,
        167,
        168,
        170,
        171,
        173,
        175,
        177,
        179,
        181,
        183,
        186,
        189,
        190,
        193,
        196,
        199,
        203,
        208,
        211,
        216,
        226,
        228,
        239,
        246,
        255,
        269,
        274,
        294,
        308,
        319,
        329,
        331,
        331,
        385,
        393,
        431,
        431,
        448,
        448,
        458,
        458,
        458,
        678,
        678,
        678,
        678,
        678,
        1853,
        1853
      ],
      "Percentiles": [
        0.0,
        0.1,
        0.2,
        0.3,
        0.4,
        0.5,
        0.55,
        0.6,
        0.65,
        0.7,
        0.75,
        0.775,
        0.8,
        0.825,
        0.85,
        0.875,
        0.8875,
        0.9,
        0.9125,
        0.925,
        0.9375,
        0.94375,
        0.95,
        0.95625,
        0.9625,
        0.96875,
        0.971875,
        0.975,
        0.978125,
        0.98125,
        0.984375,
        0.985938,
        0.9875,
        0.989062,
        0.990625,
        0.992188,
        0.992969,
        0.99375,
        0.994531,
        0.995313,
        0.996094,
        0.996484,
        0.996875,
        0.997266,
        0.997656,
        0.998047,
        0.998242,
        0.998437,
        0.998633,
        0.998828,
        0.999023,
        0.999121,
        0.999219,
        0.999316,
        0.999414,
        0.999512,
        0.999561,
        0.999609,
        0.999658,
        0.999707,
        0.999756,
        0.99978,
        0.999805,
        0.999829,
        0.999854,
        0.999878,
        0.99989,
        0.999902,
        0.999915,
        0.999927,
        0.999939,
        0.999945,
        0.999951,
        0.999957,
        0.999963,
        0.999969,
        0.999973,
        0.999976,
        0.999979,
        0.999982,
        0.999985,
        0.999986,
        0.999988,
        0.999989,
        0.999991,
        0.999992,
        0.999993,
        0.999994,
        1.0
      ]
    },
    {
      "Values": [
        80,
        107,
        114,
        117,
        121,
        123,
        124,
        126,
        128,
        131,
        133,
        134,
        135,
        135,
        136,
        138,
        139,
        141,
        142,
        143,
        144,
        145,
        146,
        147,
        148,
        149,
        150,
        152,
        153,
        155,
        156,
        156,
        157,
        158,
        159,
        160,
        161,
        162,
        163,
        165,
        167,
        168,
        169,
        171,
        173,
        175,
        177,
        179,
        180,
        182,
        185,
        187,
        190,
        193,
        196,
        199,
        204,
        206,
        213,
        219,
        227,
        232,
        235,
        262,
        293,
        315,
        334,
        362,
        389,
        400,
        411,
        420,
        453,
        481,
        512,
        641,
        641,
        999,
        999,
        1166,
        1166,
        1166,
        1297,
        1297,
        1297,
        1297,
        1297,
        1980,
        1980
      ],
      "Percentiles": [
        0.0,
        0.1,
        0.2,
        0.3,
        0.4,
        0.5,
        0.55,
        0.6,
        0.65,
        0.7,
        0.75,
        0.775,
        0.8,
        0.825,
        0.85,
        0.875,
        0.8875,
        0.9,
        0.9125,
        0.925,
        0.9375,
        0.94375,
        0.95,
        0.95625,
        0.9625,
        0.96875,
        0.971875,
        0.975,
        0.978125,
        0.98125,
        0.984375,
        0.985938,
        0.9875,
        0.989062,
        0.990625,
        0.992188,
        0.992969,
        0.99375,
        0.994531,
        0.995313,
        0.996094,
        0.996484,
        0.996875,
        0.997266,
        0.997656,
        0.998047,
        0.998242,
        0.998437,
        0.998633,
        0.998828,
        0.999023,
        0.999121,
        0.999219,
        0.999316,
        0.999414,
        0.999512,
        0.999561,
        0.999609,
        0.999658,
        0.999707,
        0.999756,
        0.99978,
        0.999805,
        0.999829,
        0.999854,
        0.999878,
        0.99989,
        0.999902,
        0.999915,
        0.999927,
        0.999939,
        0.999945,
        0.999951,
        0.999957,
        0.999963,
        0.999969,
        0.999973,
        0.999976,
        0.999979,
        0.999982,
        0.999985,
        0.999986,
        0.999988,
        0.999989,
        0.999991,
        0.999992,
        0.999993,
        0.999994,
        1.0
      ]
    },
    {
      "Values": [
        81,
        109,
        116,
        120,
        124,
        126,
        127,
        129,
        130,
        132,
        134,
        135,
        136,
        137,
        139,
        140,
        141,
        142,
        142,
        143,
        144,
        145,
        146,
        147,
        148,
        150,
        151,
        152,
        154,
        155,
        156,
        157,
        158,
        159,
        159,
        160,
        161,
        161,
        162,
        163,
        165,
        165,
        166,
        168,
        169,
        172,
        173,
        175,
        177,
        180,
        183,
        184,
        187,
        189,
        192,
        196,
        198,
        199,
        201,
        207,
        219,
        222,
        226,
        232,
        239,
        251,
        254,
        256,
        260,
        270,
        287,
        288,
        323,
        336,
        342,
        349,
        349,
        443,
        443,
        453,
        453,
        453,
        497,
        497,
        497,
        497,
        497,
        842,
        842
      ],