{
  "os_version": "Ubuntu 24.04.2 LTS 6.11.0-1018-azure",
  "upload-quic": [
    "6727133",
    "6417313",
    "6482098"
  ],
  "latency-quic-lat": [
    {
      "Values": [
        75,
        96,
        101,
        106,
        110,
        113,
        115,
        117,
        119,
        122,
        124,
        126,
        128,
        130,
        132,
        134,
        135,
        137,
        139,
        140,
        143,
        144,
        145,
        147,
        148,
        150,
        152,
        153,
        155,
        156,
        158,
        160,
        161,
        163,
        165,
        168,
        170,
        172,
        175,
        178,
        181,
        184,
        186,
        190,
        194,
        201,
        205,
        209,
        212,
        219,
        228,
        233,
        245,
        264,
        296,
        362,
        396,
        442,
        527,
        570,
        609,
        624,
        642,
        669,
        684,
        700,
        752,
        762,
        768,
        792,
        810,
        840,
        909,
        943,
        952,
        970,
        985,
        985,
        1102,
        1102,
        1106,
        1106,
        1106,
        1260,
        1260,
        1260,
        1260,
        1260,
        2825,
        2825
      ],
      "Percentiles": [
        0.0,
        0.1,
        0.2,
        0.3,
        0.4,
        0.5,
        0.55,
        0.6,
        0.65,
        0.7,
        0.75,
        0.775,
        0.8,
        0.825,
        0.85,
        0.875,
        0.8875,
        0.9,
        0.9125,
        0.925,
        0.9375,
        0.94375,
        0.95,
        0.95625,
        0.9625,
        0.96875,
        0.971875,
        0.975,
        0.978125,
        0.98125,
        0.984375,
        0.985938,
        0.9875,
        0.989062,
        0.990625,
        0.992188,
        0.992969,
        0.99375,
        0.994531,
        0.995313,
        0.996094,
        0.996484,
        0.996875,
        0.997266,
        0.997656,
        0.998047,
        0.998242,
        0.998437,
        0.998633,
        0.998828,
        0.999023,
        0.999121,
        0.999219,
        0.999316,
        0.999414,
        0.999512,
        0.999561,
        0.999609,
        0.999658,
        0.999707,
        0.999756,
        0.99978,
        0.999805,
        0.999829,
        0.999854,
        0.999878,
        0.99989,
        0.999902,
        0.999915,
        0.999927,
        0.999939,
        0.999945,
        0.999951,
        0.999957,
        0.999963,
        0.999969,
        0.999973,
        0.999976,
        0.999979,
        0.999982,
        0.999985,
        0.999986,
        0.999988,
        0.999989,
        0.999991,
        0.999992,
        0.999993,
        0.999994,
        0.999995,
        1.0
      ]
    },
    {
      "Values": [
        78,
        97,
        103,
        107,
        111,
        115,
        117,
        118,
        120,
        123,
        125,
        127,
        128,
        130,
        132,
        135,
        136,
        138,
        139,
        141,
        144,
        145,
        146,
        147,
        149,
        151,
        153,
        154,
        155,
        157,
        159,
        161,
        162,
        164,
        166,
        168,
        170,
        172,
        175,
        178,
        183,
        186,
        189,
        194,
        198,
        204,
        208,
        212,
        216,
        222,
        232,
        240,
        248,
        269,
        294,
        343,
        383,
        416,
        497,
        538,
        584,
        611,
        624,
        641,
        675,
        685,
        688,
        699,
        715,
        738,
        764,
        765,
        807,
        839,
        875,
        911,
        1013,
        1013,
        1049,
        1049,
        1054,
        1054,
        1054,
        1155,
        1155,
        1155,
        1155,
        1155,
        1177,
        1177
      ],
      "Percentiles": [
        0.0,
        0.1,
        0.2,
        0.3,
        0.4,
        0.5,
        0.55,
        0.6,
        0.65,
        0.7,
        0.75,
        0.775,
        0.8,
        0.825,
        0.85,
        0.875,
        0.8875,
        0.9,
        0.9125,
        0.925,
        0.9375,
        0.94375,
        0.95,
        0.95625,
        0.9625,
        0.96875,
        0.971875,
        0.975,
        0.978125,
        0.98125,
        0.984375,
        0.985938,
        0.9875,
        0.989062,
        0.990625,
        0.992188,
        0.992969,
        0.99375,
        0.994531,
        0.995313,
        0.996094,
        0.996484,
        0.996875,
        0.997266,
        0.997656,
        0.998047,
        0.998242,
        0.998437,
        0.998633,
        0.998828,
        0.999023,
        0.999121,
        0.999219,
        0.999316,
        0.999414,
        0.999512,
        0.999561,
        0.999609,
        0.999658,
        0.999707,
        0.999756,
        0.99978,
        0.999805,
        0.999829,
        0.999854,
        0.999878,
        0.99989,
        0.999902,
        0.999915,
        0.999927,
        0.999939,
        0.999945,
        0.999951,
        0.999957,
        0.999963,
        0.999969,
        0.999973,
        0.999976,
        0.999979,
        0.999982,
        0.999985,
        0.999986,
        0.999988,
        0.999989,
        0.999991,
        0.999992,
        0.999993,
        0.999994,
        0.999995,
        1.0
      ]
    },
    {
      "Values": [
        76,
        95,
        100,
        104,
        108,
        112,
        114,
        116,
        118,
        120,
        123,
        124,
        126,
        128,
        130,
        132,
        134,
        135,
        137,
        139,
        141,
        142,
        144,
        145,
        147,
        149,
        150,
        151,
        152,
        154,
        156,
        157,
        159,
        160,
        162,
        164,
        166,
        167,
        170,
        173,
        176,
        179,
        182,
        186,
        190,
        197,
        200,
        204,
        208,
        214,
        223,
        228,
        236,
        249,
        265,
        305,
        335,
        386,
        458,
        522,
        577,
        593,
        626,
        643,
        668,
        700,
        736,
        820,
        830,
        889,
        941,
        948,
        1003,
        1043,
        1103,
        1143,
        1220,
        1220,
        1222,
        1222,
        1492,
        1492,
        1492,
        26367,
        26367,
        26367,
        26367,
        26367,
        26463,
        26463
      ],