{
  "rps-up-512-down-4000-quic-lat": [
    {
      "Values": [
        354,
        852,
        885,
        897,
        909,
        921,
        927,
        932,
        937,
        944,
        952,
        956,
        960,
        965,
        972,
        981,
        987,
        996,
        1004,
        1014,
        1025,
        1032,
        1040,
        1048,
        1056,
        1068,
        1074,
        1082,
        1096,
        1110,
        1131,
        1150,
        1183,
        1207,
        1267,
        1332,
        1379,
        1428,
        1474,
        1506,
        1539,
        1561,
        1609,
        1644,
        1688,
        1740,
        1781,
        1834,
        1901,
        1929,
        2010,
        2032,
        2039,
        2177,
        2231,
        2287,
        2321,
        2619,
        2625,
        2625,
        2641,
        3565,
        3565,
        4009,
        4009,
        4215,
        4215,
        4215,
        5443,
        5443,
        5443,
        5443,
        5443,
        6987,
        6987
      ],
      "Percentiles": [
        0.0,
        0.1,
        0.2,
        0.3,
        0.4,
        0.5,
        0.55,
        0.6,
        0.65,
        0.7,
        0.75,
        0.775,
        0.8,
        0.825,
        0.85,
        0.875,
        0.8875,
        0.9,
        0.9125,
        0.925,
        0.9375,
        0.94375,
        0.95,
        0.95625,
        0.9625,
        0.96875,
        0.971875,
        0.975,
        0.978125,
        0.98125,
        0.984375,
        0.985938,
        0.9875,
        0.989062,
        0.990625,
        0.992188,
        0.992969,
        0.99375,
        0.994531,
        0.995313,
        0.996094,
        0.996484,
        0.996875,
        0.997266,
        0.997656,
        0.998047,
        0.998242,
        0.998437,
        0.998633,
        0.998828,
        0.999023,
        0.999121,
        0.999219,
        0.999316,
        0.999414,
        0.999512,
        0.999561,
        0.999609,
        0.999658,
        0.999707,
        0.999756,
        0.99978,
        0.999805,
        0.999829,
        0.999854,
        0.999878,
        0.99989,
        0.999902,
        0.999915,
        0.999927,
        0.999939,
        0.999945,
        0.999951,
        0.999957,
        1.0
      ]
    },
    {
      "Values": [
        468,
        784,
        821,
        836,
        855,
        870,
        876,
        882,
        886,
        891,
        897,
        900,
        905,
        910,
        917,
        926,
        932,
        939,
        948,
        956,
        969,
        976,
        982,
        990,
        1000,
        1014,
        1021,
        1033,
        1046,
        1063,
        1094,
        1122,
        1155,
        1210,
        1273,
        1334,
        1368,
        1400,
        1450,
        1523,
        1579,
        1598,
        1628,
        1655,
        1690,
        1754,
        1777,
        1816,
        1838,
        1878,
        1978,
        2003,
        2034,
        2161,
        2319,
        2393,
        2525,
        3469,
        3597,
        3683,
        5035,
        5035,
        5171,
        6307,
        6307,
        6367,
        6367,
        6367,
        6579,
        6579,
        6579,
        6579,
        6579,
        7863,
        7863
      ],
      "Percentiles": [
        0.0,
        0.1,
        0.2,
        0.3,
        0.4,
        0.5,
        0.55,
        0.6,
        0.65,
        0.7,
        0.75,
        0.775,
        0.8,
        0.825,
        0.85,
        0.875,
        0.8875,
        0.9,
        0.9125,
        0.925,
        0.9375,
        0.94375,
        0.95,
        0.95625,
        0.9625,
        0.96875,
        0.971875,
        0.975,
        0.978125,
        0.98125,
        0.984375,
        0.985938,
        0.9875,
        0.989062,
        0.990625,
        0.992188,
        0.992969,
        0.99375,
        0.994531,
        0.995313,
        0.996094,
        0.996484,
        0.996875,
        0.997266,
        0.997656,
        0.998047,
        0.998242,
        0.998437,
        0.998633,
        0.998828,
        0.999023,
        0.999121,
        0.999219,
        0.999316,
        0.999414,
        0.999512,
        0.999561,
        0.999609,
        0.999658,
        0.999707,
        0.999756,
        0.99978,
        0.999805,
        0.999829,
        0.999854,
        0.999878,
        0.99989,
        0.999902,
        0.999915,
        0.999927,
        0.999939,
        0.999945,
        0.999951,
        0.999957,
        1.0
      ]
    },
    {
      "Values": [
        287,
        525,
        648,
        776,
        821,
        859,
        873,
        884,
        892,
        899,
        907,
        911,
        916,
        921,
        925,
        930,
        933,
        937,
        942,
        949,
        957,
        964,
        971,
        979,
        989,
        1000,
        1006,
        1015,
        1021,
        1030,
        1043,
        1050,
        1060,
        1073,
        1092,
        1120,
        1157,
        1191,
        1223,
        1280,
        1342,
        1371,
        1400,
        1479,
        1529,
        1582,
        1591,
        1628,
        1664,
        1728,
        1764,
        1775,
        1784,
        1834,
        1839,
        1867,
        1883,
        1891,
        1929,
        1941,
        1989,
        2036,
        2183,
        2183,
        2243,
        2243,
        4667,
        4667,
        4667,
        4795,
        4795,
        4795,
        4795,
        4795,
        7995,
        7995
      ],
      "Percentiles": [
        0.0,
        0.1,
        0.2,
        0.3,
        0.4,
        0.5,
        0.55,
        0.6,
        0.65,
        0.7,
        0.75,
        0.775,
        0.8,
        0.825,
        0.85,
        0.875,
        0.8875,
        0.9,
        0.9125,
        0.925,
        0.9375,
        0.94375,
        0.95,
        0.95625,
        0.9625,
        0.96875,
        0.971875,
        0.975,
        0.978125,
        0.98125,
        0.984375,
        0.985938,
        0.9875,
        0.989062,
        0.990625,
        0.992188,
        0.992969,
        0.99375,
        0.994531,
        0.995313,
        0.996094,
        0.996484,
        0.996875,
        0.997266,
        0.997656,
        0.998047,
        0.998242,
        0.998437,
        0.998633,
        0.998828,
        0.999023,
        0.999121,
        0.999219,
        0.999316,
        0.999414,
        0.999512,
        0.999561,
        0.999609,
        0.999658,
        0.999707,
        0.999756,
        0.99978,
        0.999805,
        0.999829,
        0.999854,
        0.999878,
        0.99989,
        0.999902,
        0.999915,
        0.999927,
        0.999939,
        0.999945,
        0.999951,
        0.999957,
        0.999963,
        1.0
      ]
    }
  ],
  "hps-conns-100-quic-regression": {
    "BestResultCommit": "N/A",
    "BestResult": "N/A",
    "Baseline": "N/A",
    "HasRegression": false,
    "AggregateFunction": "N/A",
    "CumulativeResult": "N/A"
  },
  "commit": "e5aa8574c9760e59c8d505ec6e5c87a8b5fd7d88",
  "tput-down-quic-regression": {
    "BestResultCommit": "N/A",
    "BestResult": "N/A",
    "Baseline": "N/A",
    "HasRegression": false,
    "AggregateFunction": "N/A",
    "CumulativeResult": "N/A"
  },
  "hps-conns-100-tcp": [
    "665",
    "664",
    "668"
  ],
  "run_args": {
    "tput-up": "-exec:maxtput -up:12s -ptput:1",
    "tput-down": "-exec:maxtput -down:12s -ptput:1",
    "hps-conns-100": "-exec:maxtput -rconn:1 -share:1 -conns:100 -run:12s -prate:1",
    "rps-up-512-down-4000": "-exec:lowlat -rstream:1 -up:512 -down:4000 -run:20s -plat:1"
  },
  "tput-up-quic-regression": {
    "BestResultCommit": "N/A",