{
  "rps-up-512-down-4000-quic": [
    "383",
    "835",
    "925",
    "1196",
    "2321",
    "6243",
    "7216",
    "7216",
    "1226",
    "212",
    "760",
    "905",
    "1069",
    "1826",
    "7470",
    "7579",
    "7579",
    "1291",
    "334",
    "808",
    "913",
    "1201",
    "2039",
    "8104",
    "8989",
    "8989",
    "1232"
  ],
  "tput-down-tcp": [
    "9112885",
    "7185446",
    "13316658"
  ],
  "tput-down-quic": [
    "1763566",
    "1368495",
    "1261228"
  ],
  "rps-up-512-down-4000-quic-lat": [
    {
      "Values": [
        383,
        662,
        685,
        706,
        761,
        835,
        853,
        864,
        871,
        878,
        885,
        889,
        893,
        898,
        905,
        913,
        918,
        925,
        932,
        941,
        950,
        956,
        962,
        970,
        979,
        994,
        1004,
        1018,
        1033,
        1053,
        1079,
        1095,
        1132,
        1167,
        1217,
        1274,
        1309,
        1363,
        1437,
        1523,
        1580,
        1621,
        1646,
        1696,
        1782,
        1861,
        1963,
        2010,
        2103,
        2249,
        2339,
        2423,
        2519,
        2663,
        2995,
        3239,
        3247,
        3465,
        3665,
        3943,
        4603,
        4603,
        5211,
        5211,
        5351,
        6243,
        6243,
        6243,
        6243,
        6735,
        6735,
        6735,
        6735,
        6735,
        7219,
        7219
      ],
      "Percentiles": [
        0.0,
        0.1,
        0.2,
        0.3,
        0.4,
        0.5,
        0.55,
        0.6,
        0.65,
        0.7,
        0.75,
        0.775,
        0.8,
        0.825,
        0.85,
        0.875,
        0.8875,
        0.9,
        0.9125,
        0.925,
        0.9375,
        0.94375,
        0.95,
        0.95625,
        0.9625,
        0.96875,
        0.971875,
        0.975,
        0.978125,
        0.98125,
        0.984375,
        0.985938,
        0.9875,
        0.989062,
        0.990625,
        0.992188,
        0.992969,
        0.99375,
        0.994531,
        0.995313,
        0.996094,
        0.996484,
        0.996875,
        0.997266,
        0.997656,
        0.998047,
        0.998242,
        0.998437,
        0.998633,
        0.998828,
        0.999023,
        0.999121,
        0.999219,
        0.999316,
        0.999414,
        0.999512,
        0.999561,
        0.999609,
        0.999658,
        0.999707,
        0.999756,
        0.99978,
        0.999805,
        0.999829,
        0.999854,
        0.999878,
        0.99989,
        0.999902,
        0.999915,
        0.999927,
        0.999939,
        0.999945,
        0.999951,
        0.999957,
        0.999963,
        1.0
      ]
    },
    {
      "Values": [
        212,
        629,
        677,
        715,
        741,
        760,
        771,
        786,
        803,
        829,
        861,
        869,
        876,
        884,
        892,
        898,
        901,
        905,
        909,
        913,
        921,
        926,
        931,
        939,
        950,
        965,
        974,
        982,
        990,
        1001,
        1017,
        1026,
        1042,
        1055,
        1080,
        1109,
        1124,
        1153,
        1199,
        1247,
        1313,
        1345,
        1366,
        1435,
        1476,
        1539,
        1570,
        1587,
        1634,
        1764,
        1826,
        1885,
        1974,
        2053,
        2299,
        2379,
        2391,
        2499,
        3581,
        3661,
        4535,
        4555,
        4555,
        5523,
        6159,
        6159,
        7471,
        7471,
        7471,
        7519,
        7519,
        7519,
        7519,
        7519,
        7579,
        7579
      ],
      "Percentiles": [
        0.0,
        0.1,
        0.2,
        0.3,
        0.4,
        0.5,
        0.55,
        0.6,
        0.65,
        0.7,
        0.75,
        0.775,
        0.8,
        0.825,
        0.85,
        0.875,
        0.8875,
        0.9,
        0.9125,
        0.925,
        0.9375,
        0.94375,
        0.95,
        0.95625,
        0.9625,
        0.96875,
        0.971875,
        0.975,
        0.978125,
        0.98125,
        0.984375,
        0.985938,
        0.9875,
        0.989062,
        0.990625,
        0.992188,
        0.992969,
        0.99375,
        0.994531,
        0.995313,
        0.996094,
        0.996484,
        0.996875,
        0.997266,
        0.997656,
        0.998047,
        0.998242,
        0.998437,
        0.998633,
        0.998828,
        0.999023,
        0.999121,
        0.999219,
        0.999316,
        0.999414,
        0.999512,
        0.999561,
        0.999609,
        0.999658,
        0.999707,
        0.999756,
        0.99978,
        0.999805,
        0.999829,
        0.999854,
        0.999878,
        0.99989,
        0.999902,
        0.999915,
        0.999927,
        0.999939,
        0.999945,
        0.999951,
        0.999957,
        0.999963,
        1.0
      ]
    },
    {
      "Values": [
        334,
        674,
        719,
        746,
        776,
        808,
        827,
        843,
        853,
        863,
        875,
        881,
        887,
        892,
        898,
        904,
        908,
        913,
        920,
        928,
        938,
        946,
        955,
        964,
        975,
        992,
        1000,
        1010,
        1023,
        1043,
        1060,
        1076,
        1107,
        1157,
        1222,
        1294,
        1335,
        1382,
        1436,
        1497,
        1548,
        1572,
        1623,
        1683,
        1741,
        1819,
        1842,
        1907,
        1959,
        2006,
        2039,
        2091,
        2127,
        2309,
        2351,
        2467,
        2507,
        2781,
        4089,
        4895,
        5063,
        5175,
        5335,
        5335,
        6967,
        6967,
        8107,
        8107,
        8107,
        8503,
        8503,
        8503,
        8503,
        8503,
        8991,
        8991
      ],
      "Percentiles": [
        0.0,
        0.1,
        0.2,
        0.3,
        0.4,
        0.5,
        0.55,
        0.6,
        0.65,
        0.7,
        0.75,
        0.775,
        0.8,
        0.825,
        0.85,
        0.875,
        0.8875,
        0.9,
        0.9125,
        0.925,
        0.9375,
        0.94375,
        0.95,
        0.95625,
        0.9625,
        0.96875,
        0.971875,
        0.975,
        0.978125,
        0.98125,
        0.984375,
        0.985938,
        0.9875,
        0.989062,
        0.990625,
        0.992188,
        0.992969,
        0.99375,
        0.994531,
        0.995313,
        0.996094,
        0.996484,
        0.996875,
        0.997266,
        0.997656,
        0.998047,
        0.998242,
        0.998437,
        0.998633,
        0.998828,
        0.999023,
        0.999121,
        0.999219,
        0.999316,
        0.999414,
        0.999512,
        0.999561,
        0.999609,
        0.999658,
        0.999707,
        0.999756,
        0.99978,
        0.999805,
        0.999829,
        0.999854,
        0.999878,
        0.99989,
        0.999902,
        0.999915,
        0.999927,
        0.999939,
        0.999945,
        0.999951,
        0.999957,
        0.999963,
        1.0
      ]
    }
  ],
  "hps-conns-100-tcp": [
    "665",
    "668",
    "671"
  ],
  "commit": "735302435d54b095635e9add83226a21c27fd60f",
  "hps-conns-100-quic-regression": {
    "BestResultCommit": "N/A",
    "Baseline": "N/A",
    "AggregateFunction": "N/A",
    "HasRegression": false,
    "CumulativeResult": "N/A",
    "BestResult": "N/A"
  },