{
  "rps-up-512-down-4000-quic-lat": [
    {
      "Values": [
        472,
        816,
        867,
        883,
        892,
        903,
        910,
        916,
        923,
        930,
        937,
        941,
        945,
        950,
        956,
        963,
        968,
        975,
        983,
        993,
        1005,
        1013,
        1021,
        1029,
        1040,
        1053,
        1060,
        1069,
        1078,
        1091,
        1111,
        1123,
        1144,
        1171,
        1215,
        1277,
        1330,
        1377,
        1428,
        1483,
        1549,
        1579,
        1619,
        1655,
        1682,
        1722,
        1772,
        1798,
        1846,
        1858,
        1981,
        1990,
        2057,
        2143,
        2255,
        2297,
        2335,
        2479,
        2493,
        2843,
        2973,
        3035,
        3035,
        4815,
        4815,
        5291,
        5291,
        5291,
        5627,
        5627,
        5627,
        5627,
        5627,
        7623,
        7623
      ],
      "Percentiles": [
        0.0,
        0.1,
        0.2,
        0.3,
        0.4,
        0.5,
        0.55,
        0.6,
        0.65,
        0.7,
        0.75,
        0.775,
        0.8,
        0.825,
        0.85,
        0.875,
        0.8875,
        0.9,
        0.9125,
        0.925,
        0.9375,
        0.94375,
        0.95,
        0.95625,
        0.9625,
        0.96875,
        0.971875,
        0.975,
        0.978125,
        0.98125,
        0.984375,
        0.985938,
        0.9875,
        0.989062,
        0.990625,
        0.992188,
        0.992969,
        0.99375,
        0.994531,
        0.995313,
        0.996094,
        0.996484,
        0.996875,
        0.997266,
        0.997656,
        0.998047,
        0.998242,
        0.998437,
        0.998633,
        0.998828,
        0.999023,
        0.999121,
        0.999219,
        0.999316,
        0.999414,
        0.999512,
        0.999561,
        0.999609,
        0.999658,
        0.999707,
        0.999756,
        0.99978,
        0.999805,
        0.999829,
        0.999854,
        0.999878,
        0.99989,
        0.999902,
        0.999915,
        0.999927,
        0.999939,
        0.999945,
        0.999951,
        0.999957,
        1.0
      ]
    },
    {
      "Values": [
        438,
        705,
        758,
        808,
        824,
        839,
        848,
        857,
        865,
        873,
        880,
        884,
        887,
        891,
        896,
        903,
        908,
        913,
        920,
        929,
        941,
        948,
        956,
        964,
        974,
        985,
        992,
        999,
        1011,
        1032,
        1062,
        1076,
        1100,
        1130,
        1174,
        1228,
        1258,
        1305,
        1326,
        1407,
        1478,
        1504,
        1541,
        1584,
        1614,
        1658,
        1682,
        1700,
        1743,
        1767,
        1796,
        1837,
        1866,
        1924,
        1987,
        2061,
        2071,
        2171,
        2529,
        2985,
        3835,
        3835,
        4731,
        4731,
        5151,
        5383,
        5383,
        5383,
        5383,
        7639,
        7639,
        7639,
        7639,
        7639,
        7791,
        7791
      ],
      "Percentiles": [
        0.0,
        0.1,
        0.2,
        0.3,
        0.4,
        0.5,
        0.55,
        0.6,
        0.65,
        0.7,
        0.75,
        0.775,
        0.8,
        0.825,
        0.85,
        0.875,
        0.8875,
        0.9,
        0.9125,
        0.925,
        0.9375,
        0.94375,
        0.95,
        0.95625,
        0.9625,
        0.96875,
        0.971875,
        0.975,
        0.978125,
        0.98125,
        0.984375,
        0.985938,
        0.9875,
        0.989062,
        0.990625,
        0.992188,
        0.992969,
        0.99375,
        0.994531,
        0.995313,
        0.996094,
        0.996484,
        0.996875,
        0.997266,
        0.997656,
        0.998047,
        0.998242,
        0.998437,
        0.998633,
        0.998828,
        0.999023,
        0.999121,
        0.999219,
        0.999316,
        0.999414,
        0.999512,
        0.999561,
        0.999609,
        0.999658,
        0.999707,
        0.999756,
        0.99978,
        0.999805,
        0.999829,
        0.999854,
        0.999878,
        0.99989,
        0.999902,
        0.999915,
        0.999927,
        0.999939,
        0.999945,
        0.999951,
        0.999957,
        0.999963,
        1.0
      ]
    },
    {
      "Values": [
        437,
        760,
        806,
        838,
        848,
        859,
        864,
        870,
        877,
        882,
        888,
        891,
        895,
        899,
        904,
        911,
        916,
        922,
        929,
        938,
        950,
        957,
        964,
        971,
        980,
        990,
        998,
        1007,
        1019,
        1035,
        1062,
        1080,
        1105,
        1151,
        1212,
        1307,
        1351,
        1409,
        1437,
        1496,
        1560,
        1612,
        1638,
        1660,
        1687,
        1725,
        1743,
        1787,
        1813,
        1838,
        1898,
        1929,
        1939,
        2057,
        2131,
        2183,
        2307,
        3575,
        4135,
        4155,
        4563,
        4563,
        4575,
        4935,
        4935,
        4955,
        4955,
        4955,
        5263,
        5263,
        5263,
        5263,
        5263,
        5379,
        5379
      ],
      "Percentiles": [
        0.0,
        0.1,
        0.2,
        0.3,
        0.4,
        0.5,
        0.55,
        0.6,
        0.65,
        0.7,
        0.75,
        0.775,
        0.8,
        0.825,
        0.85,
        0.875,
        0.8875,
        0.9,
        0.9125,
        0.925,
        0.9375,
        0.94375,
        0.95,
        0.95625,
        0.9625,
        0.96875,
        0.971875,
        0.975,
        0.978125,
        0.98125,
        0.984375,
        0.985938,
        0.9875,
        0.989062,
        0.990625,
        0.992188,
        0.992969,
        0.99375,
        0.994531,
        0.995313,
        0.996094,
        0.996484,
        0.996875,
        0.997266,
        0.997656,
        0.998047,
        0.998242,
        0.998437,
        0.998633,
        0.998828,
        0.999023,
        0.999121,
        0.999219,
        0.999316,
        0.999414,
        0.999512,
        0.999561,
        0.999609,
        0.999658,
        0.999707,
        0.999756,
        0.99978,
        0.999805,
        0.999829,
        0.999854,
        0.999878,
        0.99989,
        0.999902,
        0.999915,
        0.999927,
        0.999939,
        0.999945,
        0.999951,
        0.999957,
        1.0
      ]
    }
  ],