{
  "rps-up-512-down-4000-quic": [
    "96",
    "118",
    "124",
    "194",
    "613",
    "2619",
    "3612",
    "4711",
    "8166",
    "103",
    "121",
    "126",
    "175",
    "502",
    "2045",
    "3623",
    "4361",
    "8048",
    "101",
    "118",
    "122",
    "163",
    "599",
    "4116",
    "5821",
    "6126",
    "8189"
  ],
  "rps-up-512-down-4000-quic-lat": [
    {
      "Values": [
        96,
        114,
        115,
        116,
        117,
        118,
        118,
        119,
        119,
        120,
        120,
        121,
        121,
        121,
        122,
        123,
        123,
        124,
        124,
        124,
        125,
        125,
        126,
        126,
        127,
        129,
        131,
        133,
        136,
        141,
        152,
        161,
        169,
        183,
        205,
        229,
        239,
        250,
        270,
        300,
        335,
        359,
        388,
        428,
        465,
        521,
        543,
        562,
        585,
        601,
        617,
        625,
        635,
        651,
        700,
        753,
        791,
        851,
        873,
        975,
        1085,
        1199,
        1340,
        1672,
        1858,
        2141,
        2515,
        2679,
        2869,
        3027,
        3209,
        3293,
        3383,
        3449,
        3471,
        3541,
        3541,
        3601,
        3601,
        3601,
        3601,
        3601,
        3613,
        3613,
        3613,
        3613,
        3613,
        4711,
        4711
      ],
      "Percentiles": [
        0.0,
        0.1,
        0.2,
        0.3,
        0.4,
        0.5,
        0.55,
        0.6,
        0.65,
        0.7,
        0.75,
        0.775,
        0.8,
        0.825,
        0.85,
        0.875,
        0.8875,
        0.9,
        0.9125,
        0.925,
        0.9375,
        0.94375,
        0.95,
        0.95625,
        0.9625,
        0.96875,
        0.971875,
        0.975,
        0.978125,
        0.98125,
        0.984375,
        0.985938,
        0.9875,
        0.989062,
        0.990625,
        0.992188,
        0.992969,
        0.99375,
        0.994531,
        0.995313,
        0.996094,
        0.996484,
        0.996875,
        0.997266,
        0.997656,
        0.998047,
        0.998242,
        0.998437,
        0.998633,
        0.998828,
        0.999023,
        0.999121,
        0.999219,
        0.999316,
        0.999414,
        0.999512,
        0.999561,
        0.999609,
        0.999658,
        0.999707,
        0.999756,
        0.99978,
        0.999805,
        0.999829,
        0.999854,
        0.999878,
        0.99989,
        0.999902,
        0.999915,
        0.999927,
        0.999939,
        0.999945,
        0.999951,
        0.999957,
        0.999963,
        0.999969,
        0.999973,
        0.999976,
        0.999979,
        0.999982,
        0.999985,
        0.999986,
        0.999988,
        0.999989,
        0.999991,
        0.999992,
        0.999993,
        0.999994,
        1.0
      ]
    },
    {
      "Values": [
        103,
        115,
        117,
        118,
        120,
        121,
        121,
        122,
        122,
        123,
        123,
        123,
        124,
        124,
        124,
        125,
        125,
        126,
        126,
        126,
        127,
        128,
        128,
        129,
        130,
        132,
        133,
        135,
        137,
        142,
        150,
        156,
        162,
        170,
        179,
        197,
        209,
        223,
        239,
        252,
        273,
        288,
        299,
        317,
        344,
        372,
        390,
        413,
        435,
        459,
        505,
        526,
        544,
        566,
        588,
        612,
        620,
        641,
        662,
        708,
        874,
        961,
        1309,
        1378,
        1650,
        1885,
        2004,
        2227,
        2437,
        3155,
        3543,
        3599,
        3601,
        3605,
        3605,
        3607,
        3607,
        3617,
        3617,
        3619,
        3619,
        3619,
        3623,
        3623,
        3623,
        3623,
        3623,
        4363,
        4363
      ],
      "Percentiles": [
        0.0,
        0.1,
        0.2,
        0.3,
        0.4,
        0.5,
        0.55,
        0.6,
        0.65,
        0.7,
        0.75,
        0.775,
        0.8,
        0.825,
        0.85,
        0.875,
        0.8875,
        0.9,
        0.9125,
        0.925,
        0.9375,
        0.94375,
        0.95,
        0.95625,
        0.9625,
        0.96875,
        0.971875,
        0.975,
        0.978125,
        0.98125,
        0.984375,
        0.985938,
        0.9875,
        0.989062,
        0.990625,
        0.992188,
        0.992969,
        0.99375,
        0.994531,
        0.995313,
        0.996094,
        0.996484,
        0.996875,
        0.997266,
        0.997656,
        0.998047,
        0.998242,
        0.998437,
        0.998633,
        0.998828,
        0.999023,
        0.999121,
        0.999219,
        0.999316,
        0.999414,
        0.999512,
        0.999561,
        0.999609,
        0.999658,
        0.999707,
        0.999756,
        0.99978,
        0.999805,
        0.999829,
        0.999854,
        0.999878,
        0.99989,
        0.999902,
        0.999915,
        0.999927,
        0.999939,
        0.999945,
        0.999951,
        0.999957,
        0.999963,
        0.999969,
        0.999973,
        0.999976,
        0.999979,
        0.999982,
        0.999985,
        0.999986,
        0.999988,
        0.999989,
        0.999991,
        0.999992,
        0.999993,
        0.999994,
        1.0
      ]
    },
    {
      "Values": [
        101,
        113,
        115,
        116,
        117,
        118,
        118,
        119,
        119,
        120,
        120,
        121,
        121,
        121,
        122,
        122,
        122,
        122,
        123,
        123,
        124,
        124,
        125,
        125,
        126,
        128,
        129,
        130,
        132,
        136,
        142,
        146,
        152,
        159,
        166,
        174,
        180,
        191,
        206,
        223,
        254,
        269,
        285,
        305,
        333,
        362,
        377,
        412,
        449,
        518,
        604,
        672,
        812,
        1062,
        1142,
        1187,
        1242,
        1532,
        1861,
        2034,
        2589,
        2959,
        3453,
        3599,
        3603,
        3883,
        4053,
        4275,
        4363,
        4483,
        4511,
        4515,
        4539,
        5087,
        5499,
        5647,
        5647,
        5691,
        5691,
        5727,
        5727,
        5727,
        5823,
        5823,
        5823,
        5823,
        5823,
        6127,
        6127
      ],