{
  "rps-up-512-down-4000-quic-lat": [
    {
      "Values": [
        649,
        919,
        939,
        958,
        968,
        977,
        983,
        991,
        1001,
        1016,
        1025,
        1028,
        1033,
        1038,
        1046,
        1058,
        1066,
        1077,
        1084,
        1090,
        1100,
        1108,
        1120,
        1140,
        1183,
        1248,
        1286,
        1352,
        1413,
        1464,
        1509,
        1540,
        1558,
        1588,
        1617,
        1661,
        1689,
        1711,
        1762,
        1801,
        1844,
        1855,
        1888,
        1910,
        1923,
        1954,
        1979,
        1995,
        2010,
        2027,
        2051,
        2075,
        2093,
        2133,
        2179,
        2221,
        2253,
        2311,
        2325,
        2351,
        4423,
        4423,
        4447,
        4447,
        5175,
        5175,
        5175,
        6915,
        6915,
        6915,
        6915,
        6915,
        7019,
        7019
      ],
      "Percentiles": [
        0.0,
        0.1,
        0.2,
        0.3,
        0.4,
        0.5,
        0.55,
        0.6,
        0.65,
        0.7,
        0.75,
        0.775,
        0.8,
        0.825,
        0.85,
        0.875,
        0.8875,
        0.9,
        0.9125,
        0.925,
        0.9375,
        0.94375,
        0.95,
        0.95625,
        0.9625,
        0.96875,
        0.971875,
        0.975,
        0.978125,
        0.98125,
        0.984375,
        0.985938,
        0.9875,
        0.989062,
        0.990625,
        0.992188,
        0.992969,
        0.99375,
        0.994531,
        0.995313,
        0.996094,
        0.996484,
        0.996875,
        0.997266,
        0.997656,
        0.998047,
        0.998242,
        0.998437,
        0.998633,
        0.998828,
        0.999023,
        0.999121,
        0.999219,
        0.999316,
        0.999414,
        0.999512,
        0.999561,
        0.999609,
        0.999658,
        0.999707,
        0.999756,
        0.99978,
        0.999805,
        0.999829,
        0.999854,
        0.999878,
        0.99989,
        0.999902,
        0.999915,
        0.999927,
        0.999939,
        0.999945,
        0.999951,
        1.0
      ]
    },
    {
      "Values": [
        658,
        914,
        938,
        958,
        968,
        979,
        987,
        997,
        1010,
        1021,
        1029,
        1033,
        1038,
        1045,
        1055,
        1068,
        1076,
        1083,
        1088,
        1094,
        1106,
        1118,
        1140,
        1174,
        1225,
        1301,
        1351,
        1391,
        1450,
        1501,
        1549,
        1573,
        1595,
        1623,
        1667,
        1704,
        1718,
        1766,
        1788,
        1860,
        1911,
        1945,
        2007,
        2077,
        2115,
        2199,
        2285,
        2453,
        2785,
        3313,
        3677,
        4021,
        4255,
        4303,
        4627,
        4891,
        5027,
        5671,
        5771,
        5843,
        6331,
        6331,
        6511,
        6511,
        6787,
        6787,
        6787,
        7459,
        7459,
        7459,
        7459,
        7459,
        8171,
        8171
      ],
      "Percentiles": [
        0.0,
        0.1,
        0.2,
        0.3,
        0.4,
        0.5,
        0.55,
        0.6,
        0.65,
        0.7,
        0.75,
        0.775,
        0.8,
        0.825,
        0.85,
        0.875,
        0.8875,
        0.9,
        0.9125,
        0.925,
        0.9375,
        0.94375,
        0.95,
        0.95625,
        0.9625,
        0.96875,
        0.971875,
        0.975,
        0.978125,
        0.98125,
        0.984375,
        0.985938,
        0.9875,
        0.989062,
        0.990625,
        0.992188,
        0.992969,
        0.99375,
        0.994531,
        0.995313,
        0.996094,
        0.996484,
        0.996875,
        0.997266,
        0.997656,
        0.998047,
        0.998242,
        0.998437,
        0.998633,
        0.998828,
        0.999023,
        0.999121,
        0.999219,
        0.999316,
        0.999414,
        0.999512,
        0.999561,
        0.999609,
        0.999658,
        0.999707,
        0.999756,
        0.99978,
        0.999805,
        0.999829,
        0.999854,
        0.999878,
        0.99989,
        0.999902,
        0.999915,
        0.999927,
        0.999939,
        0.999945,
        0.999951,
        1.0
      ]
    },
    {
      "Values": [
        680,
        931,
        959,
        976,
        995,
        1016,
        1023,
        1030,
        1038,
        1049,
        1061,
        1068,
        1076,
        1081,
        1086,
        1090,
        1093,
        1096,
        1101,
        1107,
        1117,
        1129,
        1154,
        1188,
        1237,
        1308,
        1356,
        1416,
        1458,
        1505,
        1563,
        1584,
        1617,
        1643,
        1665,
        1701,
        1716,
        1743,
        1777,
        1835,
        1873,
        1896,
        1918,
        1934,
        1968,
        2004,
        2032,
        2044,
        2101,
        2139,
        2191,
        2201,
        2227,
        2245,
        2319,
        2471,
        2473,
        2709,
        2727,
        2867,
        3351,
        3351,
        3435,
        3435,
        4531,
        4531,
        4531,
        4567,
        4567,
        4567,
        4567,
        4567,
        4575,
        4575
      ],
      "Percentiles": [
        0.0,
        0.1,
        0.2,
        0.3,
        0.4,
        0.5,
        0.55,
        0.6,
        0.65,
        0.7,
        0.75,
        0.775,
        0.8,
        0.825,
        0.85,
        0.875,
        0.8875,
        0.9,
        0.9125,
        0.925,
        0.9375,
        0.94375,
        0.95,
        0.95625,
        0.9625,
        0.96875,
        0.971875,
        0.975,
        0.978125,
        0.98125,
        0.984375,
        0.985938,
        0.9875,
        0.989062,
        0.990625,
        0.992188,
        0.992969,
        0.99375,
        0.994531,
        0.995313,
        0.996094,
        0.996484,
        0.996875,
        0.997266,
        0.997656,
        0.998047,
        0.998242,
        0.998437,
        0.998633,
        0.998828,
        0.999023,
        0.999121,
        0.999219,
        0.999316,
        0.999414,
        0.999512,
        0.999561,
        0.999609,
        0.999658,
        0.999707,
        0.999756,
        0.99978,
        0.999805,
        0.999829,
        0.999854,
        0.999878,
        0.99989,
        0.999902,
        0.999915,
        0.999927,
        0.999939,
        0.999945,
        0.999951,
        1.0
      ]
    }
  ],