{
  "hps-conns-100-tcp": [
    "883"
  ],
  "os_version": "10.0.20348",
  "hps-conns-100-quic": [
    "2490",
    "2519",
    "2504"
  ],
  "rps-up-512-down-4000-tcp": [
    "571",
    "974",
    "1071",
    "1608",
    "2109",
    "4308",
    "6535",
    "6535",
    "1015",
    "608",
    "988",
    "1078",
    "1617",
    "2120",
    "6906",
    "7875",
    "7875",
    "997",
    "558",
    "864",
    "1016",
    "1498",
    "1974",
    "2478",
    "7915",
    "7915",
    "1123"
  ],
  "rps-up-512-down-4000-tcp-lat": [
    {
      "Values": [
        571,
        838,
        881,
        926,
        957,
        974,
        984,
        997,
        1012,
        1023,
        1032,
        1036,
        1041,
        1045,
        1051,
        1058,
        1063,
        1071,
        1080,
        1089,
        1101,
        1110,
        1123,
        1142,
        1176,
        1244,
        1285,
        1340,
        1395,
        1451,
        1511,
        1535,
        1567,
        1590,
        1623,
        1662,
        1683,
        1730,
        1781,
        1819,
        1847,
        1863,
        1888,
        1907,
        1935,
        1965,
        1981,
        1989,
        2026,
        2077,
        2151,
        2169,
        2181,
        2211,
        2275,
        2323,
        2515,
        2737,
        2885,
        2911,
        3591,
        3591,
        3639,
        3639,
        4311,
        4311,
        4311,
        4947,
        4947,
        4947,
        4947,
        4947,
        6535,
        6535
      ],
      "Percentiles": [
        0.0,
        0.1,
        0.2,
        0.3,
        0.4,
        0.5,
        0.55,
        0.6,
        0.65,
        0.7,
        0.75,
        0.775,
        0.8,
        0.825,
        0.85,
        0.875,
        0.8875,
        0.9,
        0.9125,
        0.925,
        0.9375,
        0.94375,
        0.95,
        0.95625,
        0.9625,
        0.96875,
        0.971875,
        0.975,
        0.978125,
        0.98125,
        0.984375,
        0.985938,
        0.9875,
        0.989062,
        0.990625,
        0.992188,
        0.992969,
        0.99375,
        0.994531,
        0.995313,
        0.996094,
        0.996484,
        0.996875,
        0.997266,
        0.997656,
        0.998047,
        0.998242,
        0.998437,
        0.998633,
        0.998828,
        0.999023,
        0.999121,
        0.999219,
        0.999316,
        0.999414,
        0.999512,
        0.999561,
        0.999609,
        0.999658,
        0.999707,
        0.999756,
        0.99978,
        0.999805,
        0.999829,
        0.999854,
        0.999878,
        0.99989,
        0.999902,
        0.999915,
        0.999927,
        0.999939,
        0.999945,
        0.999951,
        1.0
      ]
    },
    {
      "Values": [
        608,
        869,
        924,
        956,
        970,
        988,
        998,
        1009,
        1019,
        1026,
        1034,
        1038,
        1042,
        1047,
        1053,
        1063,
        1070,
        1078,
        1086,
        1094,
        1104,
        1111,
        1121,
        1138,
        1171,
        1223,
        1264,
        1320,
        1369,
        1438,
        1487,
        1521,
        1553,
        1589,
        1635,
        1682,
        1700,
        1724,
        1760,
        1783,
        1823,
        1851,
        1860,
        1903,
        1936,
        1964,
        1979,
        2003,
        2025,
        2089,
        2121,
        2145,
        2191,
        2229,
        2253,
        2337,
        2489,
        2561,
        2657,
        2763,
        3533,
        3533,
        4451,
        4451,
        6039,
        6039,
        6039,
        6907,
        6907,
        6907,
        6907,
        6907,
        7875,
        7875
      ],
      "Percentiles": [
        0.0,
        0.1,
        0.2,
        0.3,
        0.4,
        0.5,
        0.55,
        0.6,
        0.65,
        0.7,
        0.75,
        0.775,
        0.8,
        0.825,
        0.85,
        0.875,
        0.8875,
        0.9,
        0.9125,
        0.925,
        0.9375,
        0.94375,
        0.95,
        0.95625,
        0.9625,
        0.96875,
        0.971875,
        0.975,
        0.978125,
        0.98125,
        0.984375,
        0.985938,
        0.9875,
        0.989062,
        0.990625,
        0.992188,
        0.992969,
        0.99375,
        0.994531,
        0.995313,
        0.996094,
        0.996484,
        0.996875,
        0.997266,
        0.997656,
        0.998047,
        0.998242,
        0.998437,
        0.998633,
        0.998828,
        0.999023,
        0.999121,
        0.999219,
        0.999316,
        0.999414,
        0.999512,
        0.999561,
        0.999609,
        0.999658,
        0.999707,
        0.999756,
        0.99978,
        0.999805,
        0.999829,
        0.999854,
        0.999878,
        0.99989,
        0.999902,
        0.999915,
        0.999927,
        0.999939,
        0.999945,
        0.999951,
        1.0
      ]
    },
    {
      "Values": [
        558,
        759,
        790,
        806,
        828,
        864,
        880,
        896,
        911,
        927,
        949,
        958,
        966,
        974,
        984,
        997,
        1006,
        1016,
        1024,
        1033,
        1043,
        1049,
        1059,
        1072,
        1093,
        1132,
        1172,
        1222,
        1286,
        1345,
        1392,
        1416,
        1449,
        1479,
        1515,
        1551,
        1584,
        1605,
        1638,
        1664,
        1700,
        1722,
        1737,
        1768,
        1806,
        1836,
        1849,
        1872,
        1900,
        1915,
        1987,
        1995,
        2013,
        2022,
        2065,
        2121,
        2135,
        2183,
        2197,
        2243,
        2275,
        2311,
        2311,
        2453,
        2453,
        2479,
        2479,
        2479,
        2531,
        2531,
        2531,
        2531,
        2531,
        7915,
        7915
      ],