{
  "tput-down-tcp": [
    "13270572",
    "8842349",
    "15486867"
  ],
  "rps-up-512-down-4000-quic": [
    "621",
    "931",
    "1043",
    "1671",
    "2309",
    "5701",
    "7715",
    "7715",
    "1029",
    "419",
    "951",
    "1066",
    "1645",
    "2143",
    "5258",
    "7166",
    "7166",
    "1011",
    "647",
    "977",
    "1062",
    "1647",
    "2292",
    "7565",
    "8054",
    "8054",
    "988"
  ],
  "tput-down-quic": [
    "1669420",
    "2727040",
    "2518053"
  ],
  "commit": "5b8d2b49b918c003c0ed5dbffe675ba965ea413e",
  "tput-up-tcp": [
    "12747280",
    "15853366",
    "17126286"
  ],
  "rps-up-512-down-4000-quic-lat": [
    {
      "Values": [
        621,
        865,
        882,
        903,
        916,
        931,
        936,
        944,
        958,
        974,
        988,
        995,
        1002,
        1013,
        1027,
        1035,
        1038,
        1043,
        1048,
        1057,
        1074,
        1090,
        1118,
        1151,
        1216,
        1296,
        1341,
        1386,
        1430,
        1483,
        1545,
        1574,
        1610,
        1648,
        1690,
        1737,
        1762,
        1786,
        1812,
        1842,
        1887,
        1911,
        1963,
        1984,
        2021,
        2049,
        2065,
        2103,
        2153,
        2199,
        2309,
        2381,
        2433,
        2557,
        2645,
        2987,
        3333,
        3365,
        3793,
        3911,
        4707,
        5135,
        5135,
        5195,
        5195,
        5703,
        5703,
        5703,
        6615,
        6615,
        6615,
        6615,
        6615,
        7715,
        7715
      ],
      "Percentiles": [
        0.0,
        0.1,
        0.2,
        0.3,
        0.4,
        0.5,
        0.55,
        0.6,
        0.65,
        0.7,
        0.75,
        0.775,
        0.8,
        0.825,
        0.85,
        0.875,
        0.8875,
        0.9,
        0.9125,
        0.925,
        0.9375,
        0.94375,
        0.95,
        0.95625,
        0.9625,
        0.96875,
        0.971875,
        0.975,
        0.978125,
        0.98125,
        0.984375,
        0.985938,
        0.9875,
        0.989062,
        0.990625,
        0.992188,
        0.992969,
        0.99375,
        0.994531,
        0.995313,
        0.996094,
        0.996484,
        0.996875,
        0.997266,
        0.997656,
        0.998047,
        0.998242,
        0.998437,
        0.998633,
        0.998828,
        0.999023,
        0.999121,
        0.999219,
        0.999316,
        0.999414,
        0.999512,
        0.999561,
        0.999609,
        0.999658,
        0.999707,
        0.999756,
        0.99978,
        0.999805,
        0.999829,
        0.999854,
        0.999878,
        0.99989,
        0.999902,
        0.999915,
        0.999927,
        0.999939,
        0.999945,
        0.999951,
        0.999957,
        1.0
      ]
    },
    {
      "Values": [
        419,
        866,
        889,
        918,
        933,
        951,
        963,
        975,
        983,
        991,
        1000,
        1006,
        1015,
        1027,
        1038,
        1049,
        1056,
        1066,
        1078,
        1086,
        1103,
        1122,
        1155,
        1205,
        1261,
        1343,
        1380,
        1417,
        1455,
        1500,
        1553,
        1579,
        1601,
        1626,
        1663,
        1709,
        1725,
        1756,
        1796,
        1835,
        1875,
        1894,
        1924,
        1948,
        1992,
        2029,
        2059,
        2069,
        2087,
        2109,
        2159,
        2171,
        2241,
        2745,
        3111,
        3147,
        3413,
        3569,
        3817,
        3855,
        3893,
        3893,
        5195,
        5195,
        5259,
        5259,
        5259,
        5979,
        5979,
        5979,
        5979,
        5979,
        7167,
        7167
      ],
      "Percentiles": [
        0.0,
        0.1,
        0.2,
        0.3,
        0.4,
        0.5,
        0.55,
        0.6,
        0.65,
        0.7,
        0.75,
        0.775,
        0.8,
        0.825,
        0.85,
        0.875,
        0.8875,
        0.9,
        0.9125,
        0.925,
        0.9375,
        0.94375,
        0.95,
        0.95625,
        0.9625,
        0.96875,
        0.971875,
        0.975,
        0.978125,
        0.98125,
        0.984375,
        0.985938,
        0.9875,
        0.989062,
        0.990625,
        0.992188,
        0.992969,
        0.99375,
        0.994531,
        0.995313,
        0.996094,
        0.996484,
        0.996875,
        0.997266,
        0.997656,
        0.998047,
        0.998242,
        0.998437,
        0.998633,
        0.998828,
        0.999023,
        0.999121,
        0.999219,
        0.999316,
        0.999414,
        0.999512,
        0.999561,
        0.999609,
        0.999658,
        0.999707,
        0.999756,
        0.99978,
        0.999805,
        0.999829,
        0.999854,
        0.999878,
        0.99989,
        0.999902,
        0.999915,
        0.999927,
        0.999939,
        0.999945,
        0.999951,
        1.0
      ]
    },
    {
      "Values": [
        647,
        908,
        929,
        948,
        964,
        977,
        985,
        995,
        1006,
        1014,
        1022,
        1027,
        1032,
        1037,
        1043,
        1051,
        1056,
        1062,
        1072,
        1080,
        1095,
        1107,
        1125,
        1149,
        1203,
        1296,
        1346,
        1397,
        1451,
        1493,
        1550,
        1573,
        1603,
        1627,
        1662,
        1705,
        1746,
        1767,
        1820,
        1885,
        1919,
        1945,
        1971,
        1992,
        2029,
        2079,
        2127,
        2161,
        2205,
        2241,
        2293,
        2309,
        2341,
        2445,
        2499,
        2715,
        2769,
        2803,
        3019,
        3435,
        4219,
        4219,
        4499,
        4499,
        6579,
        6579,
        6579,
        7567,
        7567,
        7567,
        7567,
        7567,
        8055,
        8055
      ],