{
  "hps-conns-100-quic": [
    "2486",
    "2488",
    "2438"
  ],
  "tput-down-tcp": [
    "14839338",
    "15765358",
    "15413984"
  ],
  "rps-up-512-down-4000-tcp-lat": [
    {
      "Values": [
        580,
        865,
        913,
        944,
        963,
        978,
        988,
        999,
        1010,
        1021,
        1030,
        1036,
        1042,
        1049,
        1059,
        1073,
        1081,
        1087,
        1094,
        1101,
        1111,
        1119,
        1132,
        1155,
        1193,
        1256,
        1311,
        1354,
        1408,
        1468,
        1532,
        1561,
        1601,
        1637,
        1672,
        1736,
        1768,
        1799,
        1840,
        1868,
        1902,
        1929,
        1979,
        1997,
        2018,
        2069,
        2091,
        2111,
        2161,
        2233,
        2253,
        2287,
        2349,
        2511,
        2867,
        3861,
        4167,
        4291,
        4539,
        4983,
        5979,
        5979,
        6715,
        6715,
        7003,
        7003,
        7003,
        7551,
        7551,
        7551,
        7551,
        7551,
        7779,
        7779
      ],
      "Percentiles": [
        0.0,
        0.1,
        0.2,
        0.3,
        0.4,
        0.5,
        0.55,
        0.6,
        0.65,
        0.7,
        0.75,
        0.775,
        0.8,
        0.825,
        0.85,
        0.875,
        0.8875,
        0.9,
        0.9125,
        0.925,
        0.9375,
        0.94375,
        0.95,
        0.95625,
        0.9625,
        0.96875,
        0.971875,
        0.975,
        0.978125,
        0.98125,
        0.984375,
        0.985938,
        0.9875,
        0.989062,
        0.990625,
        0.992188,
        0.992969,
        0.99375,
        0.994531,
        0.995313,
        0.996094,
        0.996484,
        0.996875,
        0.997266,
        0.997656,
        0.998047,
        0.998242,
        0.998437,
        0.998633,
        0.998828,
        0.999023,
        0.999121,
        0.999219,
        0.999316,
        0.999414,
        0.999512,
        0.999561,
        0.999609,
        0.999658,
        0.999707,
        0.999756,
        0.99978,
        0.999805,
        0.999829,
        0.999854,
        0.999878,
        0.99989,
        0.999902,
        0.999915,
        0.999927,
        0.999939,
        0.999945,
        0.999951,
        1.0
      ]
    },
    {
      "Values": [
        577,
        809,
        874,
        923,
        951,
        968,
        974,
        983,
        993,
        1006,
        1021,
        1027,
        1032,
        1037,
        1043,
        1049,
        1052,
        1057,
        1062,
        1069,
        1080,
        1090,
        1104,
        1128,
        1171,
        1245,
        1290,
        1339,
        1399,
        1458,
        1511,
        1547,
        1577,
        1617,
        1668,
        1715,
        1738,
        1759,
        1783,
        1835,
        1863,
        1884,
        1901,
        1943,
        1969,
        2033,
        2047,
        2067,
        2087,
        2151,
        2165,
        2247,
        2285,
        2307,
        2421,
        2551,
        2583,
        2697,
        2997,
        3155,
        3347,
        4559,
        4559,
        5411,
        5411,
        5891,
        5891,
        5891,
        7547,
        7547,
        7547,
        7547,
        7547,
        8903,
        8903
      ],
      "Percentiles": [
        0.0,
        0.1,
        0.2,
        0.3,
        0.4,
        0.5,
        0.55,
        0.6,
        0.65,
        0.7,
        0.75,
        0.775,
        0.8,
        0.825,
        0.85,
        0.875,
        0.8875,
        0.9,
        0.9125,
        0.925,
        0.9375,
        0.94375,
        0.95,
        0.95625,
        0.9625,
        0.96875,
        0.971875,
        0.975,
        0.978125,
        0.98125,
        0.984375,
        0.985938,
        0.9875,
        0.989062,
        0.990625,
        0.992188,
        0.992969,
        0.99375,
        0.994531,
        0.995313,
        0.996094,
        0.996484,
        0.996875,
        0.997266,
        0.997656,
        0.998047,
        0.998242,
        0.998437,
        0.998633,
        0.998828,
        0.999023,
        0.999121,
        0.999219,
        0.999316,
        0.999414,
        0.999512,
        0.999561,
        0.999609,
        0.999658,
        0.999707,
        0.999756,
        0.99978,
        0.999805,
        0.999829,
        0.999854,
        0.999878,
        0.99989,
        0.999902,
        0.999915,
        0.999927,
        0.999939,
        0.999945,
        0.999951,
        0.999957,
        1.0
      ]
    },
    {
      "Values": [
        678,
        904,
        957,
        982,
        1003,
        1020,
        1024,
        1029,
        1034,
        1039,
        1044,
        1047,
        1051,
        1056,
        1062,
        1072,
        1077,
        1082,
        1089,
        1097,
        1108,
        1118,
        1131,
        1154,
        1189,
        1249,
        1308,
        1356,
        1412,
        1484,
        1549,
        1584,
        1615,
        1650,
        1695,
        1750,
        1777,
        1805,
        1841,
        1872,
        1905,
        1933,
        1956,
        1994,
        2038,
        2073,
        2125,
        2163,
        2193,
        2233,
        2253,
        2279,
        2307,
        2463,
        2491,
        2523,
        2575,
        2947,
        2949,
        3037,
        3357,
        3357,
        4001,
        4001,
        4223,
        4223,
        4223,
        7387,
        7387,
        7387,
        7387,
        7387,
        8359,
        8359
      ],
      "Percentiles": [
        0.0,
        0.1,
        0.2,
        0.3,
        0.4,
        0.5,
        0.55,
        0.6,
        0.65,
        0.7,
        0.75,
        0.775,
        0.8,
        0.825,
        0.85,
        0.875,
        0.8875,
        0.9,
        0.9125,
        0.925,
        0.9375,
        0.94375,
        0.95,
        0.95625,
        0.9625,
        0.96875,
        0.971875,
        0.975,
        0.978125,
        0.98125,
        0.984375,
        0.985938,
        0.9875,
        0.989062,
        0.990625,
        0.992188,
        0.992969,
        0.99375,
        0.994531,
        0.995313,
        0.996094,
        0.996484,
        0.996875,
        0.997266,
        0.997656,
        0.998047,
        0.998242,
        0.998437,
        0.998633,
        0.998828,
        0.999023,
        0.999121,
        0.999219,
        0.999316,
        0.999414,
        0.999512,
        0.999561,
        0.999609,
        0.999658,
        0.999707,
        0.999756,
        0.99978,
        0.999805,
        0.999829,
        0.999854,
        0.999878,
        0.99989,
        0.999902,
        0.999915,
        0.999927,
        0.999939,
        0.999945,
        0.999951,
        1.0
      ]
    }
  ],