{
  "latency-quic-lat": [
    {
      "Values": [
        86,
        107,
        113,
        119,
        123,
        127,
        129,
        132,
        134,
        137,
        140,
        142,
        144,
        147,
        150,
        152,
        154,
        155,
        158,
        160,
        163,
        164,
        166,
        168,
        170,
        172,
        174,
        176,
        177,
        180,
        183,
        184,
        186,
        187,
        190,
        194,
        196,
        199,
        202,
        207,
        214,
        222,
        246,
        287,
        322,
        337,
        345,
        352,
        362,
        379,
        391,
        399,
        406,
        412,
        423,
        441,
        458,
        475,
        509,
        713,
        1058,
        1259,
        1730,
        2069,
        2387,
        3171,
        3323,
        3463,
        4107,
        4351,
        4555,
        4575,
        4651,
        4719,
        4743,
        4775,
        4775,
        4879,
        4879,
        5379,
        5379,
        5379,
        5499,
        5499,
        5499,
        5499,
        5499,
        11087,
        11087
      ],
      "Percentiles": [
        0.0,
        0.1,
        0.2,
        0.3,
        0.4,
        0.5,
        0.55,
        0.6,
        0.65,
        0.7,
        0.75,
        0.775,
        0.8,
        0.825,
        0.85,
        0.875,
        0.8875,
        0.9,
        0.9125,
        0.925,
        0.9375,
        0.94375,
        0.95,
        0.95625,
        0.9625,
        0.96875,
        0.971875,
        0.975,
        0.978125,
        0.98125,
        0.984375,
        0.985938,
        0.9875,
        0.989062,
        0.990625,
        0.992188,
        0.992969,
        0.99375,
        0.994531,
        0.995313,
        0.996094,
        0.996484,
        0.996875,
        0.997266,
        0.997656,
        0.998047,
        0.998242,
        0.998437,
        0.998633,
        0.998828,
        0.999023,
        0.999121,
        0.999219,
        0.999316,
        0.999414,
        0.999512,
        0.999561,
        0.999609,
        0.999658,
        0.999707,
        0.999756,
        0.99978,
        0.999805,
        0.999829,
        0.999854,
        0.999878,
        0.99989,
        0.999902,
        0.999915,
        0.999927,
        0.999939,
        0.999945,
        0.999951,
        0.999957,
        0.999963,
        0.999969,
        0.999973,
        0.999976,
        0.999979,
        0.999982,
        0.999985,
        0.999986,
        0.999988,
        0.999989,
        0.999991,
        0.999992,
        0.999993,
        0.999994,
        1.0
      ]
    },
    {
      "Values": [
        91,
        113,
        119,
        123,
        126,
        129,
        130,
        132,
        134,
        136,
        139,
        140,
        142,
        144,
        147,
        150,
        151,
        153,
        154,
        156,
        158,
        160,
        161,
        163,
        165,
        167,
        168,
        169,
        171,
        173,
        175,
        177,
        178,
        181,
        183,
        186,
        187,
        189,
        192,
        195,
        198,
        201,
        205,
        209,
        222,
        272,
        300,
        316,
        331,
        341,
        358,
        366,
        379,
        387,
        403,
        415,
        418,
        423,
        445,
        448,
        483,
        536,
        739,
        907,
        1027,
        1710,
        1955,
        2419,
        2989,
        3253,
        3539,
        3585,
        3675,
        3899,
        4049,
        4175,
        4175,
        4227,
        4227,
        4227,
        4227,
        4227,
        4339,
        4339,
        4339,
        4339,
        4339,
        4367,
        4367
      ],
      "Percentiles": [
        0.0,
        0.1,
        0.2,
        0.3,
        0.4,
        0.5,
        0.55,
        0.6,
        0.65,
        0.7,
        0.75,
        0.775,
        0.8,
        0.825,
        0.85,
        0.875,
        0.8875,
        0.9,
        0.9125,
        0.925,
        0.9375,
        0.94375,
        0.95,
        0.95625,
        0.9625,
        0.96875,
        0.971875,
        0.975,
        0.978125,
        0.98125,
        0.984375,
        0.985938,
        0.9875,
        0.989062,
        0.990625,
        0.992188,
        0.992969,
        0.99375,
        0.994531,
        0.995313,
        0.996094,
        0.996484,
        0.996875,
        0.997266,
        0.997656,
        0.998047,
        0.998242,
        0.998437,
        0.998633,
        0.998828,
        0.999023,
        0.999121,
        0.999219,
        0.999316,
        0.999414,
        0.999512,
        0.999561,
        0.999609,
        0.999658,
        0.999707,
        0.999756,
        0.99978,
        0.999805,
        0.999829,
        0.999854,
        0.999878,
        0.99989,
        0.999902,
        0.999915,
        0.999927,
        0.999939,
        0.999945,
        0.999951,
        0.999957,
        0.999963,
        0.999969,
        0.999973,
        0.999976,
        0.999979,
        0.999982,
        0.999985,
        0.999986,
        0.999988,
        0.999989,
        0.999991,
        0.999992,
        0.999993,
        0.999994,
        1.0
      ]
    },
    {
      "Values": [
        90,
        115,
        118,
        120,
        121,
        122,
        123,
        123,
        124,
        124,
        126,
        127,
        128,
        129,
        131,
        133,
        134,
        135,
        137,
        138,
        140,
        140,
        141,
        142,
        144,
        145,
        146,
        147,
        149,
        150,
        152,
        153,
        154,
        155,
        156,
        158,
        159,
        160,
        162,
        164,
        166,
        167,
        169,
        171,
        173,
        176,
        178,
        180,
        182,
        184,
        187,
        190,
        193,
        197,
        201,
        220,
        232,
        255,
        260,
        276,
        292,
        307,
        313,
        323,
        327,
        341,
        344,
        356,
        368,
        371,
        522,
        530,
        664,
        747,
        792,
        805,
        805,
        1054,
        1054,
        1280,
        1280,
        1280,
        1292,
        1292,
        1292,
        1292,
        1292,
        1398,
        1398
      ],