{
  "tput-down-quic": [
    "1647802",
    "1673797",
    "2182328"
  ],
  "rps-up-512-down-4000-quic-lat": [
    {
      "Values": [
        151,
        203,
        217,
        228,
        240,
        256,
        267,
        282,
        301,
        324,
        348,
        359,
        371,
        386,
        405,
        427,
        442,
        458,
        478,
        501,
        532,
        551,
        574,
        601,
        635,
        679,
        705,
        738,
        772,
        817,
        873,
        916,
        956,
        1007,
        1076,
        1165,
        1353,
        1557,
        1736,
        1906,
        2069,
        2137,
        2225,
        2299,
        2375,
        2527,
        2605,
        2729,
        3063,
        3581,
        5275,
        5411,
        5579,
        5907,
        7295,
        7547,
        7839,
        9111,
        11311,
        16031,
        16623,
        16751,
        16815,
        16991,
        17455,
        17503,
        17535,
        17535,
        17551,
        17839,
        17951,
        17951,
        17951,
        17983,
        17983,
        18111,
        18111,
        18111,
        18111,
        18111,
        18431,
        18431
      ],
      "Percentiles": [
        0.0,
        0.1,
        0.2,
        0.3,
        0.4,
        0.5,
        0.55,
        0.6,
        0.65,
        0.7,
        0.75,
        0.775,
        0.8,
        0.825,
        0.85,
        0.875,
        0.8875,
        0.9,
        0.9125,
        0.925,
        0.9375,
        0.94375,
        0.95,
        0.95625,
        0.9625,
        0.96875,
        0.971875,
        0.975,
        0.978125,
        0.98125,
        0.984375,
        0.985938,
        0.9875,
        0.989062,
        0.990625,
        0.992188,
        0.992969,
        0.99375,
        0.994531,
        0.995313,
        0.996094,
        0.996484,
        0.996875,
        0.997266,
        0.997656,
        0.998047,
        0.998242,
        0.998437,
        0.998633,
        0.998828,
        0.999023,
        0.999121,
        0.999219,
        0.999316,
        0.999414,
        0.999512,
        0.999561,
        0.999609,
        0.999658,
        0.999707,
        0.999756,
        0.99978,
        0.999805,
        0.999829,
        0.999854,
        0.999878,
        0.99989,
        0.999902,
        0.999915,
        0.999927,
        0.999939,
        0.999945,
        0.999951,
        0.999957,
        0.999963,
        0.999969,
        0.999973,
        0.999976,
        0.999979,
        0.999982,
        0.999985,
        1.0
      ]
    },
    {
      "Values": [
        172,
        225,
        234,
        241,
        250,
        261,
        268,
        277,
        286,
        297,
        309,
        316,
        325,
        334,
        345,
        358,
        367,
        376,
        387,
        400,
        416,
        425,
        436,
        449,
        465,
        485,
        498,
        513,
        528,
        552,
        579,
        597,
        617,
        646,
        697,
        777,
        850,
        1037,
        1610,
        1930,
        2119,
        2199,
        2279,
        2381,
        2567,
        2891,
        2973,
        3131,
        4863,
        5371,
        5671,
        6003,
        6443,
        6955,
        7195,
        7867,
        8207,
        8615,
        9399,
        10343,
        16071,
        16079,
        16279,
        16343,
        16447,
        16655,
        16655,
        16815,
        16863,
        17087,
        17279,
        17279,
        17279,
        17375,
        17375,
        18047,
        18047,
        18047,
        18047,
        18047,
        18383,
        18383
      ],
      "Percentiles": [
        0.0,
        0.1,
        0.2,
        0.3,
        0.4,
        0.5,
        0.55,
        0.6,
        0.65,
        0.7,
        0.75,
        0.775,
        0.8,
        0.825,
        0.85,
        0.875,
        0.8875,
        0.9,
        0.9125,
        0.925,
        0.9375,
        0.94375,
        0.95,
        0.95625,
        0.9625,
        0.96875,
        0.971875,
        0.975,
        0.978125,
        0.98125,
        0.984375,
        0.985938,
        0.9875,
        0.989062,
        0.990625,
        0.992188,
        0.992969,
        0.99375,
        0.994531,
        0.995313,
        0.996094,
        0.996484,
        0.996875,
        0.997266,
        0.997656,
        0.998047,
        0.998242,
        0.998437,
        0.998633,
        0.998828,
        0.999023,
        0.999121,
        0.999219,
        0.999316,
        0.999414,
        0.999512,
        0.999561,
        0.999609,
        0.999658,
        0.999707,
        0.999756,
        0.99978,
        0.999805,
        0.999829,
        0.999854,
        0.999878,
        0.99989,
        0.999902,
        0.999915,
        0.999927,
        0.999939,
        0.999945,
        0.999951,
        0.999957,
        0.999963,
        0.999969,
        0.999973,
        0.999976,
        0.999979,
        0.999982,
        0.999985,
        1.0
      ]
    },
    {
      "Values": [
        169,
        209,
        222,
        233,
        243,
        255,
        263,
        272,
        283,
        296,
        312,
        320,
        330,
        341,
        352,
        366,
        374,
        383,
        394,
        407,
        422,
        432,
        442,
        454,
        469,
        489,
        500,
        516,
        530,
        550,
        582,
        598,
        619,
        643,
        671,
        718,
        750,
        807,
        914,
        1498,
        1786,
        1842,
        1942,
        1999,
        2061,
        2161,
        2233,
        2285,
        2343,
        2571,
        2831,
        3043,
        3541,
        5147,
        5319,
        5951,
        6983,
        7211,
        7231,
        7471,
        7611,
        8123,
        8319,
        8687,
        15383,
        15527,
        15567,
        16007,
        16319,
        16447,
        16447,
        16495,
        16495,
        16495,
        16495,
        16495,
        16751,
        16751,
        16751,
        16751,
        16751,
        16831,
        16831
      ],