{
  "rps-up-512-down-4000-quic-lat": [
    {
      "Values": [
        184,
        242,
        269,
        299,
        331,
        366,
        386,
        409,
        437,
        468,
        507,
        529,
        556,
        586,
        622,
        666,
        694,
        724,
        759,
        801,
        855,
        884,
        920,
        958,
        1008,
        1065,
        1106,
        1160,
        1372,
        1513,
        1609,
        1646,
        1694,
        1751,
        1817,
        1897,
        1950,
        2000,
        2049,
        2153,
        2233,
        2295,
        2369,
        2449,
        2543,
        2713,
        2829,
        2961,
        3093,
        3291,
        3523,
        3641,
        3901,
        6151,
        6419,
        6955,
        6995,
        7611,
        7859,
        8135,
        11431,
        11623,
        11671,
        12007,
        12071,
        12455,
        12455,
        12455,
        12583,
        12583,
        13159,
        13159,
        13159,
        13183,
        13183,
        13183,
        13183,
        13183,
        13391,
        13391
      ],
      "Percentiles": [
        0.0,
        0.1,
        0.2,
        0.3,
        0.4,
        0.5,
        0.55,
        0.6,
        0.65,
        0.7,
        0.75,
        0.775,
        0.8,
        0.825,
        0.85,
        0.875,
        0.8875,
        0.9,
        0.9125,
        0.925,
        0.9375,
        0.94375,
        0.95,
        0.95625,
        0.9625,
        0.96875,
        0.971875,
        0.975,
        0.978125,
        0.98125,
        0.984375,
        0.985938,
        0.9875,
        0.989062,
        0.990625,
        0.992188,
        0.992969,
        0.99375,
        0.994531,
        0.995313,
        0.996094,
        0.996484,
        0.996875,
        0.997266,
        0.997656,
        0.998047,
        0.998242,
        0.998437,
        0.998633,
        0.998828,
        0.999023,
        0.999121,
        0.999219,
        0.999316,
        0.999414,
        0.999512,
        0.999561,
        0.999609,
        0.999658,
        0.999707,
        0.999756,
        0.99978,
        0.999805,
        0.999829,
        0.999854,
        0.999878,
        0.99989,
        0.999902,
        0.999915,
        0.999927,
        0.999939,
        0.999945,
        0.999951,
        0.999957,
        0.999963,
        0.999969,
        0.999973,
        0.999976,
        0.999979,
        1.0
      ]
    },
    {
      "Values": [
        156,
        223,
        245,
        274,
        310,
        357,
        380,
        404,
        433,
        469,
        512,
        537,
        567,
        601,
        642,
        692,
        722,
        755,
        792,
        839,
        891,
        924,
        957,
        998,
        1046,
        1104,
        1146,
        1233,
        1407,
        1516,
        1629,
        1684,
        1744,
        1802,
        1872,
        1931,
        1964,
        1993,
        2033,
        2083,
        2135,
        2173,
        2209,
        2265,
        2305,
        2387,
        2439,
        2465,
        2523,
        2593,
        2679,
        2723,
        2763,
        2817,
        2907,
        3133,
        3197,
        3323,
        3435,
        3573,
        3903,
        3929,
        3941,
        4061,
        4123,
        4207,
        4243,
        4243,
        4387,
        4387,
        4415,
        4415,
        4415,
        5247,
        5247,
        5247,
        5247,
        5247,
        9447,
        9447
      ],
      "Percentiles": [
        0.0,
        0.1,
        0.2,
        0.3,
        0.4,
        0.5,
        0.55,
        0.6,
        0.65,
        0.7,
        0.75,
        0.775,
        0.8,
        0.825,
        0.85,
        0.875,
        0.8875,
        0.9,
        0.9125,
        0.925,
        0.9375,
        0.94375,
        0.95,
        0.95625,
        0.9625,
        0.96875,
        0.971875,
        0.975,
        0.978125,
        0.98125,
        0.984375,
        0.985938,
        0.9875,
        0.989062,
        0.990625,
        0.992188,
        0.992969,
        0.99375,
        0.994531,
        0.995313,
        0.996094,
        0.996484,
        0.996875,
        0.997266,
        0.997656,
        0.998047,
        0.998242,
        0.998437,
        0.998633,
        0.998828,
        0.999023,
        0.999121,
        0.999219,
        0.999316,
        0.999414,
        0.999512,
        0.999561,
        0.999609,
        0.999658,
        0.999707,
        0.999756,
        0.99978,
        0.999805,
        0.999829,
        0.999854,
        0.999878,
        0.99989,
        0.999902,
        0.999915,
        0.999927,
        0.999939,
        0.999945,
        0.999951,
        0.999957,
        0.999963,
        0.999969,
        0.999973,
        0.999976,
        0.999979,
        1.0
      ]
    },
    {
      "Values": [
        174,
        246,
        274,
        303,
        337,
        374,
        395,
        418,
        445,
        478,
        517,
        543,
        571,
        605,
        648,
        697,
        726,
        761,
        800,
        850,
        912,
        946,
        986,
        1036,
        1104,
        1298,
        1432,
        1547,
        1623,
        1700,
        1794,
        1855,
        1911,
        1990,
        2075,
        2179,
        2249,
        2307,
        2417,
        2521,
        2723,
        2811,
        2897,
        3001,
        3133,
        3321,
        3429,
        3525,
        3867,
        5043,
        7611,
        7955,
        8051,
        8175,
        8287,
        8623,
        9359,
        10487,
        11679,
        11807,
        11999,
        12103,
        12111,
        12255,
        12263,
        12599,
        12631,
        12631,
        12639,
        12639,
        12807,
        12807,
        12807,
        13367,
        13367,
        13367,
        13367,
        13367,
        14503,
        14503
      ],