{
  "commit": "da780203d5ee4e4f5e98ddd1d113a2630f16518b",
  "hps-quic": [
    "925",
    "915",
    "881"
  ],
  "latency-quic-lat": [
    {
      "Values": [
        93,
        117,
        120,
        122,
        124,
        126,
        127,
        127,
        128,
        130,
        131,
        132,
        133,
        135,
        136,
        138,
        139,
        140,
        142,
        144,
        146,
        147,
        148,
        149,
        151,
        153,
        154,
        155,
        157,
        159,
        161,
        163,
        165,
        167,
        169,
        173,
        175,
        177,
        180,
        184,
        189,
        192,
        197,
        206,
        222,
        266,
        281,
        304,
        321,
        340,
        368,
        380,
        405,
        447,
        521,
        653,
        691,
        737,
        867,
        965,
        1126,
        1260,
        1469,
        1847,
        2221,
        2367,
        2557,
        2817,
        3293,
        4931,
        5503,
        5659,
        5663,
        5783,
        5827,
        5939,
        5939,
        10351,
        10351,
        11023,
        11023,
        11023,
        14951,
        14951,
        14951,
        14951,
        14951,
        19663,
        19663
      ],
      "Percentiles": [
        0.0,
        0.1,
        0.2,
        0.3,
        0.4,
        0.5,
        0.55,
        0.6,
        0.65,
        0.7,
        0.75,
        0.775,
        0.8,
        0.825,
        0.85,
        0.875,
        0.8875,
        0.9,
        0.9125,
        0.925,
        0.9375,
        0.94375,
        0.95,
        0.95625,
        0.9625,
        0.96875,
        0.971875,
        0.975,
        0.978125,
        0.98125,
        0.984375,
        0.985938,
        0.9875,
        0.989062,
        0.990625,
        0.992188,
        0.992969,
        0.99375,
        0.994531,
        0.995313,
        0.996094,
        0.996484,
        0.996875,
        0.997266,
        0.997656,
        0.998047,
        0.998242,
        0.998437,
        0.998633,
        0.998828,
        0.999023,
        0.999121,
        0.999219,
        0.999316,
        0.999414,
        0.999512,
        0.999561,
        0.999609,
        0.999658,
        0.999707,
        0.999756,
        0.99978,
        0.999805,
        0.999829,
        0.999854,
        0.999878,
        0.99989,
        0.999902,
        0.999915,
        0.999927,
        0.999939,
        0.999945,
        0.999951,
        0.999957,
        0.999963,
        0.999969,
        0.999973,
        0.999976,
        0.999979,
        0.999982,
        0.999985,
        0.999986,
        0.999988,
        0.999989,
        0.999991,
        0.999992,
        0.999993,
        0.999994,
        1.0
      ]
    },
    {
      "Values": [
        90,
        116,
        119,
        121,
        122,
        124,
        125,
        126,
        126,
        127,
        128,
        129,
        129,
        130,
        132,
        134,
        135,
        136,
        138,
        139,
        141,
        142,
        144,
        145,
        147,
        148,
        149,
        151,
        152,
        153,
        155,
        157,
        158,
        160,
        162,
        164,
        166,
        167,
        170,
        172,
        174,
        176,
        177,
        180,
        182,
        186,
        188,
        190,
        193,
        197,
        202,
        207,
        213,
        231,
        260,
        295,
        303,
        316,
        325,
        338,
        346,
        357,
        370,
        379,
        405,
        438,
        457,
        462,
        469,
        472,
        485,
        495,
        535,
        552,
        554,
        595,
        595,
        653,
        653,
        1711,
        1711,
        1711,
        9855,
        9855,
        9855,
        9855,
        9855,
        9919,
        9919
      ],
      "Percentiles": [
        0.0,
        0.1,
        0.2,
        0.3,
        0.4,
        0.5,
        0.55,
        0.6,
        0.65,
        0.7,
        0.75,
        0.775,
        0.8,
        0.825,
        0.85,
        0.875,
        0.8875,
        0.9,
        0.9125,
        0.925,
        0.9375,
        0.94375,
        0.95,
        0.95625,
        0.9625,
        0.96875,
        0.971875,
        0.975,
        0.978125,
        0.98125,
        0.984375,
        0.985938,
        0.9875,
        0.989062,
        0.990625,
        0.992188,
        0.992969,
        0.99375,
        0.994531,
        0.995313,
        0.996094,
        0.996484,
        0.996875,
        0.997266,
        0.997656,
        0.998047,
        0.998242,
        0.998437,
        0.998633,
        0.998828,
        0.999023,
        0.999121,
        0.999219,
        0.999316,
        0.999414,
        0.999512,
        0.999561,
        0.999609,
        0.999658,
        0.999707,
        0.999756,
        0.99978,
        0.999805,
        0.999829,
        0.999854,
        0.999878,
        0.99989,
        0.999902,
        0.999915,
        0.999927,
        0.999939,
        0.999945,
        0.999951,
        0.999957,
        0.999963,
        0.999969,
        0.999973,
        0.999976,
        0.999979,
        0.999982,
        0.999985,
        0.999986,
        0.999988,
        0.999989,
        0.999991,
        0.999992,
        0.999993,
        0.999994,
        1.0
      ]
    },
    {
      "Values": [
        94,
        117,
        119,
        121,
        123,
        125,
        125,
        126,
        127,
        127,
        129,
        129,
        130,
        131,
        133,
        135,
        136,
        137,
        139,
        140,
        142,
        143,
        144,
        146,
        147,
        149,
        150,
        151,
        152,
        154,
        156,
        157,
        158,
        160,
        162,
        164,
        166,
        167,
        169,
        171,
        174,
        175,
        177,
        179,
        181,
        184,
        186,
        187,
        189,
        192,
        197,
        201,
        207,
        209,
        223,
        272,
        285,
        305,
        314,
        335,
        363,
        367,
        379,
        390,
        396,
        408,
        413,
        418,
        428,
        449,
        477,
        502,
        543,
        593,
        637,
        654,
        654,
        767,
        767,
        1022,
        1022,
        1022,
        1237,
        1237,
        1237,
        1237,
        1237,
        9823,
        9823
      ],