{
  "rps-quic": [
    "358",
    "667",
    "807",
    "1031",
    "1248",
    "1484",
    "2917",
    "3050",
    "146758",
    "365",
    "664",
    "819",
    "1013",
    "1231",
    "1437",
    "2775",
    "3019",
    "147109",
    "362",
    "690",
    "878",
    "1142",
    "1590",
    "8615",
    "12233",
    "12259",
    "140364"
  ],
  "latency-quic-lat": [
    {
      "Values": [
        100,
        126,
        129,
        132,
        134,
        136,
        138,
        139,
        141,
        143,
        145,
        147,
        149,
        151,
        154,
        157,
        158,
        160,
        162,
        164,
        166,
        167,
        169,
        171,
        173,
        175,
        176,
        178,
        180,
        182,
        185,
        186,
        188,
        190,
        192,
        194,
        196,
        197,
        199,
        201,
        205,
        206,
        209,
        213,
        218,
        226,
        235,
        247,
        295,
        325,
        344,
        353,
        364,
        382,
        401,
        418,
        425,
        430,
        440,
        464,
        475,
        502,
        529,
        609,
        834,
        880,
        943,
        1122,
        1126,
        1151,
        1220,
        1328,
        1339,
        1339,
        1356,
        1395,
        1422,
        1422,
        1422,
        1432,
        1432,
        1488,
        1488,
        1488,
        1488,
        1488,
        1644,
        1644
      ],
      "Percentiles": [
        0.0,
        0.1,
        0.2,
        0.3,
        0.4,
        0.5,
        0.55,
        0.6,
        0.65,
        0.7,
        0.75,
        0.775,
        0.8,
        0.825,
        0.85,
        0.875,
        0.8875,
        0.9,
        0.9125,
        0.925,
        0.9375,
        0.94375,
        0.95,
        0.95625,
        0.9625,
        0.96875,
        0.971875,
        0.975,
        0.978125,
        0.98125,
        0.984375,
        0.985938,
        0.9875,
        0.989062,
        0.990625,
        0.992188,
        0.992969,
        0.99375,
        0.994531,
        0.995313,
        0.996094,
        0.996484,
        0.996875,
        0.997266,
        0.997656,
        0.998047,
        0.998242,
        0.998437,
        0.998633,
        0.998828,
        0.999023,
        0.999121,
        0.999219,
        0.999316,
        0.999414,
        0.999512,
        0.999561,
        0.999609,
        0.999658,
        0.999707,
        0.999756,
        0.99978,
        0.999805,
        0.999829,
        0.999854,
        0.999878,
        0.99989,
        0.999902,
        0.999915,
        0.999927,
        0.999939,
        0.999945,
        0.999951,
        0.999957,
        0.999963,
        0.999969,
        0.999973,
        0.999976,
        0.999979,
        0.999982,
        0.999985,
        0.999986,
        0.999988,
        0.999989,
        0.999991,
        0.999992,
        0.999993,
        1.0
      ]
    },
    {
      "Values": [
        101,
        127,
        130,
        132,
        134,
        135,
        136,
        138,
        139,
        140,
        142,
        143,
        144,
        146,
        147,
        150,
        151,
        152,
        154,
        156,
        158,
        160,
        161,
        163,
        165,
        167,
        168,
        170,
        171,
        173,
        176,
        177,
        179,
        181,
        184,
        186,
        188,
        190,
        192,
        195,
        199,
        202,
        206,
        211,
        219,
        260,
        283,
        301,
        323,
        337,
        353,
        371,
        381,
        390,
        403,
        419,
        429,
        437,
        452,
        485,
        493,
        509,
        580,
        630,
        701,
        759,
        807,
        854,
        894,
        995,
        1060,
        1067,
        1081,
        1081,
        1141,
        1189,
        1366,
        1366,
        1366,
        1528,
        1528,
        2171,
        2171,
        2171,
        2171,
        2171,
        5859,
        5859
      ],
      "Percentiles": [
        0.0,
        0.1,
        0.2,
        0.3,
        0.4,
        0.5,
        0.55,
        0.6,
        0.65,
        0.7,
        0.75,
        0.775,
        0.8,
        0.825,
        0.85,
        0.875,
        0.8875,
        0.9,
        0.9125,
        0.925,
        0.9375,
        0.94375,
        0.95,
        0.95625,
        0.9625,
        0.96875,
        0.971875,
        0.975,
        0.978125,
        0.98125,
        0.984375,
        0.985938,
        0.9875,
        0.989062,
        0.990625,
        0.992188,
        0.992969,
        0.99375,
        0.994531,
        0.995313,
        0.996094,
        0.996484,
        0.996875,
        0.997266,
        0.997656,
        0.998047,
        0.998242,
        0.998437,
        0.998633,
        0.998828,
        0.999023,
        0.999121,
        0.999219,
        0.999316,
        0.999414,
        0.999512,
        0.999561,
        0.999609,
        0.999658,
        0.999707,
        0.999756,
        0.99978,
        0.999805,
        0.999829,
        0.999854,
        0.999878,
        0.99989,
        0.999902,
        0.999915,
        0.999927,
        0.999939,
        0.999945,
        0.999951,
        0.999957,
        0.999963,
        0.999969,
        0.999973,
        0.999976,
        0.999979,
        0.999982,
        0.999985,
        0.999986,
        0.999988,
        0.999989,
        0.999991,
        0.999992,
        0.999993,
        1.0
      ]
    },
    {
      "Values": [
        99,
        124,
        127,
        130,
        131,
        134,
        135,
        136,
        137,
        138,
        140,
        141,
        142,
        144,
        146,
        148,
        149,
        150,
        152,
        154,
        156,
        158,
        159,
        161,
        163,
        165,
        167,
        169,
        170,
        173,
        175,
        177,
        179,
        181,
        183,
        186,
        188,
        191,
        193,
        196,
        200,
        203,
        206,
        210,
        216,
        236,
        268,
        293,
        319,
        337,
        355,
        363,
        374,
        386,
        395,
        415,
        423,
        430,
        442,
        457,
        469,
        477,
        498,
        534,
        687,
        826,
        967,
        1037,
        1147,
        1201,
        1253,
        1323,
        1323,
        1391,
        2103,
        2541,
        3095,
        3095,
        3095,
        4171,
        4171,
        4235,
        4235,
        4235,
        4235,
        4235,
        6823,
        6823
      ],