{
  "latency-quic-lat": [
    {
      "Values": [
        94,
        115,
        117,
        119,
        121,
        123,
        124,
        125,
        126,
        127,
        129,
        130,
        132,
        134,
        136,
        139,
        140,
        141,
        142,
        143,
        145,
        145,
        146,
        147,
        148,
        149,
        150,
        150,
        151,
        153,
        154,
        155,
        156,
        157,
        158,
        160,
        161,
        162,
        163,
        164,
        166,
        167,
        168,
        170,
        172,
        174,
        175,
        177,
        178,
        180,
        183,
        185,
        187,
        189,
        194,
        207,
        226,
        249,
        282,
        294,
        307,
        312,
        317,
        321,
        334,
        342,
        351,
        356,
        374,
        384,
        418,
        423,
        423,
        428,
        428,
        470,
        470,
        473,
        473,
        513,
        513,
        513,
        772,
        772,
        772,
        772,
        772,
        14511,
        14511
      ],
      "Percentiles": [
        0.0,
        0.1,
        0.2,
        0.3,
        0.4,
        0.5,
        0.55,
        0.6,
        0.65,
        0.7,
        0.75,
        0.775,
        0.8,
        0.825,
        0.85,
        0.875,
        0.8875,
        0.9,
        0.9125,
        0.925,
        0.9375,
        0.94375,
        0.95,
        0.95625,
        0.9625,
        0.96875,
        0.971875,
        0.975,
        0.978125,
        0.98125,
        0.984375,
        0.985938,
        0.9875,
        0.989062,
        0.990625,
        0.992188,
        0.992969,
        0.99375,
        0.994531,
        0.995313,
        0.996094,
        0.996484,
        0.996875,
        0.997266,
        0.997656,
        0.998047,
        0.998242,
        0.998437,
        0.998633,
        0.998828,
        0.999023,
        0.999121,
        0.999219,
        0.999316,
        0.999414,
        0.999512,
        0.999561,
        0.999609,
        0.999658,
        0.999707,
        0.999756,
        0.99978,
        0.999805,
        0.999829,
        0.999854,
        0.999878,
        0.99989,
        0.999902,
        0.999915,
        0.999927,
        0.999939,
        0.999945,
        0.999951,
        0.999957,
        0.999963,
        0.999969,
        0.999973,
        0.999976,
        0.999979,
        0.999982,
        0.999985,
        0.999986,
        0.999988,
        0.999989,
        0.999991,
        0.999992,
        0.999993,
        0.999994,
        1.0
      ]
    },
    {
      "Values": [
        96,
        117,
        119,
        120,
        123,
        125,
        126,
        127,
        128,
        130,
        133,
        134,
        136,
        138,
        140,
        141,
        142,
        143,
        144,
        146,
        147,
        148,
        148,
        149,
        150,
        151,
        152,
        153,
        154,
        155,
        156,
        157,
        158,
        159,
        161,
        163,
        164,
        165,
        166,
        168,
        170,
        171,
        172,
        174,
        175,
        178,
        179,
        181,
        182,
        185,
        189,
        192,
        196,
        206,
        222,
        270,
        279,
        301,
        318,
        335,
        362,
        365,
        378,
        404,
        420,
        458,
        458,
        479,
        505,
        534,
        564,
        578,
        642,
        674,
        686,
        710,
        710,
        831,
        831,
        885,
        885,
        885,
        11191,
        11191,
        11191,
        11191,
        11191,
        11327,
        11327
      ],
      "Percentiles": [
        0.0,
        0.1,
        0.2,
        0.3,
        0.4,
        0.5,
        0.55,
        0.6,
        0.65,
        0.7,
        0.75,
        0.775,
        0.8,
        0.825,
        0.85,
        0.875,
        0.8875,
        0.9,
        0.9125,
        0.925,
        0.9375,
        0.94375,
        0.95,
        0.95625,
        0.9625,
        0.96875,
        0.971875,
        0.975,
        0.978125,
        0.98125,
        0.984375,
        0.985938,
        0.9875,
        0.989062,
        0.990625,
        0.992188,
        0.992969,
        0.99375,
        0.994531,
        0.995313,
        0.996094,
        0.996484,
        0.996875,
        0.997266,
        0.997656,
        0.998047,
        0.998242,
        0.998437,
        0.998633,
        0.998828,
        0.999023,
        0.999121,
        0.999219,
        0.999316,
        0.999414,
        0.999512,
        0.999561,
        0.999609,
        0.999658,
        0.999707,
        0.999756,
        0.99978,
        0.999805,
        0.999829,
        0.999854,
        0.999878,
        0.99989,
        0.999902,
        0.999915,
        0.999927,
        0.999939,
        0.999945,
        0.999951,
        0.999957,
        0.999963,
        0.999969,
        0.999973,
        0.999976,
        0.999979,
        0.999982,
        0.999985,
        0.999986,
        0.999988,
        0.999989,
        0.999991,
        0.999992,
        0.999993,
        0.999994,
        1.0
      ]
    },
    {
      "Values": [
        96,
        117,
        119,
        121,
        123,
        125,
        125,
        126,
        127,
        128,
        131,
        132,
        134,
        137,
        139,
        141,
        142,
        143,
        144,
        145,
        147,
        147,
        148,
        149,
        150,
        151,
        152,
        152,
        153,
        155,
        156,
        157,
        158,
        159,
        160,
        162,
        163,
        163,
        165,
        166,
        168,
        169,
        171,
        172,
        174,
        176,
        178,
        179,
        181,
        184,
        188,
        190,
        192,
        198,
        205,
        219,
        224,
        257,
        286,
        302,
        319,
        326,
        331,
        335,
        346,
        353,
        359,
        364,
        374,
        380,
        383,
        386,
        392,
        439,
        481,
        497,
        497,
        534,
        534,
        555,
        555,
        555,
        664,
        664,
        664,
        664,
        664,
        794,
        794
      ],