{
  "latency-quic-lat": [
    {
      "Values": [
        102,
        125,
        127,
        128,
        130,
        131,
        132,
        133,
        134,
        135,
        136,
        136,
        137,
        138,
        139,
        140,
        141,
        142,
        143,
        145,
        147,
        149,
        150,
        152,
        154,
        156,
        158,
        159,
        161,
        163,
        166,
        168,
        170,
        172,
        175,
        179,
        181,
        184,
        187,
        190,
        194,
        197,
        200,
        207,
        214,
        229,
        242,
        257,
        288,
        312,
        339,
        352,
        369,
        387,
        446,
        478,
        510,
        612,
        671,
        747,
        855,
        948,
        1125,
        1179,
        1450,
        1886,
        2147,
        2345,
        2773,
        3037,
        3729,
        4007,
        5231,
        5935,
        7127,
        7291,
        7291,
        7351,
        7351,
        10023,
        10023,
        10023,
        10447,
        10447,
        10447,
        10447,
        10447,
        12383,
        12383
      ],
      "Percentiles": [
        0.0,
        0.1,
        0.2,
        0.3,
        0.4,
        0.5,
        0.55,
        0.6,
        0.65,
        0.7,
        0.75,
        0.775,
        0.8,
        0.825,
        0.85,
        0.875,
        0.8875,
        0.9,
        0.9125,
        0.925,
        0.9375,
        0.94375,
        0.95,
        0.95625,
        0.9625,
        0.96875,
        0.971875,
        0.975,
        0.978125,
        0.98125,
        0.984375,
        0.985938,
        0.9875,
        0.989062,
        0.990625,
        0.992188,
        0.992969,
        0.99375,
        0.994531,
        0.995313,
        0.996094,
        0.996484,
        0.996875,
        0.997266,
        0.997656,
        0.998047,
        0.998242,
        0.998437,
        0.998633,
        0.998828,
        0.999023,
        0.999121,
        0.999219,
        0.999316,
        0.999414,
        0.999512,
        0.999561,
        0.999609,
        0.999658,
        0.999707,
        0.999756,
        0.99978,
        0.999805,
        0.999829,
        0.999854,
        0.999878,
        0.99989,
        0.999902,
        0.999915,
        0.999927,
        0.999939,
        0.999945,
        0.999951,
        0.999957,
        0.999963,
        0.999969,
        0.999973,
        0.999976,
        0.999979,
        0.999982,
        0.999985,
        0.999986,
        0.999988,
        0.999989,
        0.999991,
        0.999992,
        0.999993,
        0.999994,
        1.0
      ]
    },
    {
      "Values": [
        100,
        129,
        132,
        134,
        135,
        137,
        137,
        138,
        139,
        140,
        141,
        141,
        142,
        143,
        144,
        146,
        147,
        149,
        151,
        152,
        154,
        156,
        157,
        158,
        160,
        162,
        163,
        164,
        166,
        168,
        170,
        171,
        173,
        175,
        177,
        180,
        182,
        183,
        186,
        189,
        192,
        194,
        197,
        201,
        206,
        213,
        222,
        234,
        256,
        280,
        302,
        322,
        337,
        346,
        359,
        376,
        393,
        425,
        492,
        639,
        861,
        891,
        1046,
        1087,
        1486,
        1921,
        2243,
        3517,
        3655,
        3875,
        6915,
        7823,
        8903,
        8903,
        9503,
        9687,
        10127,
        10127,
        10127,
        10711,
        10711,
        11831,
        11831,
        11831,
        11831,
        11831,
        11943,
        11943
      ],
      "Percentiles": [
        0.0,
        0.1,
        0.2,
        0.3,
        0.4,
        0.5,
        0.55,
        0.6,
        0.65,
        0.7,
        0.75,
        0.775,
        0.8,
        0.825,
        0.85,
        0.875,
        0.8875,
        0.9,
        0.9125,
        0.925,
        0.9375,
        0.94375,
        0.95,
        0.95625,
        0.9625,
        0.96875,
        0.971875,
        0.975,
        0.978125,
        0.98125,
        0.984375,
        0.985938,
        0.9875,
        0.989062,
        0.990625,
        0.992188,
        0.992969,
        0.99375,
        0.994531,
        0.995313,
        0.996094,
        0.996484,
        0.996875,
        0.997266,
        0.997656,
        0.998047,
        0.998242,
        0.998437,
        0.998633,
        0.998828,
        0.999023,
        0.999121,
        0.999219,
        0.999316,
        0.999414,
        0.999512,
        0.999561,
        0.999609,
        0.999658,
        0.999707,
        0.999756,
        0.99978,
        0.999805,
        0.999829,
        0.999854,
        0.999878,
        0.99989,
        0.999902,
        0.999915,
        0.999927,
        0.999939,
        0.999945,
        0.999951,
        0.999957,
        0.999963,
        0.999969,
        0.999973,
        0.999976,
        0.999979,
        0.999982,
        0.999985,
        0.999986,
        0.999988,
        0.999989,
        0.999991,
        0.999992,
        0.999993,
        1.0
      ]
    },
    {
      "Values": [
        98,
        124,
        126,
        128,
        129,
        131,
        132,
        133,
        134,
        134,
        135,
        136,
        136,
        137,
        138,
        140,
        140,
        142,
        143,
        145,
        147,
        148,
        149,
        151,
        152,
        154,
        156,
        157,
        159,
        160,
        163,
        164,
        166,
        168,
        170,
        173,
        175,
        176,
        179,
        181,
        184,
        186,
        189,
        191,
        195,
        199,
        202,
        207,
        212,
        225,
        245,
        258,
        277,
        301,
        317,
        344,
        354,
        375,
        402,
        433,
        465,
        549,
        665,
        834,
        898,
        1045,
        1160,
        1294,
        1460,
        2008,
        2535,
        2819,
        3443,
        4835,
        5135,
        5463,
        5463,
        6035,
        6035,
        6207,
        6207,
        6207,
        7511,
        7511,
        7511,
        7511,
        7511,
        11631,
        11631
      ],