{
  "os_version": "10.0.26055",
  "tput-down-quic": [
    "1049278",
    "1354770",
    "1388563"
  ],
  "rps-up-512-down-4000-quic-lat": [
    {
      "Values": [
        186,
        237,
        252,
        265,
        281,
        301,
        314,
        330,
        349,
        369,
        394,
        407,
        421,
        436,
        455,
        479,
        493,
        510,
        531,
        554,
        583,
        600,
        620,
        646,
        677,
        713,
        736,
        761,
        793,
        829,
        871,
        901,
        945,
        994,
        1070,
        1181,
        1311,
        1414,
        1593,
        1740,
        1897,
        1957,
        2039,
        2123,
        2227,
        2317,
        2387,
        2637,
        2985,
        3383,
        3793,
        4083,
        4351,
        4887,
        5131,
        7583,
        7655,
        7751,
        7795,
        7843,
        8367,
        8423,
        8775,
        8807,
        8991,
        21295,
        21295,
        21359,
        21423,
        21423,
        21471,
        21471,
        22159,
        22159,
        22159,
        22351,
        22351,
        22351,
        22351,
        22351,
        23151,
        23151
      ],
      "Percentiles": [
        0.0,
        0.1,
        0.2,
        0.3,
        0.4,
        0.5,
        0.55,
        0.6,
        0.65,
        0.7,
        0.75,
        0.775,
        0.8,
        0.825,
        0.85,
        0.875,
        0.8875,
        0.9,
        0.9125,
        0.925,
        0.9375,
        0.94375,
        0.95,
        0.95625,
        0.9625,
        0.96875,
        0.971875,
        0.975,
        0.978125,
        0.98125,
        0.984375,
        0.985938,
        0.9875,
        0.989062,
        0.990625,
        0.992188,
        0.992969,
        0.99375,
        0.994531,
        0.995313,
        0.996094,
        0.996484,
        0.996875,
        0.997266,
        0.997656,
        0.998047,
        0.998242,
        0.998437,
        0.998633,
        0.998828,
        0.999023,
        0.999121,
        0.999219,
        0.999316,
        0.999414,
        0.999512,
        0.999561,
        0.999609,
        0.999658,
        0.999707,
        0.999756,
        0.99978,
        0.999805,
        0.999829,
        0.999854,
        0.999878,
        0.99989,
        0.999902,
        0.999915,
        0.999927,
        0.999939,
        0.999945,
        0.999951,
        0.999957,
        0.999963,
        0.999969,
        0.999973,
        0.999976,
        0.999979,
        0.999982,
        0.999985,
        1.0
      ]
    },
    {
      "Values": [
        188,
        237,
        251,
        266,
        284,
        307,
        321,
        337,
        357,
        380,
        405,
        418,
        432,
        449,
        469,
        495,
        510,
        527,
        548,
        573,
        604,
        623,
        642,
        668,
        699,
        734,
        756,
        777,
        802,
        831,
        870,
        890,
        909,
        942,
        979,
        1015,
        1038,
        1062,
        1098,
        1157,
        1275,
        1326,
        1387,
        1437,
        1523,
        1632,
        1682,
        1771,
        1870,
        1942,
        2044,
        2077,
        2137,
        2305,
        2367,
        2559,
        2587,
        2651,
        2747,
        2817,
        3087,
        3125,
        3229,
        3277,
        3285,
        3359,
        3359,
        3881,
        4271,
        4271,
        4343,
        4343,
        4771,
        4771,
        4771,
        5163,
        5163,
        5163,
        5163,
        5163,
        5767,
        5767
      ],
      "Percentiles": [
        0.0,
        0.1,
        0.2,
        0.3,
        0.4,
        0.5,
        0.55,
        0.6,
        0.65,
        0.7,
        0.75,
        0.775,
        0.8,
        0.825,
        0.85,
        0.875,
        0.8875,
        0.9,
        0.9125,
        0.925,
        0.9375,
        0.94375,
        0.95,
        0.95625,
        0.9625,
        0.96875,
        0.971875,
        0.975,
        0.978125,
        0.98125,
        0.984375,
        0.985938,
        0.9875,
        0.989062,
        0.990625,
        0.992188,
        0.992969,
        0.99375,
        0.994531,
        0.995313,
        0.996094,
        0.996484,
        0.996875,
        0.997266,
        0.997656,
        0.998047,
        0.998242,
        0.998437,
        0.998633,
        0.998828,
        0.999023,
        0.999121,
        0.999219,
        0.999316,
        0.999414,
        0.999512,
        0.999561,
        0.999609,
        0.999658,
        0.999707,
        0.999756,
        0.99978,
        0.999805,
        0.999829,
        0.999854,
        0.999878,
        0.99989,
        0.999902,
        0.999915,
        0.999927,
        0.999939,
        0.999945,
        0.999951,
        0.999957,
        0.999963,
        0.999969,
        0.999973,
        0.999976,
        0.999979,
        0.999982,
        0.999985,
        1.0
      ]
    },
    {
      "Values": [
        180,
        225,
        239,
        251,
        266,
        286,
        298,
        313,
        330,
        350,
        373,
        386,
        400,
        416,
        435,
        456,
        469,
        484,
        502,
        524,
        551,
        568,
        590,
        612,
        638,
        675,
        695,
        719,
        746,
        781,
        818,
        850,
        878,
        918,
        965,
        1048,
        1093,
        1190,
        1355,
        1514,
        1709,
        1800,
        1916,
        2005,
        2135,
        2323,
        2409,
        2523,
        2923,
        3379,
        3745,
        4099,
        4459,
        4831,
        5015,
        7455,
        7575,
        7651,
        7751,
        7827,
        8007,
        8335,
        8495,
        8639,
        8655,
        8663,
        8807,
        8975,
        21087,
        21087,
        21135,
        21135,
        22079,
        22079,
        22079,
        22287,
        22287,
        22287,
        22287,
        22287,
        22415,
        22415
      ],