{
  "latency-quic": [
    "103",
    "137",
    "158",
    "275",
    "1448",
    "6444",
    "9646",
    "12573",
    "6794",
    "100",
    "134",
    "159",
    "295",
    "1359",
    "6150",
    "9221",
    "13353",
    "6868",
    "101",
    "133",
    "149",
    "243",
    "1468",
    "6897",
    "11905",
    "11945",
    "7015"
  ],
  "latency-quic-lat": [
    {
      "Values": [
        103,
        128,
        130,
        133,
        135,
        137,
        137,
        138,
        140,
        141,
        144,
        146,
        147,
        150,
        152,
        154,
        156,
        158,
        160,
        162,
        165,
        167,
        170,
        172,
        176,
        182,
        186,
        191,
        197,
        207,
        221,
        231,
        245,
        263,
        287,
        317,
        333,
        353,
        376,
        415,
        476,
        522,
        574,
        667,
        760,
        885,
        949,
        1034,
        1167,
        1299,
        1462,
        1595,
        1713,
        2025,
        2147,
        2341,
        2431,
        2807,
        2971,
        3313,
        4231,
        4827,
        4847,
        5367,
        5491,
        5811,
        5983,
        6447,
        7019,
        7943,
        7955,
        8415,
        8719,
        8743,
        8967,
        8967,
        9119,
        9119,
        9583,
        9583,
        9583,
        9647,
        9647,
        9647,
        9647,
        9647,
        12575,
        12575
      ],
      "Percentiles": [
        0.0,
        0.1,
        0.2,
        0.3,
        0.4,
        0.5,
        0.55,
        0.6,
        0.65,
        0.7,
        0.75,
        0.775,
        0.8,
        0.825,
        0.85,
        0.875,
        0.8875,
        0.9,
        0.9125,
        0.925,
        0.9375,
        0.94375,
        0.95,
        0.95625,
        0.9625,
        0.96875,
        0.971875,
        0.975,
        0.978125,
        0.98125,
        0.984375,
        0.985938,
        0.9875,
        0.989062,
        0.990625,
        0.992188,
        0.992969,
        0.99375,
        0.994531,
        0.995313,
        0.996094,
        0.996484,
        0.996875,
        0.997266,
        0.997656,
        0.998047,
        0.998242,
        0.998437,
        0.998633,
        0.998828,
        0.999023,
        0.999121,
        0.999219,
        0.999316,
        0.999414,
        0.999512,
        0.999561,
        0.999609,
        0.999658,
        0.999707,
        0.999756,
        0.99978,
        0.999805,
        0.999829,
        0.999854,
        0.999878,
        0.99989,
        0.999902,
        0.999915,
        0.999927,
        0.999939,
        0.999945,
        0.999951,
        0.999957,
        0.999963,
        0.999969,
        0.999973,
        0.999976,
        0.999979,
        0.999982,
        0.999985,
        0.999986,
        0.999988,
        0.999989,
        0.999991,
        0.999992,
        0.999993,
        1.0
      ]
    },
    {
      "Values": [
        100,
        125,
        128,
        130,
        132,
        134,
        135,
        137,
        138,
        141,
        144,
        146,
        148,
        150,
        153,
        155,
        157,
        159,
        161,
        163,
        166,
        168,
        170,
        173,
        177,
        184,
        188,
        193,
        200,
        211,
        227,
        241,
        257,
        279,
        306,
        342,
        359,
        382,
        414,
        452,
        517,
        569,
        625,
        697,
        755,
        868,
        914,
        971,
        1049,
        1169,
        1371,
        1517,
        1560,
        1774,
        1952,
        2091,
        2227,
        2383,
        2515,
        2747,
        3345,
        3425,
        4351,
        5011,
        5479,
        5955,
        5995,
        6151,
        6955,
        7039,
        7831,
        7839,
        8067,
        8087,
        8087,
        8111,
        8695,
        8695,
        9055,
        9055,
        9055,
        9223,
        9223,
        9223,
        9223,
        9223,
        13359,
        13359
      ],
      "Percentiles": [
        0.0,
        0.1,
        0.2,
        0.3,
        0.4,
        0.5,
        0.55,
        0.6,
        0.65,
        0.7,
        0.75,
        0.775,
        0.8,
        0.825,
        0.85,
        0.875,
        0.8875,
        0.9,
        0.9125,
        0.925,
        0.9375,
        0.94375,
        0.95,
        0.95625,
        0.9625,
        0.96875,
        0.971875,
        0.975,
        0.978125,
        0.98125,
        0.984375,
        0.985938,
        0.9875,
        0.989062,
        0.990625,
        0.992188,
        0.992969,
        0.99375,
        0.994531,
        0.995313,
        0.996094,
        0.996484,
        0.996875,
        0.997266,
        0.997656,
        0.998047,
        0.998242,
        0.998437,
        0.998633,
        0.998828,
        0.999023,
        0.999121,
        0.999219,
        0.999316,
        0.999414,
        0.999512,
        0.999561,
        0.999609,
        0.999658,
        0.999707,
        0.999756,
        0.99978,
        0.999805,
        0.999829,
        0.999854,
        0.999878,
        0.99989,
        0.999902,
        0.999915,
        0.999927,
        0.999939,
        0.999945,
        0.999951,
        0.999957,
        0.999963,
        0.999969,
        0.999973,
        0.999976,
        0.999979,
        0.999982,
        0.999985,
        0.999986,
        0.999988,
        0.999989,
        0.999991,
        0.999992,
        0.999993,
        1.0
      ]
    },
    {
      "Values": [
        101,
        125,
        128,
        130,
        132,
        133,
        134,
        135,
        135,
        137,
        138,
        139,
        140,
        142,
        144,
        146,
        148,
        149,
        151,
        154,
        157,
        158,
        161,
        163,
        167,
        171,
        174,
        178,
        182,
        190,
        200,
        207,
        218,
        232,
        251,
        280,
        298,
        318,
        341,
        365,
        418,
        459,
        520,
        579,
        669,
        803,
        876,
        968,
        1126,
        1296,
        1495,
        1631,
        1864,
        2087,
        2249,
        2357,
        2463,
        2773,
        3405,
        3851,
        4375,
        5583,
        5847,
        5991,
        6187,
        6331,
        6751,
        6919,
        7195,
        8783,
        9271,
        9327,
        9407,
        9519,
        9519,
        9767,
        9799,
        9799,
        9887,
        9887,
        9887,
        11911,
        11911,
        11911,
        11911,
        11911,
        11951,
        11951
      ],