{
  "tput-down-quic": [
    "7820792",
    "6235584",
    "6843756"
  ],
  "rps-up-512-down-4000-quic-lat": [
    {
      "Values": [
        91,
        123,
        125,
        127,
        128,
        129,
        129,
        130,
        131,
        131,
        132,
        133,
        133,
        134,
        134,
        135,
        135,
        136,
        136,
        137,
        138,
        138,
        139,
        139,
        140,
        141,
        142,
        142,
        143,
        144,
        145,
        146,
        146,
        147,
        149,
        151,
        152,
        153,
        155,
        158,
        164,
        167,
        172,
        178,
        185,
        196,
        218,
        241,
        264,
        273,
        288,
        299,
        305,
        316,
        330,
        337,
        346,
        354,
        361,
        377,
        394,
        410,
        413,
        425,
        437,
        452,
        464,
        468,
        474,
        484,
        498,
        512,
        559,
        607,
        641,
        689,
        689,
        802,
        802,
        829,
        829,
        829,
        13959,
        13959,
        13959,
        13959,
        13959,
        16343,
        16343
      ],
      "Percentiles": [
        0.0,
        0.1,
        0.2,
        0.3,
        0.4,
        0.5,
        0.55,
        0.6,
        0.65,
        0.7,
        0.75,
        0.775,
        0.8,
        0.825,
        0.85,
        0.875,
        0.8875,
        0.9,
        0.9125,
        0.925,
        0.9375,
        0.94375,
        0.95,
        0.95625,
        0.9625,
        0.96875,
        0.971875,
        0.975,
        0.978125,
        0.98125,
        0.984375,
        0.985938,
        0.9875,
        0.989062,
        0.990625,
        0.992188,
        0.992969,
        0.99375,
        0.994531,
        0.995313,
        0.996094,
        0.996484,
        0.996875,
        0.997266,
        0.997656,
        0.998047,
        0.998242,
        0.998437,
        0.998633,
        0.998828,
        0.999023,
        0.999121,
        0.999219,
        0.999316,
        0.999414,
        0.999512,
        0.999561,
        0.999609,
        0.999658,
        0.999707,
        0.999756,
        0.99978,
        0.999805,
        0.999829,
        0.999854,
        0.999878,
        0.99989,
        0.999902,
        0.999915,
        0.999927,
        0.999939,
        0.999945,
        0.999951,
        0.999957,
        0.999963,
        0.999969,
        0.999973,
        0.999976,
        0.999979,
        0.999982,
        0.999985,
        0.999986,
        0.999988,
        0.999989,
        0.999991,
        0.999992,
        0.999993,
        0.999994,
        1.0
      ]
    },
    {
      "Values": [
        95,
        121,
        124,
        126,
        127,
        128,
        129,
        130,
        130,
        131,
        132,
        132,
        133,
        133,
        134,
        134,
        135,
        135,
        136,
        136,
        137,
        137,
        137,
        138,
        138,
        139,
        139,
        140,
        141,
        141,
        142,
        143,
        144,
        145,
        146,
        147,
        148,
        149,
        151,
        153,
        156,
        159,
        165,
        173,
        182,
        193,
        206,
        233,
        250,
        268,
        287,
        295,
        307,
        318,
        330,
        339,
        343,
        352,
        359,
        370,
        386,
        391,
        398,
        405,
        415,
        435,
        439,
        443,
        450,
        457,
        460,
        468,
        471,
        474,
        475,
        477,
        477,
        648,
        648,
        776,
        776,
        776,
        12655,
        12655,
        12655,
        12655,
        12655,
        13279,
        13279
      ],
      "Percentiles": [
        0.0,
        0.1,
        0.2,
        0.3,
        0.4,
        0.5,
        0.55,
        0.6,
        0.65,
        0.7,
        0.75,
        0.775,
        0.8,
        0.825,
        0.85,
        0.875,
        0.8875,
        0.9,
        0.9125,
        0.925,
        0.9375,
        0.94375,
        0.95,
        0.95625,
        0.9625,
        0.96875,
        0.971875,
        0.975,
        0.978125,
        0.98125,
        0.984375,
        0.985938,
        0.9875,
        0.989062,
        0.990625,
        0.992188,
        0.992969,
        0.99375,
        0.994531,
        0.995313,
        0.996094,
        0.996484,
        0.996875,
        0.997266,
        0.997656,
        0.998047,
        0.998242,
        0.998437,
        0.998633,
        0.998828,
        0.999023,
        0.999121,
        0.999219,
        0.999316,
        0.999414,
        0.999512,
        0.999561,
        0.999609,
        0.999658,
        0.999707,
        0.999756,
        0.99978,
        0.999805,
        0.999829,
        0.999854,
        0.999878,
        0.99989,
        0.999902,
        0.999915,
        0.999927,
        0.999939,
        0.999945,
        0.999951,
        0.999957,
        0.999963,
        0.999969,
        0.999973,
        0.999976,
        0.999979,
        0.999982,
        0.999985,
        0.999986,
        0.999988,
        0.999989,
        0.999991,
        0.999992,
        0.999993,
        0.999994,
        1.0
      ]
    },
    {
      "Values": [
        96,
        122,
        123,
        125,
        126,
        127,
        128,
        128,
        129,
        130,
        130,
        131,
        131,
        132,
        132,
        133,
        133,
        134,
        134,
        134,
        135,
        135,
        135,
        136,
        136,
        136,
        137,
        137,
        138,
        138,
        139,
        140,
        141,
        142,
        143,
        145,
        147,
        149,
        153,
        162,
        177,
        184,
        193,
        211,
        245,
        268,
        277,
        286,
        296,
        310,
        321,
        327,
        333,
        339,
        348,
        355,
        364,
        373,
        378,
        400,
        410,
        416,
        420,
        443,
        454,
        468,
        478,
        487,
        489,
        503,
        545,
        561,
        566,
        569,
        646,
        665,
        665,
        681,
        681,
        688,
        688,
        688,
        1396,
        1396,
        1396,
        1396,
        1396,
        12399,
        12399
      ],