{
  "os_version": "10.0.26055",
  "rps-up-512-down-4000-quic": [
    "188",
    "324",
    "493",
    "903",
    "2960",
    "20344",
    "23853",
    "23853",
    "2703",
    "199",
    "329",
    "509",
    "1243",
    "3412",
    "8960",
    "22384",
    "22384",
    "2599",
    "200",
    "336",
    "502",
    "867",
    "6433",
    "19106",
    "20723",
    "20723",
    "2614"
  ],
  "rps-up-512-down-4000-quic-lat": [
    {
      "Values": [
        188,
        249,
        266,
        283,
        301,
        324,
        338,
        352,
        366,
        381,
        398,
        409,
        420,
        434,
        450,
        469,
        480,
        493,
        509,
        527,
        549,
        563,
        580,
        599,
        623,
        653,
        671,
        690,
        715,
        744,
        783,
        809,
        841,
        873,
        923,
        989,
        1033,
        1107,
        1219,
        1433,
        1623,
        1720,
        1787,
        1885,
        1974,
        2107,
        2157,
        2273,
        2463,
        2621,
        3063,
        3287,
        3401,
        3633,
        5087,
        7783,
        7883,
        7995,
        8583,
        9159,
        10247,
        18063,
        19407,
        19583,
        20207,
        20335,
        20351,
        20351,
        20399,
        20911,
        20911,
        21199,
        21199,
        21199,
        22687,
        22687,
        22687,
        22687,
        22687,
        23855,
        23855
      ],
      "Percentiles": [
        0.0,
        0.1,
        0.2,
        0.3,
        0.4,
        0.5,
        0.55,
        0.6,
        0.65,
        0.7,
        0.75,
        0.775,
        0.8,
        0.825,
        0.85,
        0.875,
        0.8875,
        0.9,
        0.9125,
        0.925,
        0.9375,
        0.94375,
        0.95,
        0.95625,
        0.9625,
        0.96875,
        0.971875,
        0.975,
        0.978125,
        0.98125,
        0.984375,
        0.985938,
        0.9875,
        0.989062,
        0.990625,
        0.992188,
        0.992969,
        0.99375,
        0.994531,
        0.995313,
        0.996094,
        0.996484,
        0.996875,
        0.997266,
        0.997656,
        0.998047,
        0.998242,
        0.998437,
        0.998633,
        0.998828,
        0.999023,
        0.999121,
        0.999219,
        0.999316,
        0.999414,
        0.999512,
        0.999561,
        0.999609,
        0.999658,
        0.999707,
        0.999756,
        0.99978,
        0.999805,
        0.999829,
        0.999854,
        0.999878,
        0.99989,
        0.999902,
        0.999915,
        0.999927,
        0.999939,
        0.999945,
        0.999951,
        0.999957,
        0.999963,
        0.999969,
        0.999973,
        0.999976,
        0.999979,
        0.999982,
        1.0
      ]
    },
    {
      "Values": [
        199,
        268,
        283,
        297,
        312,
        329,
        339,
        351,
        365,
        382,
        402,
        414,
        427,
        442,
        459,
        481,
        494,
        509,
        527,
        548,
        573,
        590,
        609,
        635,
        661,
        695,
        720,
        752,
        780,
        823,
        885,
        925,
        1015,
        1130,
        1320,
        1567,
        1665,
        1754,
        1838,
        1941,
        2081,
        2167,
        2211,
        2275,
        2379,
        2547,
        2635,
        2771,
        2977,
        3237,
        3459,
        3621,
        4679,
        4891,
        5063,
        5887,
        7375,
        7627,
        7871,
        7883,
        8335,
        8463,
        8599,
        8639,
        8751,
        8759,
        8967,
        8967,
        9927,
        17983,
        17983,
        19791,
        19791,
        19791,
        20767,
        20767,
        20767,
        20767,
        20767,
        22399,
        22399
      ],
      "Percentiles": [
        0.0,
        0.1,
        0.2,
        0.3,
        0.4,
        0.5,
        0.55,
        0.6,
        0.65,
        0.7,
        0.75,
        0.775,
        0.8,
        0.825,
        0.85,
        0.875,
        0.8875,
        0.9,
        0.9125,
        0.925,
        0.9375,
        0.94375,
        0.95,
        0.95625,
        0.9625,
        0.96875,
        0.971875,
        0.975,
        0.978125,
        0.98125,
        0.984375,
        0.985938,
        0.9875,
        0.989062,
        0.990625,
        0.992188,
        0.992969,
        0.99375,
        0.994531,
        0.995313,
        0.996094,
        0.996484,
        0.996875,
        0.997266,
        0.997656,
        0.998047,
        0.998242,
        0.998437,
        0.998633,
        0.998828,
        0.999023,
        0.999121,
        0.999219,
        0.999316,
        0.999414,
        0.999512,
        0.999561,
        0.999609,
        0.999658,
        0.999707,
        0.999756,
        0.99978,
        0.999805,
        0.999829,
        0.999854,
        0.999878,
        0.99989,
        0.999902,
        0.999915,
        0.999927,
        0.999939,
        0.999945,
        0.999951,
        0.999957,
        0.999963,
        0.999969,
        0.999973,
        0.999976,
        0.999979,
        0.999982,
        1.0
      ]
    },
    {
      "Values": [
        200,
        262,
        278,
        294,
        314,
        336,
        348,
        361,
        375,
        389,
        407,
        417,
        429,
        442,
        459,
        478,
        490,
        502,
        517,
        535,
        556,
        570,
        585,
        603,
        623,
        649,
        662,
        680,
        702,
        730,
        764,
        784,
        812,
        848,
        889,
        949,
        988,
        1034,
        1120,
        1451,
        1765,
        1933,
        2061,
        2349,
        2785,
        3071,
        3277,
        3407,
        3617,
        3819,
        6435,
        7295,
        7427,
        7575,
        7827,
        8359,
        8503,
        8535,
        8687,
        8863,
        10095,
        10287,
        15607,
        17631,
        18079,
        18815,
        19119,
        19119,
        19711,
        19983,
        19983,
        20367,
        20367,
        20367,
        20447,
        20447,
        20447,
        20447,
        20447,
        20735,
        20735
      ],