{
  "latency-quic-lat": [
    {
      "Values": [
        120,
        137,
        139,
        141,
        144,
        147,
        148,
        150,
        152,
        154,
        156,
        157,
        158,
        160,
        162,
        164,
        165,
        167,
        168,
        170,
        172,
        173,
        175,
        176,
        177,
        179,
        179,
        180,
        182,
        183,
        184,
        185,
        186,
        188,
        189,
        191,
        191,
        192,
        194,
        196,
        198,
        199,
        201,
        203,
        205,
        208,
        211,
        213,
        218,
        225,
        235,
        250,
        267,
        278,
        299,
        321,
        328,
        343,
        354,
        366,
        375,
        384,
        394,
        403,
        416,
        433,
        440,
        446,
        456,
        475,
        475,
        488,
        548,
        610,
        759,
        759,
        791,
        791,
        800,
        800,
        800,
        1489,
        1489,
        1489,
        1489,
        1489,
        18175,
        18175
      ],
      "Percentiles": [
        0.0,
        0.1,
        0.2,
        0.3,
        0.4,
        0.5,
        0.55,
        0.6,
        0.65,
        0.7,
        0.75,
        0.775,
        0.8,
        0.825,
        0.85,
        0.875,
        0.8875,
        0.9,
        0.9125,
        0.925,
        0.9375,
        0.94375,
        0.95,
        0.95625,
        0.9625,
        0.96875,
        0.971875,
        0.975,
        0.978125,
        0.98125,
        0.984375,
        0.985938,
        0.9875,
        0.989062,
        0.990625,
        0.992188,
        0.992969,
        0.99375,
        0.994531,
        0.995313,
        0.996094,
        0.996484,
        0.996875,
        0.997266,
        0.997656,
        0.998047,
        0.998242,
        0.998437,
        0.998633,
        0.998828,
        0.999023,
        0.999121,
        0.999219,
        0.999316,
        0.999414,
        0.999512,
        0.999561,
        0.999609,
        0.999658,
        0.999707,
        0.999756,
        0.99978,
        0.999805,
        0.999829,
        0.999854,
        0.999878,
        0.99989,
        0.999902,
        0.999915,
        0.999927,
        0.999939,
        0.999945,
        0.999951,
        0.999957,
        0.999963,
        0.999969,
        0.999973,
        0.999976,
        0.999979,
        0.999982,
        0.999985,
        0.999986,
        0.999988,
        0.999989,
        0.999991,
        0.999992,
        0.999993,
        1.0
      ]
    },
    {
      "Values": [
        120,
        137,
        139,
        141,
        142,
        145,
        146,
        148,
        150,
        151,
        153,
        154,
        154,
        155,
        157,
        158,
        159,
        161,
        162,
        164,
        166,
        167,
        168,
        170,
        172,
        174,
        175,
        176,
        177,
        179,
        181,
        182,
        183,
        184,
        186,
        187,
        188,
        189,
        191,
        192,
        194,
        196,
        197,
        199,
        201,
        203,
        205,
        206,
        208,
        211,
        215,
        221,
        228,
        239,
        271,
        296,
        306,
        317,
        325,
        346,
        366,
        368,
        375,
        397,
        415,
        431,
        434,
        448,
        450,
        461,
        469,
        545,
        570,
        783,
        921,
        921,
        1087,
        1087,
        1213,
        1213,
        1213,
        12175,
        12175,
        12175,
        12175,
        12175,
        14863,
        14863
      ],
      "Percentiles": [
        0.0,
        0.1,
        0.2,
        0.3,
        0.4,
        0.5,
        0.55,
        0.6,
        0.65,
        0.7,
        0.75,
        0.775,
        0.8,
        0.825,
        0.85,
        0.875,
        0.8875,
        0.9,
        0.9125,
        0.925,
        0.9375,
        0.94375,
        0.95,
        0.95625,
        0.9625,
        0.96875,
        0.971875,
        0.975,
        0.978125,
        0.98125,
        0.984375,
        0.985938,
        0.9875,
        0.989062,
        0.990625,
        0.992188,
        0.992969,
        0.99375,
        0.994531,
        0.995313,
        0.996094,
        0.996484,
        0.996875,
        0.997266,
        0.997656,
        0.998047,
        0.998242,
        0.998437,
        0.998633,
        0.998828,
        0.999023,
        0.999121,
        0.999219,
        0.999316,
        0.999414,
        0.999512,
        0.999561,
        0.999609,
        0.999658,
        0.999707,
        0.999756,
        0.99978,
        0.999805,
        0.999829,
        0.999854,
        0.999878,
        0.99989,
        0.999902,
        0.999915,
        0.999927,
        0.999939,
        0.999945,
        0.999951,
        0.999957,
        0.999963,
        0.999969,
        0.999973,
        0.999976,
        0.999979,
        0.999982,
        0.999985,
        0.999986,
        0.999988,
        0.999989,
        0.999991,
        0.999992,
        0.999993,
        1.0
      ]
    },
    {
      "Values": [
        121,
        138,
        141,
        142,
        145,
        148,
        150,
        152,
        153,
        155,
        158,
        159,
        161,
        162,
        164,
        167,
        168,
        170,
        171,
        173,
        175,
        176,
        177,
        178,
        180,
        181,
        182,
        183,
        184,
        185,
        187,
        188,
        189,
        190,
        192,
        193,
        195,
        196,
        197,
        199,
        201,
        202,
        203,
        205,
        206,
        209,
        210,
        212,
        215,
        218,
        221,
        226,
        236,
        251,
        285,
        320,
        333,
        340,
        347,
        351,
        368,
        377,
        383,
        393,
        404,
        419,
        422,
        434,
        436,
        453,
        465,
        491,
        512,
        560,
        648,
        648,
        780,
        780,
        1388,
        1388,
        1388,
        13023,
        13023,
        13023,
        13023,
        13023,
        13991,
        13991
      ],