{
  "rps-up-512-down-4000-quic-lat": [
    {
      "Values": [
        166,
        230,
        247,
        263,
        282,
        304,
        317,
        331,
        347,
        366,
        387,
        398,
        412,
        427,
        446,
        469,
        483,
        499,
        517,
        538,
        563,
        579,
        599,
        620,
        647,
        680,
        697,
        716,
        740,
        770,
        817,
        842,
        875,
        915,
        962,
        1024,
        1066,
        1118,
        1233,
        1387,
        1523,
        1591,
        1715,
        1852,
        1956,
        2187,
        2291,
        2643,
        2755,
        2957,
        3213,
        3473,
        4069,
        4535,
        4731,
        4871,
        5111,
        5943,
        7315,
        7495,
        7579,
        7663,
        7751,
        7855,
        8079,
        8207,
        8207,
        8239,
        8391,
        8391,
        8511,
        8511,
        8543,
        8543,
        8543,
        9615,
        9615,
        9615,
        9615,
        9615,
        13927,
        13927
      ],
      "Percentiles": [
        0.0,
        0.1,
        0.2,
        0.3,
        0.4,
        0.5,
        0.55,
        0.6,
        0.65,
        0.7,
        0.75,
        0.775,
        0.8,
        0.825,
        0.85,
        0.875,
        0.8875,
        0.9,
        0.9125,
        0.925,
        0.9375,
        0.94375,
        0.95,
        0.95625,
        0.9625,
        0.96875,
        0.971875,
        0.975,
        0.978125,
        0.98125,
        0.984375,
        0.985938,
        0.9875,
        0.989062,
        0.990625,
        0.992188,
        0.992969,
        0.99375,
        0.994531,
        0.995313,
        0.996094,
        0.996484,
        0.996875,
        0.997266,
        0.997656,
        0.998047,
        0.998242,
        0.998437,
        0.998633,
        0.998828,
        0.999023,
        0.999121,
        0.999219,
        0.999316,
        0.999414,
        0.999512,
        0.999561,
        0.999609,
        0.999658,
        0.999707,
        0.999756,
        0.99978,
        0.999805,
        0.999829,
        0.999854,
        0.999878,
        0.99989,
        0.999902,
        0.999915,
        0.999927,
        0.999939,
        0.999945,
        0.999951,
        0.999957,
        0.999963,
        0.999969,
        0.999973,
        0.999976,
        0.999979,
        0.999982,
        0.999985,
        1.0
      ]
    },
    {
      "Values": [
        149,
        219,
        234,
        248,
        264,
        284,
        296,
        310,
        327,
        347,
        370,
        384,
        400,
        418,
        439,
        464,
        479,
        498,
        517,
        540,
        569,
        586,
        605,
        628,
        656,
        687,
        708,
        729,
        754,
        784,
        817,
        838,
        863,
        892,
        923,
        963,
        990,
        1018,
        1065,
        1110,
        1167,
        1213,
        1292,
        1363,
        1421,
        1514,
        1586,
        1643,
        1712,
        1871,
        2026,
        2103,
        2233,
        2307,
        2393,
        2445,
        2575,
        2693,
        2803,
        2881,
        3199,
        3207,
        3289,
        3341,
        3447,
        3461,
        3545,
        3601,
        3601,
        3675,
        3749,
        3749,
        3753,
        3753,
        3753,
        3757,
        3757,
        3757,
        3757,
        3757,
        3993,
        3993
      ],
      "Percentiles": [
        0.0,
        0.1,
        0.2,
        0.3,
        0.4,
        0.5,
        0.55,
        0.6,
        0.65,
        0.7,
        0.75,
        0.775,
        0.8,
        0.825,
        0.85,
        0.875,
        0.8875,
        0.9,
        0.9125,
        0.925,
        0.9375,
        0.94375,
        0.95,
        0.95625,
        0.9625,
        0.96875,
        0.971875,
        0.975,
        0.978125,
        0.98125,
        0.984375,
        0.985938,
        0.9875,
        0.989062,
        0.990625,
        0.992188,
        0.992969,
        0.99375,
        0.994531,
        0.995313,
        0.996094,
        0.996484,
        0.996875,
        0.997266,
        0.997656,
        0.998047,
        0.998242,
        0.998437,
        0.998633,
        0.998828,
        0.999023,
        0.999121,
        0.999219,
        0.999316,
        0.999414,
        0.999512,
        0.999561,
        0.999609,
        0.999658,
        0.999707,
        0.999756,
        0.99978,
        0.999805,
        0.999829,
        0.999854,
        0.999878,
        0.99989,
        0.999902,
        0.999915,
        0.999927,
        0.999939,
        0.999945,
        0.999951,
        0.999957,
        0.999963,
        0.999969,
        0.999973,
        0.999976,
        0.999979,
        0.999982,
        0.999985,
        1.0
      ]
    },
    {
      "Values": [
        171,
        234,
        248,
        262,
        279,
        297,
        308,
        320,
        334,
        350,
        369,
        381,
        394,
        409,
        427,
        449,
        463,
        480,
        499,
        522,
        550,
        566,
        584,
        605,
        630,
        662,
        680,
        702,
        727,
        756,
        795,
        818,
        846,
        885,
        924,
        985,
        1022,
        1093,
        1191,
        1396,
        1549,
        1644,
        1767,
        1890,
        2045,
        2259,
        2413,
        2645,
        2889,
        3035,
        3533,
        3871,
        4223,
        4347,
        4827,
        4999,
        5019,
        5067,
        5095,
        5163,
        5295,
        5439,
        5527,
        7247,
        7435,
        7483,
        7591,
        7611,
        7759,
        7759,
        7903,
        7903,
        8115,
        8115,
        8115,
        8127,
        8127,
        8127,
        8127,
        8127,
        10695,
        10695
      ],