{
  "latency-quic-lat": [
    {
      "Values": [
        170,
        190,
        194,
        198,
        202,
        205,
        207,
        208,
        210,
        212,
        214,
        215,
        216,
        217,
        219,
        221,
        222,
        223,
        224,
        225,
        227,
        228,
        229,
        230,
        231,
        232,
        233,
        234,
        236,
        237,
        239,
        240,
        241,
        242,
        244,
        246,
        247,
        248,
        250,
        252,
        255,
        256,
        258,
        260,
        263,
        267,
        269,
        274,
        279,
        287,
        316,
        325,
        336,
        348,
        374,
        385,
        394,
        400,
        414,
        422,
        426,
        438,
        449,
        459,
        487,
        494,
        503,
        527,
        574,
        621,
        841,
        841,
        910,
        910,
        982,
        1142,
        1142,
        1142,
        1142,
        1657,
        1657,
        1657,
        1657,
        1657,
        17455,
        17455
      ],
      "Percentiles": [
        0.0,
        0.1,
        0.2,
        0.3,
        0.4,
        0.5,
        0.55,
        0.6,
        0.65,
        0.7,
        0.75,
        0.775,
        0.8,
        0.825,
        0.85,
        0.875,
        0.8875,
        0.9,
        0.9125,
        0.925,
        0.9375,
        0.94375,
        0.95,
        0.95625,
        0.9625,
        0.96875,
        0.971875,
        0.975,
        0.978125,
        0.98125,
        0.984375,
        0.985938,
        0.9875,
        0.989062,
        0.990625,
        0.992188,
        0.992969,
        0.99375,
        0.994531,
        0.995313,
        0.996094,
        0.996484,
        0.996875,
        0.997266,
        0.997656,
        0.998047,
        0.998242,
        0.998437,
        0.998633,
        0.998828,
        0.999023,
        0.999121,
        0.999219,
        0.999316,
        0.999414,
        0.999512,
        0.999561,
        0.999609,
        0.999658,
        0.999707,
        0.999756,
        0.99978,
        0.999805,
        0.999829,
        0.999854,
        0.999878,
        0.99989,
        0.999902,
        0.999915,
        0.999927,
        0.999939,
        0.999945,
        0.999951,
        0.999957,
        0.999963,
        0.999969,
        0.999973,
        0.999976,
        0.999979,
        0.999982,
        0.999985,
        0.999986,
        0.999988,
        0.999989,
        0.999991,
        1.0
      ]
    },
    {
      "Values": [
        172,
        191,
        195,
        199,
        203,
        207,
        209,
        211,
        213,
        215,
        217,
        219,
        220,
        221,
        223,
        225,
        226,
        227,
        228,
        229,
        231,
        232,
        233,
        234,
        235,
        236,
        237,
        238,
        240,
        241,
        243,
        244,
        245,
        246,
        248,
        250,
        251,
        252,
        254,
        255,
        258,
        259,
        260,
        262,
        265,
        268,
        271,
        274,
        277,
        285,
        297,
        307,
        329,
        342,
        359,
        377,
        383,
        397,
        405,
        419,
        437,
        447,
        458,
        472,
        484,
        490,
        491,
        500,
        515,
        530,
        589,
        589,
        589,
        589,
        661,
        737,
        737,
        737,
        737,
        896,
        896,
        896,
        896,
        896,
        17503,
        17503
      ],
      "Percentiles": [
        0.0,
        0.1,
        0.2,
        0.3,
        0.4,
        0.5,
        0.55,
        0.6,
        0.65,
        0.7,
        0.75,
        0.775,
        0.8,
        0.825,
        0.85,
        0.875,
        0.8875,
        0.9,
        0.9125,
        0.925,
        0.9375,
        0.94375,
        0.95,
        0.95625,
        0.9625,
        0.96875,
        0.971875,
        0.975,
        0.978125,
        0.98125,
        0.984375,
        0.985938,
        0.9875,
        0.989062,
        0.990625,
        0.992188,
        0.992969,
        0.99375,
        0.994531,
        0.995313,
        0.996094,
        0.996484,
        0.996875,
        0.997266,
        0.997656,
        0.998047,
        0.998242,
        0.998437,
        0.998633,
        0.998828,
        0.999023,
        0.999121,
        0.999219,
        0.999316,
        0.999414,
        0.999512,
        0.999561,
        0.999609,
        0.999658,
        0.999707,
        0.999756,
        0.99978,
        0.999805,
        0.999829,
        0.999854,
        0.999878,
        0.99989,
        0.999902,
        0.999915,
        0.999927,
        0.999939,
        0.999945,
        0.999951,
        0.999957,
        0.999963,
        0.999969,
        0.999973,
        0.999976,
        0.999979,
        0.999982,
        0.999985,
        0.999986,
        0.999988,
        0.999989,
        0.999991,
        1.0
      ]
    },
    {
      "Values": [
        179,
        197,
        202,
        206,
        210,
        214,
        216,
        218,
        220,
        222,
        224,
        226,
        227,
        228,
        230,
        232,
        233,
        234,
        235,
        237,
        238,
        239,
        240,
        241,
        243,
        244,
        245,
        246,
        248,
        249,
        251,
        252,
        253,
        254,
        256,
        257,
        258,
        260,
        261,
        263,
        265,
        266,
        268,
        269,
        271,
        275,
        277,
        281,
        285,
        293,
        309,
        334,
        352,
        366,
        382,
        399,
        408,
        413,
        423,
        435,
        462,
        468,
        481,
        491,
        509,
        532,
        535,
        556,
        651,
        661,
        693,
        693,
        893,
        928,
        928,
        1255,
        1255,
        1255,
        1334,
        1334,
        1334,
        1334,
        1334,
        17503,
        17503
      ],