{
  "tput-down-quic-regression": {
    "CumulativeResult": 5739853,
    "BestResultCommit": "main",
    "Baseline": 1284249.6333333333,
    "AggregateFunction": "AVG",
    "BestResult": 1834642.3333333333,
    "HasRegression": false
  },
  "tput-down-quic": [
    "5773078",
    "5741663",
    "5704818"
  ],
  "rps-up-512-down-4000-quic": [
    "90",
    "122",
    "132",
    "161",
    "322",
    "1095",
    "12957",
    "16042",
    "8020",
    "93",
    "121",
    "128",
    "139",
    "258",
    "580",
    "12495",
    "12676",
    "8188",
    "87",
    "123",
    "134",
    "174",
    "393",
    "2640",
    "12568",
    "16915",
    "7906"
  ],
  "hps-conns-100-quic": [
    "1482",
    "1479",
    "1498"
  ],
  "rps-up-512-down-4000-quic-lat": [
    {
      "Values": [
        90,
        115,
        118,
        120,
        121,
        122,
        122,
        123,
        124,
        125,
        126,
        127,
        127,
        128,
        129,
        130,
        131,
        132,
        134,
        136,
        138,
        140,
        141,
        143,
        145,
        148,
        149,
        150,
        152,
        154,
        156,
        157,
        158,
        160,
        162,
        164,
        166,
        168,
        171,
        175,
        181,
        189,
        200,
        216,
        241,
        262,
        271,
        281,
        293,
        306,
        326,
        341,
        357,
        379,
        402,
        456,
        485,
        529,
        572,
        610,
        635,
        692,
        698,
        759,
        891,
        966,
        1014,
        1165,
        1691,
        1827,
        2045,
        2899,
        3111,
        3205,
        3457,
        4551,
        4551,
        5071,
        5071,
        6335,
        6335,
        6335,
        12959,
        12959,
        12959,
        12959,
        12959,
        16047,
        16047
      ],
      "Percentiles": [
        0.0,
        0.1,
        0.2,
        0.3,
        0.4,
        0.5,
        0.55,
        0.6,
        0.65,
        0.7,
        0.75,
        0.775,
        0.8,
        0.825,
        0.85,
        0.875,
        0.8875,
        0.9,
        0.9125,
        0.925,
        0.9375,
        0.94375,
        0.95,
        0.95625,
        0.9625,
        0.96875,
        0.971875,
        0.975,
        0.978125,
        0.98125,
        0.984375,
        0.985938,
        0.9875,
        0.989062,
        0.990625,
        0.992188,
        0.992969,
        0.99375,
        0.994531,
        0.995313,
        0.996094,
        0.996484,
        0.996875,
        0.997266,
        0.997656,
        0.998047,
        0.998242,
        0.998437,
        0.998633,
        0.998828,
        0.999023,
        0.999121,
        0.999219,
        0.999316,
        0.999414,
        0.999512,
        0.999561,
        0.999609,
        0.999658,
        0.999707,
        0.999756,
        0.99978,
        0.999805,
        0.999829,
        0.999854,
        0.999878,
        0.99989,
        0.999902,
        0.999915,
        0.999927,
        0.999939,
        0.999945,
        0.999951,
        0.999957,
        0.999963,
        0.999969,
        0.999973,
        0.999976,
        0.999979,
        0.999982,
        0.999985,
        0.999986,
        0.999988,
        0.999989,
        0.999991,
        0.999992,
        0.999993,
        0.999994,
        1.0
      ]
    },
    {
      "Values": [
        93,
        115,
        118,
        119,
        120,
        121,
        122,
        122,
        123,
        124,
        124,
        125,
        125,
        126,
        126,
        127,
        127,
        128,
        128,
        129,
        129,
        129,
        130,
        130,
        131,
        131,
        131,
        132,
        132,
        133,
        134,
        135,
        136,
        138,
        140,
        143,
        145,
        147,
        150,
        153,
        157,
        160,
        164,
        169,
        175,
        187,
        205,
        221,
        237,
        250,
        260,
        270,
        282,
        289,
        295,
        310,
        317,
        327,
        343,
        359,
        388,
        404,
        408,
        436,
        514,
        551,
        561,
        595,
        625,
        797,
        841,
        870,
        1242,
        1350,
        1383,
        1425,
        1425,
        1472,
        1472,
        5115,
        5115,
        5115,
        12495,
        12495,
        12495,
        12495,
        12495,
        12679,
        12679
      ],
      "Percentiles": [
        0.0,
        0.1,
        0.2,
        0.3,
        0.4,
        0.5,
        0.55,
        0.6,
        0.65,
        0.7,
        0.75,
        0.775,
        0.8,
        0.825,
        0.85,
        0.875,
        0.8875,
        0.9,
        0.9125,
        0.925,
        0.9375,
        0.94375,
        0.95,
        0.95625,
        0.9625,
        0.96875,
        0.971875,
        0.975,
        0.978125,
        0.98125,
        0.984375,
        0.985938,
        0.9875,
        0.989062,
        0.990625,
        0.992188,
        0.992969,
        0.99375,
        0.994531,
        0.995313,
        0.996094,
        0.996484,
        0.996875,
        0.997266,
        0.997656,
        0.998047,
        0.998242,
        0.998437,
        0.998633,
        0.998828,
        0.999023,
        0.999121,
        0.999219,
        0.999316,
        0.999414,
        0.999512,
        0.999561,
        0.999609,
        0.999658,
        0.999707,
        0.999756,
        0.99978,
        0.999805,
        0.999829,
        0.999854,
        0.999878,
        0.99989,
        0.999902,
        0.999915,
        0.999927,
        0.999939,
        0.999945,
        0.999951,
        0.999957,
        0.999963,
        0.999969,
        0.999973,
        0.999976,
        0.999979,
        0.999982,
        0.999985,
        0.999986,
        0.999988,
        0.999989,
        0.999991,
        0.999992,
        0.999993,
        0.999994,
        1.0
      ]
    },
    {
      "Values": [
        87,
        116,
        119,
        120,
        122,
        123,
        124,
        124,
        125,
        126,
        127,
        128,
        128,
        129,
        130,
        132,
        133,
        134,
        136,
        139,
        143,
        145,
        147,
        150,
        152,
        155,
        157,
        159,
        161,
        164,
        166,
        168,
        170,
        172,
        175,
        179,
        183,
        187,
        193,
        203,
        220,
        233,
        246,
        259,
        279,
        308,
        315,
        332,
        354,
        374,
        397,
        417,
        439,
        467,
        486,
        534,
        562,
        639,
        704,
        788,
        920,
        1035,
        1098,
        1202,
        1499,
        2203,
        2425,
        2641,
        2925,
        3515,
        4583,
        4651,
        4731,
        4763,
        4895,
        4931,
        4931,
        5131,
        5131,
        9447,
        9447,
        9447,
        12575,
        12575,
        12575,
        12575,
        12575,
        16927,
        16927
      ],