{
  "rps-quic": [
    "321",
    "616",
    "798",
    "1073",
    "1420",
    "2375",
    "14470",
    "14629",
    "154300",
    "305",
    "614",
    "762",
    "1020",
    "1246",
    "2545",
    "13284",
    "13305",
    "156617",
    "342",
    "620",
    "766",
    "1016",
    "1242",
    "2484",
    "11109",
    "11144",
    "155564"
  ],
  "latency-quic-lat": [
    {
      "Values": [
        97,
        121,
        123,
        125,
        126,
        126,
        127,
        127,
        127,
        128,
        128,
        129,
        129,
        129,
        130,
        131,
        132,
        133,
        134,
        136,
        138,
        139,
        141,
        142,
        144,
        146,
        148,
        149,
        151,
        152,
        154,
        155,
        156,
        158,
        159,
        161,
        162,
        163,
        164,
        166,
        168,
        169,
        171,
        174,
        177,
        182,
        184,
        187,
        192,
        198,
        208,
        224,
        252,
        275,
        294,
        315,
        320,
        329,
        340,
        359,
        380,
        387,
        424,
        464,
        541,
        586,
        589,
        607,
        674,
        712,
        783,
        878,
        924,
        960,
        1364,
        1627,
        1627,
        2927,
        2927,
        3875,
        3875,
        3875,
        7611,
        7611,
        7611,
        7611,
        7611,
        12879,
        12879
      ],
      "Percentiles": [
        0.0,
        0.1,
        0.2,
        0.3,
        0.4,
        0.5,
        0.55,
        0.6,
        0.65,
        0.7,
        0.75,
        0.775,
        0.8,
        0.825,
        0.85,
        0.875,
        0.8875,
        0.9,
        0.9125,
        0.925,
        0.9375,
        0.94375,
        0.95,
        0.95625,
        0.9625,
        0.96875,
        0.971875,
        0.975,
        0.978125,
        0.98125,
        0.984375,
        0.985938,
        0.9875,
        0.989062,
        0.990625,
        0.992188,
        0.992969,
        0.99375,
        0.994531,
        0.995313,
        0.996094,
        0.996484,
        0.996875,
        0.997266,
        0.997656,
        0.998047,
        0.998242,
        0.998437,
        0.998633,
        0.998828,
        0.999023,
        0.999121,
        0.999219,
        0.999316,
        0.999414,
        0.999512,
        0.999561,
        0.999609,
        0.999658,
        0.999707,
        0.999756,
        0.99978,
        0.999805,
        0.999829,
        0.999854,
        0.999878,
        0.99989,
        0.999902,
        0.999915,
        0.999927,
        0.999939,
        0.999945,
        0.999951,
        0.999957,
        0.999963,
        0.999969,
        0.999973,
        0.999976,
        0.999979,
        0.999982,
        0.999985,
        0.999986,
        0.999988,
        0.999989,
        0.999991,
        0.999992,
        0.999993,
        0.999994,
        1.0
      ]
    },
    {
      "Values": [
        98,
        123,
        125,
        127,
        128,
        129,
        129,
        130,
        130,
        130,
        131,
        131,
        132,
        133,
        134,
        136,
        137,
        138,
        140,
        143,
        145,
        147,
        148,
        149,
        150,
        152,
        153,
        154,
        155,
        156,
        158,
        159,
        160,
        160,
        161,
        163,
        163,
        164,
        165,
        167,
        169,
        170,
        172,
        173,
        176,
        178,
        180,
        183,
        186,
        192,
        198,
        204,
        216,
        232,
        259,
        291,
        304,
        315,
        321,
        339,
        350,
        358,
        368,
        372,
        391,
        431,
        438,
        474,
        486,
        554,
        588,
        620,
        648,
        724,
        750,
        881,
        881,
        1110,
        1110,
        1409,
        1409,
        1409,
        9663,
        9663,
        9663,
        9663,
        9663,
        9735,
        9735
      ],
      "Percentiles": [
        0.0,
        0.1,
        0.2,
        0.3,
        0.4,
        0.5,
        0.55,
        0.6,
        0.65,
        0.7,
        0.75,
        0.775,
        0.8,
        0.825,
        0.85,
        0.875,
        0.8875,
        0.9,
        0.9125,
        0.925,
        0.9375,
        0.94375,
        0.95,
        0.95625,
        0.9625,
        0.96875,
        0.971875,
        0.975,
        0.978125,
        0.98125,
        0.984375,
        0.985938,
        0.9875,
        0.989062,
        0.990625,
        0.992188,
        0.992969,
        0.99375,
        0.994531,
        0.995313,
        0.996094,
        0.996484,
        0.996875,
        0.997266,
        0.997656,
        0.998047,
        0.998242,
        0.998437,
        0.998633,
        0.998828,
        0.999023,
        0.999121,
        0.999219,
        0.999316,
        0.999414,
        0.999512,
        0.999561,
        0.999609,
        0.999658,
        0.999707,
        0.999756,
        0.99978,
        0.999805,
        0.999829,
        0.999854,
        0.999878,
        0.99989,
        0.999902,
        0.999915,
        0.999927,
        0.999939,
        0.999945,
        0.999951,
        0.999957,
        0.999963,
        0.999969,
        0.999973,
        0.999976,
        0.999979,
        0.999982,
        0.999985,
        0.999986,
        0.999988,
        0.999989,
        0.999991,
        0.999992,
        0.999993,
        0.999994,
        1.0
      ]
    },
    {
      "Values": [
        98,
        121,
        123,
        125,
        126,
        126,
        127,
        127,
        127,
        128,
        128,
        129,
        129,
        129,
        130,
        132,
        132,
        133,
        135,
        136,
        139,
        140,
        142,
        143,
        146,
        148,
        149,
        150,
        152,
        153,
        155,
        156,
        157,
        159,
        160,
        162,
        162,
        164,
        165,
        167,
        169,
        171,
        173,
        175,
        178,
        182,
        184,
        188,
        192,
        198,
        207,
        214,
        223,
        240,
        267,
        293,
        305,
        317,
        331,
        340,
        357,
        368,
        376,
        393,
        418,
        487,
        497,
        508,
        571,
        591,
        645,
        649,
        665,
        666,
        793,
        884,
        884,
        906,
        906,
        2831,
        2831,
        2831,
        9711,
        9711,
        9711,
        9711,
        9711,
        9735,
        9735
      ],