{
  "tput-down-quic-regression": {
    "HasRegression": false,
    "CumulativeResult": 6375773,
    "BestResultCommit": "main",
    "BestResult": 1834642.3333333333,
    "AggregateFunction": "AVG",
    "Baseline": 1284249.6333333333
  },
  "rps-up-512-down-4000-quic": [
    "91",
    "124",
    "132",
    "159",
    "527",
    "2872",
    "15892",
    "21994",
    "7885",
    "86",
    "127",
    "133",
    "152",
    "817",
    "3185",
    "12473",
    "12481",
    "7727",
    "89",
    "125",
    "132",
    "176",
    "776",
    "4402",
    "6027",
    "12471",
    "7766"
  ],
  "hps-conns-100-quic": [
    "1470",
    "1478",
    "1501"
  ],
  "rps-up-512-down-4000-quic-lat": [
    {
      "Values": [
        91,
        117,
        120,
        121,
        122,
        124,
        124,
        125,
        126,
        127,
        128,
        128,
        129,
        130,
        130,
        131,
        132,
        132,
        133,
        133,
        134,
        135,
        135,
        136,
        137,
        138,
        139,
        140,
        142,
        143,
        146,
        148,
        151,
        155,
        162,
        174,
        180,
        187,
        199,
        217,
        243,
        259,
        279,
        294,
        316,
        344,
        361,
        380,
        416,
        469,
        539,
        591,
        652,
        691,
        739,
        832,
        900,
        994,
        1077,
        1283,
        1436,
        1628,
        1968,
        2259,
        2527,
        2729,
        2843,
        2873,
        3031,
        3093,
        3643,
        3681,
        4037,
        4427,
        4435,
        4499,
        4499,
        4647,
        4647,
        4819,
        4819,
        4819,
        15895,
        15895,
        15895,
        15895,
        15895,
        21999,
        21999
      ],
      "Percentiles": [
        0.0,
        0.1,
        0.2,
        0.3,
        0.4,
        0.5,
        0.55,
        0.6,
        0.65,
        0.7,
        0.75,
        0.775,
        0.8,
        0.825,
        0.85,
        0.875,
        0.8875,
        0.9,
        0.9125,
        0.925,
        0.9375,
        0.94375,
        0.95,
        0.95625,
        0.9625,
        0.96875,
        0.971875,
        0.975,
        0.978125,
        0.98125,
        0.984375,
        0.985938,
        0.9875,
        0.989062,
        0.990625,
        0.992188,
        0.992969,
        0.99375,
        0.994531,
        0.995313,
        0.996094,
        0.996484,
        0.996875,
        0.997266,
        0.997656,
        0.998047,
        0.998242,
        0.998437,
        0.998633,
        0.998828,
        0.999023,
        0.999121,
        0.999219,
        0.999316,
        0.999414,
        0.999512,
        0.999561,
        0.999609,
        0.999658,
        0.999707,
        0.999756,
        0.99978,
        0.999805,
        0.999829,
        0.999854,
        0.999878,
        0.99989,
        0.999902,
        0.999915,
        0.999927,
        0.999939,
        0.999945,
        0.999951,
        0.999957,
        0.999963,
        0.999969,
        0.999973,
        0.999976,
        0.999979,
        0.999982,
        0.999985,
        0.999986,
        0.999988,
        0.999989,
        0.999991,
        0.999992,
        0.999993,
        0.999994,
        1.0
      ]
    },
    {
      "Values": [
        86,
        120,
        123,
        124,
        126,
        127,
        127,
        128,
        128,
        129,
        130,
        130,
        130,
        131,
        132,
        132,
        133,
        133,
        133,
        134,
        135,
        135,
        135,
        136,
        137,
        138,
        138,
        139,
        140,
        141,
        143,
        144,
        146,
        149,
        155,
        165,
        173,
        181,
        191,
        210,
        243,
        261,
        278,
        307,
        337,
        378,
        411,
        461,
        531,
        636,
        830,
        910,
        979,
        1114,
        1303,
        1430,
        1460,
        1474,
        1498,
        1508,
        1561,
        1609,
        1757,
        1960,
        2287,
        2943,
        3113,
        3185,
        3189,
        3537,
        3887,
        4131,
        4299,
        4347,
        4427,
        4651,
        4651,
        4815,
        4815,
        4907,
        4907,
        4907,
        12479,
        12479,
        12479,
        12479,
        12479,
        12487,
        12487
      ],
      "Percentiles": [
        0.0,
        0.1,
        0.2,
        0.3,
        0.4,
        0.5,
        0.55,
        0.6,
        0.65,
        0.7,
        0.75,
        0.775,
        0.8,
        0.825,
        0.85,
        0.875,
        0.8875,
        0.9,
        0.9125,
        0.925,
        0.9375,
        0.94375,
        0.95,
        0.95625,
        0.9625,
        0.96875,
        0.971875,
        0.975,
        0.978125,
        0.98125,
        0.984375,
        0.985938,
        0.9875,
        0.989062,
        0.990625,
        0.992188,
        0.992969,
        0.99375,
        0.994531,
        0.995313,
        0.996094,
        0.996484,
        0.996875,
        0.997266,
        0.997656,
        0.998047,
        0.998242,
        0.998437,
        0.998633,
        0.998828,
        0.999023,
        0.999121,
        0.999219,
        0.999316,
        0.999414,
        0.999512,
        0.999561,
        0.999609,
        0.999658,
        0.999707,
        0.999756,
        0.99978,
        0.999805,
        0.999829,
        0.999854,
        0.999878,
        0.99989,
        0.999902,
        0.999915,
        0.999927,
        0.999939,
        0.999945,
        0.999951,
        0.999957,
        0.999963,
        0.999969,
        0.999973,
        0.999976,
        0.999979,
        0.999982,
        0.999985,
        0.999986,
        0.999988,
        0.999989,
        0.999991,
        0.999992,
        0.999993,
        0.999994,
        1.0
      ]
    },
    {
      "Values": [
        89,
        118,
        121,
        123,
        124,
        125,
        126,
        127,
        127,
        128,
        129,
        129,
        130,
        130,
        131,
        132,
        132,
        132,
        133,
        134,
        134,
        135,
        135,
        136,
        137,
        139,
        139,
        141,
        142,
        144,
        149,
        153,
        160,
        169,
        181,
        200,
        215,
        230,
        244,
        264,
        293,
        314,
        334,
        358,
        401,
        457,
        505,
        553,
        635,
        694,
        790,
        843,
        941,
        1069,
        1156,
        1410,
        1457,
        1782,
        1905,
        2301,
        2601,
        2987,
        3283,
        3561,
        3797,
        4077,
        4167,
        4403,
        4815,
        4867,
        4907,
        4923,
        4923,
        4939,
        4967,
        5131,
        5131,
        5187,
        5187,
        5507,
        5507,
        5507,
        6027,
        6027,
        6027,
        6027,
        6027,
        12471,
        12471
      ],