{
  "os_version": "10.0.27650",
  "rps-up-512-down-4000-quic-lat": [
    {
      "Values": [
        95,
        121,
        123,
        125,
        126,
        127,
        128,
        128,
        129,
        131,
        133,
        135,
        137,
        141,
        148,
        162,
        171,
        177,
        180,
        182,
        184,
        185,
        186,
        187,
        189,
        192,
        194,
        197,
        200,
        204,
        210,
        213,
        218,
        224,
        232,
        245,
        255,
        268,
        286,
        304,
        334,
        353,
        370,
        397,
        431,
        462,
        485,
        515,
        552,
        597,
        655,
        684,
        765,
        878,
        1390,
        1748,
        2013,
        2135,
        2359,
        2595,
        2929,
        3105,
        3335,
        3615,
        3659,
        3895,
        4211,
        4307,
        4475,
        4683,
        4991,
        5031,
        5031,
        5071,
        5115,
        5247,
        5331,
        5331,
        5331,
        6871,
        6871,
        7051,
        7051,
        7051,
        7051,
        7051,
        14327,
        14327
      ],
      "Percentiles": [
        0.0,
        0.1,
        0.2,
        0.3,
        0.4,
        0.5,
        0.55,
        0.6,
        0.65,
        0.7,
        0.75,
        0.775,
        0.8,
        0.825,
        0.85,
        0.875,
        0.8875,
        0.9,
        0.9125,
        0.925,
        0.9375,
        0.94375,
        0.95,
        0.95625,
        0.9625,
        0.96875,
        0.971875,
        0.975,
        0.978125,
        0.98125,
        0.984375,
        0.985938,
        0.9875,
        0.989062,
        0.990625,
        0.992188,
        0.992969,
        0.99375,
        0.994531,
        0.995313,
        0.996094,
        0.996484,
        0.996875,
        0.997266,
        0.997656,
        0.998047,
        0.998242,
        0.998437,
        0.998633,
        0.998828,
        0.999023,
        0.999121,
        0.999219,
        0.999316,
        0.999414,
        0.999512,
        0.999561,
        0.999609,
        0.999658,
        0.999707,
        0.999756,
        0.99978,
        0.999805,
        0.999829,
        0.999854,
        0.999878,
        0.99989,
        0.999902,
        0.999915,
        0.999927,
        0.999939,
        0.999945,
        0.999951,
        0.999957,
        0.999963,
        0.999969,
        0.999973,
        0.999976,
        0.999979,
        0.999982,
        0.999985,
        0.999986,
        0.999988,
        0.999989,
        0.999991,
        0.999992,
        0.999993,
        1.0
      ]
    },
    {
      "Values": [
        94,
        118,
        121,
        122,
        123,
        124,
        124,
        125,
        126,
        127,
        129,
        130,
        132,
        136,
        142,
        160,
        169,
        173,
        178,
        179,
        181,
        182,
        183,
        184,
        186,
        188,
        190,
        192,
        194,
        197,
        202,
        205,
        208,
        212,
        218,
        224,
        228,
        233,
        241,
        251,
        266,
        276,
        288,
        302,
        328,
        359,
        381,
        410,
        445,
        476,
        524,
        557,
        594,
        634,
        716,
        873,
        978,
        1242,
        1446,
        1541,
        1796,
        2069,
        2325,
        2595,
        2995,
        3199,
        3411,
        3567,
        3837,
        4025,
        4123,
        4123,
        4319,
        4491,
        4791,
        4803,
        4803,
        6107,
        6107,
        7435,
        7435,
        7435,
        12367,
        12367,
        12367,
        12367,
        12367,
        12735,
        12735
      ],
      "Percentiles": [
        0.0,
        0.1,
        0.2,
        0.3,
        0.4,
        0.5,
        0.55,
        0.6,
        0.65,
        0.7,
        0.75,
        0.775,
        0.8,
        0.825,
        0.85,
        0.875,
        0.8875,
        0.9,
        0.9125,
        0.925,
        0.9375,
        0.94375,
        0.95,
        0.95625,
        0.9625,
        0.96875,
        0.971875,
        0.975,
        0.978125,
        0.98125,
        0.984375,
        0.985938,
        0.9875,
        0.989062,
        0.990625,
        0.992188,
        0.992969,
        0.99375,
        0.994531,
        0.995313,
        0.996094,
        0.996484,
        0.996875,
        0.997266,
        0.997656,
        0.998047,
        0.998242,
        0.998437,
        0.998633,
        0.998828,
        0.999023,
        0.999121,
        0.999219,
        0.999316,
        0.999414,
        0.999512,
        0.999561,
        0.999609,
        0.999658,
        0.999707,
        0.999756,
        0.99978,
        0.999805,
        0.999829,
        0.999854,
        0.999878,
        0.99989,
        0.999902,
        0.999915,
        0.999927,
        0.999939,
        0.999945,
        0.999951,
        0.999957,
        0.999963,
        0.999969,
        0.999973,
        0.999976,
        0.999979,
        0.999982,
        0.999985,
        0.999986,
        0.999988,
        0.999989,
        0.999991,
        0.999992,
        0.999993,
        0.999994,
        1.0
      ]
    },
    {
      "Values": [
        101,
        121,
        123,
        124,
        125,
        127,
        127,
        128,
        129,
        131,
        133,
        135,
        138,
        142,
        150,
        170,
        175,
        179,
        182,
        183,
        185,
        186,
        187,
        188,
        190,
        193,
        195,
        197,
        200,
        204,
        210,
        214,
        220,
        227,
        237,
        250,
        261,
        274,
        294,
        321,
        357,
        381,
        407,
        436,
        471,
        513,
        539,
        562,
        583,
        605,
        646,
        671,
        714,
        757,
        822,
        1126,
        1412,
        1583,
        1699,
        1966,
        2117,
        2351,
        2477,
        2939,
        3007,
        3451,
        3519,
        3583,
        3663,
        3897,
        3941,
        4013,
        4013,
        4021,
        4559,
        4831,
        4895,
        4895,
        4895,
        5207,
        5207,
        5299,
        5299,
        5299,
        5299,
        5299,
        13223,
        13223
      ],