{
  "hps-quic": [
    "1045",
    "1049",
    "1059"
  ],
  "upload-quic": [
    "9316889",
    "9902534",
    "9649114"
  ],
  "commit": "main",
  "latency-quic-lat": [
    {
      "Values": [
        89,
        113,
        116,
        117,
        117,
        118,
        118,
        118,
        118,
        118,
        119,
        119,
        120,
        121,
        123,
        125,
        127,
        129,
        131,
        134,
        135,
        137,
        138,
        140,
        142,
        145,
        147,
        148,
        150,
        151,
        153,
        154,
        155,
        155,
        156,
        157,
        157,
        158,
        159,
        161,
        162,
        164,
        165,
        167,
        169,
        171,
        173,
        174,
        176,
        178,
        181,
        184,
        187,
        190,
        200,
        225,
        238,
        256,
        274,
        284,
        298,
        302,
        304,
        315,
        320,
        335,
        339,
        349,
        351,
        353,
        367,
        376,
        379,
        383,
        385,
        391,
        398,
        398,
        398,
        398,
        434,
        434,
        434,
        552,
        552,
        552,
        552,
        552,
        9775,
        9775
      ],
      "Percentiles": [
        0.0,
        0.1,
        0.2,
        0.3,
        0.4,
        0.5,
        0.55,
        0.6,
        0.65,
        0.7,
        0.75,
        0.775,
        0.8,
        0.825,
        0.85,
        0.875,
        0.8875,
        0.9,
        0.9125,
        0.925,
        0.9375,
        0.94375,
        0.95,
        0.95625,
        0.9625,
        0.96875,
        0.971875,
        0.975,
        0.978125,
        0.98125,
        0.984375,
        0.985938,
        0.9875,
        0.989062,
        0.990625,
        0.992188,
        0.992969,
        0.99375,
        0.994531,
        0.995313,
        0.996094,
        0.996484,
        0.996875,
        0.997266,
        0.997656,
        0.998047,
        0.998242,
        0.998437,
        0.998633,
        0.998828,
        0.999023,
        0.999121,
        0.999219,
        0.999316,
        0.999414,
        0.999512,
        0.999561,
        0.999609,
        0.999658,
        0.999707,
        0.999756,
        0.99978,
        0.999805,
        0.999829,
        0.999854,
        0.999878,
        0.99989,
        0.999902,
        0.999915,
        0.999927,
        0.999939,
        0.999945,
        0.999951,
        0.999957,
        0.999963,
        0.999969,
        0.999973,
        0.999976,
        0.999979,
        0.999982,
        0.999985,
        0.999986,
        0.999988,
        0.999989,
        0.999991,
        0.999992,
        0.999993,
        0.999994,
        0.999995,
        1.0
      ]
    },
    {
      "Values": [
        89,
        114,
        117,
        118,
        118,
        119,
        119,
        119,
        119,
        119,
        120,
        120,
        120,
        121,
        122,
        124,
        125,
        127,
        128,
        131,
        134,
        135,
        136,
        138,
        140,
        143,
        145,
        147,
        149,
        150,
        152,
        153,
        154,
        155,
        156,
        156,
        157,
        158,
        159,
        160,
        163,
        164,
        165,
        167,
        168,
        171,
        172,
        174,
        175,
        177,
        179,
        181,
        183,
        186,
        192,
        199,
        208,
        220,
        249,
        266,
        286,
        290,
        296,
        298,
        301,
        309,
        312,
        314,
        317,
        321,
        328,
        331,
        341,
        348,
        365,
        419,
        475,
        475,
        506,
        506,
        636,
        636,
        636,
        9639,
        9639,
        9639,
        9639,
        9639,
        9727,
        9727
      ],
      "Percentiles": [
        0.0,
        0.1,
        0.2,
        0.3,
        0.4,
        0.5,
        0.55,
        0.6,
        0.65,
        0.7,
        0.75,
        0.775,
        0.8,
        0.825,
        0.85,
        0.875,
        0.8875,
        0.9,
        0.9125,
        0.925,
        0.9375,
        0.94375,
        0.95,
        0.95625,
        0.9625,
        0.96875,
        0.971875,
        0.975,
        0.978125,
        0.98125,
        0.984375,
        0.985938,
        0.9875,
        0.989062,
        0.990625,
        0.992188,
        0.992969,
        0.99375,
        0.994531,
        0.995313,
        0.996094,
        0.996484,
        0.996875,
        0.997266,
        0.997656,
        0.998047,
        0.998242,
        0.998437,
        0.998633,
        0.998828,
        0.999023,
        0.999121,
        0.999219,
        0.999316,
        0.999414,
        0.999512,
        0.999561,
        0.999609,
        0.999658,
        0.999707,
        0.999756,
        0.99978,
        0.999805,
        0.999829,
        0.999854,
        0.999878,
        0.99989,
        0.999902,
        0.999915,
        0.999927,
        0.999939,
        0.999945,
        0.999951,
        0.999957,
        0.999963,
        0.999969,
        0.999973,
        0.999976,
        0.999979,
        0.999982,
        0.999985,
        0.999986,
        0.999988,
        0.999989,
        0.999991,
        0.999992,
        0.999993,
        0.999994,
        0.999995,
        1.0
      ]
    },
    {
      "Values": [
        87,
        114,
        116,
        117,
        117,
        117,
        118,
        118,
        118,
        119,
        120,
        121,
        123,
        125,
        129,
        133,
        134,
        135,
        136,
        138,
        139,
        140,
        140,
        141,
        143,
        146,
        148,
        149,
        151,
        152,
        153,
        154,
        154,
        155,
        156,
        156,
        157,
        158,
        159,
        160,
        162,
        163,
        165,
        166,
        168,
        171,
        172,
        174,
        175,
        177,
        180,
        182,
        184,
        188,
        194,
        204,
        227,
        236,
        245,
        267,
        285,
        293,
        295,
        308,
        313,
        322,
        328,
        337,
        352,
        360,
        384,
        465,
        471,
        493,
        498,
        605,
        739,
        739,
        790,
        790,
        1234,
        1234,
        1234,
        9711,
        9711,
        9711,
        9711,
        9711,
        9743,
        9743
      ],