{
  "latency-quic-lat": [
    {
      "Values": [
        103,
        122,
        124,
        125,
        127,
        129,
        130,
        131,
        132,
        133,
        133,
        134,
        134,
        135,
        136,
        137,
        138,
        139,
        140,
        142,
        144,
        146,
        147,
        149,
        150,
        152,
        153,
        155,
        156,
        158,
        160,
        161,
        162,
        163,
        165,
        167,
        168,
        169,
        170,
        172,
        174,
        176,
        177,
        179,
        181,
        184,
        185,
        187,
        189,
        192,
        195,
        196,
        201,
        206,
        214,
        239,
        260,
        297,
        305,
        321,
        345,
        353,
        358,
        366,
        374,
        388,
        392,
        408,
        443,
        457,
        487,
        489,
        510,
        561,
        568,
        586,
        586,
        587,
        587,
        729,
        729,
        729,
        1363,
        1363,
        1363,
        1363,
        1363,
        14575,
        14575
      ],
      "Percentiles": [
        0.0,
        0.1,
        0.2,
        0.3,
        0.4,
        0.5,
        0.55,
        0.6,
        0.65,
        0.7,
        0.75,
        0.775,
        0.8,
        0.825,
        0.85,
        0.875,
        0.8875,
        0.9,
        0.9125,
        0.925,
        0.9375,
        0.94375,
        0.95,
        0.95625,
        0.9625,
        0.96875,
        0.971875,
        0.975,
        0.978125,
        0.98125,
        0.984375,
        0.985938,
        0.9875,
        0.989062,
        0.990625,
        0.992188,
        0.992969,
        0.99375,
        0.994531,
        0.995313,
        0.996094,
        0.996484,
        0.996875,
        0.997266,
        0.997656,
        0.998047,
        0.998242,
        0.998437,
        0.998633,
        0.998828,
        0.999023,
        0.999121,
        0.999219,
        0.999316,
        0.999414,
        0.999512,
        0.999561,
        0.999609,
        0.999658,
        0.999707,
        0.999756,
        0.99978,
        0.999805,
        0.999829,
        0.999854,
        0.999878,
        0.99989,
        0.999902,
        0.999915,
        0.999927,
        0.999939,
        0.999945,
        0.999951,
        0.999957,
        0.999963,
        0.999969,
        0.999973,
        0.999976,
        0.999979,
        0.999982,
        0.999985,
        0.999986,
        0.999988,
        0.999989,
        0.999991,
        0.999992,
        0.999993,
        0.999994,
        1.0
      ]
    },
    {
      "Values": [
        101,
        120,
        123,
        124,
        125,
        127,
        128,
        129,
        130,
        131,
        132,
        133,
        133,
        134,
        135,
        136,
        137,
        138,
        139,
        141,
        143,
        144,
        145,
        147,
        149,
        150,
        151,
        152,
        154,
        155,
        157,
        159,
        160,
        161,
        163,
        164,
        165,
        167,
        168,
        170,
        172,
        174,
        175,
        177,
        179,
        181,
        183,
        185,
        188,
        191,
        196,
        199,
        203,
        210,
        219,
        283,
        314,
        333,
        345,
        356,
        369,
        375,
        377,
        380,
        388,
        408,
        414,
        416,
        424,
        430,
        434,
        454,
        588,
        754,
        780,
        806,
        806,
        1414,
        1414,
        11751,
        11751,
        11751,
        11791,
        11791,
        11791,
        11791,
        11791,
        16831,
        16831
      ],
      "Percentiles": [
        0.0,
        0.1,
        0.2,
        0.3,
        0.4,
        0.5,
        0.55,
        0.6,
        0.65,
        0.7,
        0.75,
        0.775,
        0.8,
        0.825,
        0.85,
        0.875,
        0.8875,
        0.9,
        0.9125,
        0.925,
        0.9375,
        0.94375,
        0.95,
        0.95625,
        0.9625,
        0.96875,
        0.971875,
        0.975,
        0.978125,
        0.98125,
        0.984375,
        0.985938,
        0.9875,
        0.989062,
        0.990625,
        0.992188,
        0.992969,
        0.99375,
        0.994531,
        0.995313,
        0.996094,
        0.996484,
        0.996875,
        0.997266,
        0.997656,
        0.998047,
        0.998242,
        0.998437,
        0.998633,
        0.998828,
        0.999023,
        0.999121,
        0.999219,
        0.999316,
        0.999414,
        0.999512,
        0.999561,
        0.999609,
        0.999658,
        0.999707,
        0.999756,
        0.99978,
        0.999805,
        0.999829,
        0.999854,
        0.999878,
        0.99989,
        0.999902,
        0.999915,
        0.999927,
        0.999939,
        0.999945,
        0.999951,
        0.999957,
        0.999963,
        0.999969,
        0.999973,
        0.999976,
        0.999979,
        0.999982,
        0.999985,
        0.999986,
        0.999988,
        0.999989,
        0.999991,
        0.999992,
        0.999993,
        0.999994,
        1.0
      ]
    },
    {
      "Values": [
        99,
        121,
        123,
        124,
        126,
        127,
        129,
        130,
        131,
        131,
        132,
        133,
        133,
        133,
        134,
        135,
        135,
        136,
        137,
        138,
        140,
        141,
        142,
        143,
        145,
        147,
        148,
        149,
        151,
        152,
        154,
        155,
        157,
        158,
        160,
        162,
        164,
        165,
        166,
        168,
        171,
        172,
        174,
        176,
        179,
        182,
        184,
        187,
        189,
        192,
        198,
        205,
        213,
        239,
        285,
        324,
        338,
        346,
        355,
        359,
        369,
        377,
        380,
        388,
        418,
        439,
        442,
        463,
        485,
        568,
        643,
        714,
        733,
        797,
        797,
        851,
        851,
        883,
        883,
        900,
        900,
        900,
        11743,
        11743,
        11743,
        11743,
        11743,
        12183,
        12183
      ],