{
  "latency-quic-lat": [
    {
      "Values": [
        99,
        118,
        120,
        121,
        123,
        125,
        126,
        126,
        127,
        128,
        129,
        129,
        129,
        130,
        131,
        132,
        132,
        133,
        134,
        136,
        138,
        139,
        140,
        141,
        143,
        145,
        146,
        147,
        149,
        150,
        152,
        153,
        154,
        155,
        157,
        159,
        160,
        161,
        162,
        163,
        165,
        166,
        168,
        169,
        171,
        173,
        174,
        175,
        177,
        179,
        183,
        185,
        187,
        191,
        196,
        203,
        211,
        221,
        227,
        306,
        323,
        342,
        358,
        369,
        375,
        392,
        395,
        399,
        406,
        436,
        449,
        451,
        471,
        483,
        490,
        500,
        500,
        507,
        507,
        510,
        510,
        510,
        637,
        637,
        637,
        637,
        637,
        11927,
        11927
      ],
      "Percentiles": [
        0.0,
        0.1,
        0.2,
        0.3,
        0.4,
        0.5,
        0.55,
        0.6,
        0.65,
        0.7,
        0.75,
        0.775,
        0.8,
        0.825,
        0.85,
        0.875,
        0.8875,
        0.9,
        0.9125,
        0.925,
        0.9375,
        0.94375,
        0.95,
        0.95625,
        0.9625,
        0.96875,
        0.971875,
        0.975,
        0.978125,
        0.98125,
        0.984375,
        0.985938,
        0.9875,
        0.989062,
        0.990625,
        0.992188,
        0.992969,
        0.99375,
        0.994531,
        0.995313,
        0.996094,
        0.996484,
        0.996875,
        0.997266,
        0.997656,
        0.998047,
        0.998242,
        0.998437,
        0.998633,
        0.998828,
        0.999023,
        0.999121,
        0.999219,
        0.999316,
        0.999414,
        0.999512,
        0.999561,
        0.999609,
        0.999658,
        0.999707,
        0.999756,
        0.99978,
        0.999805,
        0.999829,
        0.999854,
        0.999878,
        0.99989,
        0.999902,
        0.999915,
        0.999927,
        0.999939,
        0.999945,
        0.999951,
        0.999957,
        0.999963,
        0.999969,
        0.999973,
        0.999976,
        0.999979,
        0.999982,
        0.999985,
        0.999986,
        0.999988,
        0.999989,
        0.999991,
        0.999992,
        0.999993,
        0.999994,
        1.0
      ]
    },
    {
      "Values": [
        96,
        117,
        119,
        121,
        122,
        124,
        125,
        126,
        127,
        128,
        128,
        129,
        129,
        130,
        131,
        132,
        132,
        133,
        134,
        136,
        138,
        139,
        140,
        142,
        143,
        145,
        146,
        148,
        149,
        150,
        152,
        153,
        154,
        156,
        157,
        159,
        160,
        161,
        163,
        165,
        167,
        168,
        170,
        172,
        174,
        176,
        178,
        180,
        182,
        187,
        191,
        194,
        200,
        207,
        228,
        286,
        299,
        314,
        328,
        345,
        363,
        373,
        383,
        413,
        426,
        439,
        443,
        452,
        477,
        500,
        518,
        537,
        594,
        655,
        813,
        946,
        946,
        1303,
        1303,
        1362,
        1362,
        1362,
        11663,
        11663,
        11663,
        11663,
        11663,
        11711,
        11711
      ],
      "Percentiles": [
        0.0,
        0.1,
        0.2,
        0.3,
        0.4,
        0.5,
        0.55,
        0.6,
        0.65,
        0.7,
        0.75,
        0.775,
        0.8,
        0.825,
        0.85,
        0.875,
        0.8875,
        0.9,
        0.9125,
        0.925,
        0.9375,
        0.94375,
        0.95,
        0.95625,
        0.9625,
        0.96875,
        0.971875,
        0.975,
        0.978125,
        0.98125,
        0.984375,
        0.985938,
        0.9875,
        0.989062,
        0.990625,
        0.992188,
        0.992969,
        0.99375,
        0.994531,
        0.995313,
        0.996094,
        0.996484,
        0.996875,
        0.997266,
        0.997656,
        0.998047,
        0.998242,
        0.998437,
        0.998633,
        0.998828,
        0.999023,
        0.999121,
        0.999219,
        0.999316,
        0.999414,
        0.999512,
        0.999561,
        0.999609,
        0.999658,
        0.999707,
        0.999756,
        0.99978,
        0.999805,
        0.999829,
        0.999854,
        0.999878,
        0.99989,
        0.999902,
        0.999915,
        0.999927,
        0.999939,
        0.999945,
        0.999951,
        0.999957,
        0.999963,
        0.999969,
        0.999973,
        0.999976,
        0.999979,
        0.999982,
        0.999985,
        0.999986,
        0.999988,
        0.999989,
        0.999991,
        0.999992,
        0.999993,
        0.999994,
        1.0
      ]
    },
    {
      "Values": [
        95,
        117,
        119,
        121,
        122,
        124,
        125,
        126,
        127,
        128,
        129,
        129,
        130,
        130,
        131,
        132,
        132,
        133,
        134,
        136,
        138,
        139,
        140,
        142,
        143,
        145,
        146,
        147,
        148,
        150,
        152,
        153,
        154,
        155,
        157,
        158,
        159,
        161,
        162,
        164,
        166,
        167,
        168,
        170,
        173,
        175,
        176,
        179,
        181,
        184,
        188,
        190,
        194,
        204,
        215,
        244,
        281,
        296,
        311,
        325,
        338,
        349,
        354,
        362,
        372,
        379,
        387,
        404,
        441,
        453,
        462,
        488,
        504,
        542,
        573,
        639,
        639,
        659,
        659,
        664,
        664,
        664,
        11831,
        11831,
        11831,
        11831,
        11831,
        12111,
        12111
      ],