{
  "download-quic": [
    "10360281",
    "11250110",
    "11660066"
  ],
  "hps-quic": [
    "1019",
    "1031",
    "1032"
  ],
  "commit": "d46ad00c1fde3644530926cd0c0212d83f3ea98d",
  "rps-multi-quic": [
    "3828",
    "35568",
    "45503",
    "53977",
    "63810",
    "85203",
    "96240",
    "99567",
    "176796",
    "739",
    "34521",
    "43583",
    "51084",
    "63748",
    "80079",
    "87896",
    "93016",
    "183109",
    "614",
    "33826",
    "46092",
    "57394",
    "69118",
    "82447",
    "89281",
    "92808",
    "183065"
  ],
  "latency-quic-lat": [
    {
      "Values": [
        91,
        118,
        120,
        121,
        122,
        123,
        124,
        125,
        126,
        127,
        128,
        128,
        129,
        130,
        130,
        131,
        132,
        132,
        133,
        134,
        136,
        137,
        138,
        140,
        141,
        143,
        145,
        146,
        147,
        149,
        151,
        152,
        154,
        155,
        157,
        159,
        161,
        162,
        164,
        166,
        168,
        170,
        171,
        173,
        175,
        178,
        179,
        181,
        184,
        188,
        191,
        194,
        198,
        204,
        210,
        216,
        228,
        242,
        266,
        297,
        310,
        319,
        331,
        339,
        350,
        355,
        358,
        367,
        374,
        381,
        413,
        415,
        415,
        450,
        484,
        499,
        499,
        512,
        512,
        528,
        528,
        528,
        733,
        733,
        733,
        733,
        733,
        12839,
        12839
      ],
      "Percentiles": [
        0.0,
        0.1,
        0.2,
        0.3,
        0.4,
        0.5,
        0.55,
        0.6,
        0.65,
        0.7,
        0.75,
        0.775,
        0.8,
        0.825,
        0.85,
        0.875,
        0.8875,
        0.9,
        0.9125,
        0.925,
        0.9375,
        0.94375,
        0.95,
        0.95625,
        0.9625,
        0.96875,
        0.971875,
        0.975,
        0.978125,
        0.98125,
        0.984375,
        0.985938,
        0.9875,
        0.989062,
        0.990625,
        0.992188,
        0.992969,
        0.99375,
        0.994531,
        0.995313,
        0.996094,
        0.996484,
        0.996875,
        0.997266,
        0.997656,
        0.998047,
        0.998242,
        0.998437,
        0.998633,
        0.998828,
        0.999023,
        0.999121,
        0.999219,
        0.999316,
        0.999414,
        0.999512,
        0.999561,
        0.999609,
        0.999658,
        0.999707,
        0.999756,
        0.99978,
        0.999805,
        0.999829,
        0.999854,
        0.999878,
        0.99989,
        0.999902,
        0.999915,
        0.999927,
        0.999939,
        0.999945,
        0.999951,
        0.999957,
        0.999963,
        0.999969,
        0.999973,
        0.999976,
        0.999979,
        0.999982,
        0.999985,
        0.999986,
        0.999988,
        0.999989,
        0.999991,
        0.999992,
        0.999993,
        0.999994,
        1.0
      ]
    },
    {
      "Values": [
        94,
        118,
        120,
        124,
        127,
        130,
        131,
        133,
        135,
        137,
        139,
        140,
        141,
        142,
        143,
        145,
        145,
        146,
        147,
        148,
        149,
        150,
        150,
        151,
        151,
        152,
        153,
        154,
        154,
        155,
        157,
        158,
        158,
        159,
        161,
        162,
        163,
        164,
        165,
        167,
        169,
        171,
        172,
        174,
        176,
        178,
        180,
        182,
        186,
        190,
        196,
        202,
        214,
        225,
        231,
        242,
        257,
        271,
        292,
        305,
        318,
        331,
        343,
        350,
        354,
        369,
        375,
        380,
        391,
        397,
        434,
        436,
        436,
        480,
        490,
        726,
        726,
        1079,
        1079,
        1475,
        1475,
        1475,
        12247,
        12247,
        12247,
        12247,
        12247,
        12351,
        12351
      ],
      "Percentiles": [
        0.0,
        0.1,
        0.2,
        0.3,
        0.4,
        0.5,
        0.55,
        0.6,
        0.65,
        0.7,
        0.75,
        0.775,
        0.8,
        0.825,
        0.85,
        0.875,
        0.8875,
        0.9,
        0.9125,
        0.925,
        0.9375,
        0.94375,
        0.95,
        0.95625,
        0.9625,
        0.96875,
        0.971875,
        0.975,
        0.978125,
        0.98125,
        0.984375,
        0.985938,
        0.9875,
        0.989062,
        0.990625,
        0.992188,
        0.992969,
        0.99375,
        0.994531,
        0.995313,
        0.996094,
        0.996484,
        0.996875,
        0.997266,
        0.997656,
        0.998047,
        0.998242,
        0.998437,
        0.998633,
        0.998828,
        0.999023,
        0.999121,
        0.999219,
        0.999316,
        0.999414,
        0.999512,
        0.999561,
        0.999609,
        0.999658,
        0.999707,
        0.999756,
        0.99978,
        0.999805,
        0.999829,
        0.999854,
        0.999878,
        0.99989,
        0.999902,
        0.999915,
        0.999927,
        0.999939,
        0.999945,
        0.999951,
        0.999957,
        0.999963,
        0.999969,
        0.999973,
        0.999976,
        0.999979,
        0.999982,
        0.999985,
        0.999986,
        0.999988,
        0.999989,
        0.999991,
        0.999992,
        0.999993,
        0.999994,
        1.0
      ]
    },
    {
      "Values": [
        94,
        118,
        120,
        121,
        123,
        124,
        125,
        126,
        127,
        128,
        129,
        129,
        130,
        130,
        131,
        132,
        133,
        134,
        135,
        137,
        139,
        140,
        142,
        144,
        145,
        147,
        149,
        150,
        152,
        153,
        155,
        157,
        158,
        159,
        161,
        163,
        164,
        165,
        166,
        168,
        170,
        172,
        174,
        175,
        177,
        180,
        181,
        184,
        187,
        190,
        194,
        197,
        202,
        209,
        240,
        277,
        302,
        310,
        323,
        331,
        341,
        349,
        355,
        361,
        362,
        363,
        367,
        370,
        384,
        401,
        461,
        470,
        481,
        486,
        658,
        691,
        691,
        718,
        718,
        1006,
        1006,
        1006,
        1730,
        1730,
        1730,
        1730,
        1730,
        11999,
        11999
      ],