{
  "commit": "3ba12e04436e903a5445708b4c7ed6ff8795abfb",
  "latency-quic-lat": [
    {
      "Values": [
        149,
        171,
        175,
        178,
        180,
        182,
        184,
        185,
        186,
        188,
        190,
        191,
        192,
        193,
        194,
        196,
        197,
        198,
        200,
        202,
        204,
        205,
        207,
        208,
        210,
        212,
        213,
        215,
        217,
        220,
        223,
        225,
        227,
        229,
        232,
        235,
        237,
        239,
        241,
        244,
        246,
        248,
        250,
        253,
        256,
        259,
        261,
        264,
        268,
        270,
        275,
        277,
        282,
        287,
        293,
        298,
        300,
        308,
        315,
        324,
        342,
        349,
        370,
        380,
        398,
        401,
        405,
        407,
        421,
        431,
        442,
        461,
        461,
        473,
        477,
        477,
        539,
        539,
        539,
        966,
        966,
        966,
        966,
        966,
        12023,
        12023
      ],
      "Percentiles": [
        0.0,
        0.1,
        0.2,
        0.3,
        0.4,
        0.5,
        0.55,
        0.6,
        0.65,
        0.7,
        0.75,
        0.775,
        0.8,
        0.825,
        0.85,
        0.875,
        0.8875,
        0.9,
        0.9125,
        0.925,
        0.9375,
        0.94375,
        0.95,
        0.95625,
        0.9625,
        0.96875,
        0.971875,
        0.975,
        0.978125,
        0.98125,
        0.984375,
        0.985938,
        0.9875,
        0.989062,
        0.990625,
        0.992188,
        0.992969,
        0.99375,
        0.994531,
        0.995313,
        0.996094,
        0.996484,
        0.996875,
        0.997266,
        0.997656,
        0.998047,
        0.998242,
        0.998437,
        0.998633,
        0.998828,
        0.999023,
        0.999121,
        0.999219,
        0.999316,
        0.999414,
        0.999512,
        0.999561,
        0.999609,
        0.999658,
        0.999707,
        0.999756,
        0.99978,
        0.999805,
        0.999829,
        0.999854,
        0.999878,
        0.99989,
        0.999902,
        0.999915,
        0.999927,
        0.999939,
        0.999945,
        0.999951,
        0.999957,
        0.999963,
        0.999969,
        0.999973,
        0.999976,
        0.999979,
        0.999982,
        0.999985,
        0.999986,
        0.999988,
        0.999989,
        0.999991,
        1.0
      ]
    },
    {
      "Values": [
        147,
        171,
        174,
        177,
        180,
        182,
        183,
        185,
        186,
        188,
        189,
        190,
        191,
        192,
        193,
        195,
        196,
        197,
        199,
        201,
        203,
        204,
        206,
        207,
        209,
        211,
        212,
        214,
        216,
        218,
        221,
        223,
        224,
        226,
        229,
        232,
        234,
        236,
        238,
        241,
        244,
        246,
        248,
        251,
        254,
        257,
        259,
        261,
        263,
        266,
        270,
        272,
        275,
        278,
        282,
        287,
        289,
        292,
        296,
        303,
        313,
        322,
        325,
        341,
        356,
        365,
        378,
        385,
        391,
        399,
        401,
        460,
        460,
        463,
        575,
        575,
        578,
        578,
        578,
        908,
        908,
        908,
        908,
        908,
        12311,
        12311
      ],
      "Percentiles": [
        0.0,
        0.1,
        0.2,
        0.3,
        0.4,
        0.5,
        0.55,
        0.6,
        0.65,
        0.7,
        0.75,
        0.775,
        0.8,
        0.825,
        0.85,
        0.875,
        0.8875,
        0.9,
        0.9125,
        0.925,
        0.9375,
        0.94375,
        0.95,
        0.95625,
        0.9625,
        0.96875,
        0.971875,
        0.975,
        0.978125,
        0.98125,
        0.984375,
        0.985938,
        0.9875,
        0.989062,
        0.990625,
        0.992188,
        0.992969,
        0.99375,
        0.994531,
        0.995313,
        0.996094,
        0.996484,
        0.996875,
        0.997266,
        0.997656,
        0.998047,
        0.998242,
        0.998437,
        0.998633,
        0.998828,
        0.999023,
        0.999121,
        0.999219,
        0.999316,
        0.999414,
        0.999512,
        0.999561,
        0.999609,
        0.999658,
        0.999707,
        0.999756,
        0.99978,
        0.999805,
        0.999829,
        0.999854,
        0.999878,
        0.99989,
        0.999902,
        0.999915,
        0.999927,
        0.999939,
        0.999945,
        0.999951,
        0.999957,
        0.999963,
        0.999969,
        0.999973,
        0.999976,
        0.999979,
        0.999982,
        0.999985,
        0.999986,
        0.999988,
        0.999989,
        0.999991,
        1.0
      ]
    },
    {
      "Values": [
        144,
        166,
        169,
        171,
        174,
        176,
        177,
        178,
        179,
        181,
        182,
        183,
        185,
        186,
        187,
        189,
        190,
        191,
        192,
        193,
        196,
        197,
        199,
        201,
        204,
        207,
        209,
        211,
        213,
        215,
        218,
        219,
        221,
        223,
        226,
        228,
        230,
        232,
        234,
        237,
        239,
        242,
        244,
        247,
        250,
        254,
        256,
        259,
        262,
        265,
        268,
        272,
        274,
        279,
        282,
        287,
        293,
        297,
        302,
        305,
        310,
        315,
        318,
        327,
        337,
        345,
        364,
        374,
        380,
        400,
        405,
        405,
        452,
        524,
        524,
        572,
        572,
        820,
        820,
        820,
        1019,
        1019,
        1019,
        1019,
        1019,
        12071,
        12071
      ],