{
  "commit": "main",
  "upload-quic": [
    "7260034",
    "8409018",
    "8615747"
  ],
  "latency-quic-lat": [
    {
      "Values": [
        100,
        123,
        124,
        126,
        128,
        130,
        131,
        131,
        132,
        133,
        133,
        134,
        135,
        135,
        137,
        139,
        140,
        141,
        143,
        144,
        146,
        148,
        149,
        150,
        152,
        153,
        154,
        155,
        157,
        158,
        160,
        161,
        163,
        164,
        166,
        168,
        169,
        170,
        172,
        174,
        176,
        177,
        179,
        181,
        183,
        186,
        188,
        190,
        192,
        196,
        200,
        202,
        209,
        216,
        236,
        286,
        301,
        314,
        324,
        338,
        354,
        356,
        370,
        374,
        383,
        400,
        407,
        421,
        448,
        448,
        457,
        471,
        524,
        548,
        632,
        735,
        735,
        897,
        897,
        1002,
        1002,
        1002,
        1045,
        1045,
        1045,
        1045,
        1045,
        14399,
        14399
      ],
      "Percentiles": [
        0.0,
        0.1,
        0.2,
        0.3,
        0.4,
        0.5,
        0.55,
        0.6,
        0.65,
        0.7,
        0.75,
        0.775,
        0.8,
        0.825,
        0.85,
        0.875,
        0.8875,
        0.9,
        0.9125,
        0.925,
        0.9375,
        0.94375,
        0.95,
        0.95625,
        0.9625,
        0.96875,
        0.971875,
        0.975,
        0.978125,
        0.98125,
        0.984375,
        0.985938,
        0.9875,
        0.989062,
        0.990625,
        0.992188,
        0.992969,
        0.99375,
        0.994531,
        0.995313,
        0.996094,
        0.996484,
        0.996875,
        0.997266,
        0.997656,
        0.998047,
        0.998242,
        0.998437,
        0.998633,
        0.998828,
        0.999023,
        0.999121,
        0.999219,
        0.999316,
        0.999414,
        0.999512,
        0.999561,
        0.999609,
        0.999658,
        0.999707,
        0.999756,
        0.99978,
        0.999805,
        0.999829,
        0.999854,
        0.999878,
        0.99989,
        0.999902,
        0.999915,
        0.999927,
        0.999939,
        0.999945,
        0.999951,
        0.999957,
        0.999963,
        0.999969,
        0.999973,
        0.999976,
        0.999979,
        0.999982,
        0.999985,
        0.999986,
        0.999988,
        0.999989,
        0.999991,
        0.999992,
        0.999993,
        0.999994,
        1.0
      ]
    },
    {
      "Values": [
        98,
        122,
        124,
        125,
        127,
        128,
        129,
        131,
        132,
        132,
        133,
        134,
        134,
        135,
        136,
        138,
        139,
        140,
        142,
        143,
        145,
        146,
        147,
        149,
        150,
        152,
        153,
        154,
        155,
        157,
        159,
        160,
        161,
        163,
        165,
        167,
        168,
        170,
        171,
        173,
        176,
        177,
        178,
        180,
        182,
        185,
        187,
        189,
        191,
        194,
        200,
        202,
        209,
        217,
        240,
        293,
        306,
        321,
        335,
        343,
        365,
        370,
        376,
        387,
        390,
        409,
        424,
        430,
        432,
        466,
        603,
        662,
        760,
        802,
        806,
        992,
        992,
        1410,
        1410,
        1550,
        1550,
        1550,
        11839,
        11839,
        11839,
        11839,
        11839,
        12199,
        12199
      ],
      "Percentiles": [
        0.0,
        0.1,
        0.2,
        0.3,
        0.4,
        0.5,
        0.55,
        0.6,
        0.65,
        0.7,
        0.75,
        0.775,
        0.8,
        0.825,
        0.85,
        0.875,
        0.8875,
        0.9,
        0.9125,
        0.925,
        0.9375,
        0.94375,
        0.95,
        0.95625,
        0.9625,
        0.96875,
        0.971875,
        0.975,
        0.978125,
        0.98125,
        0.984375,
        0.985938,
        0.9875,
        0.989062,
        0.990625,
        0.992188,
        0.992969,
        0.99375,
        0.994531,
        0.995313,
        0.996094,
        0.996484,
        0.996875,
        0.997266,
        0.997656,
        0.998047,
        0.998242,
        0.998437,
        0.998633,
        0.998828,
        0.999023,
        0.999121,
        0.999219,
        0.999316,
        0.999414,
        0.999512,
        0.999561,
        0.999609,
        0.999658,
        0.999707,
        0.999756,
        0.99978,
        0.999805,
        0.999829,
        0.999854,
        0.999878,
        0.99989,
        0.999902,
        0.999915,
        0.999927,
        0.999939,
        0.999945,
        0.999951,
        0.999957,
        0.999963,
        0.999969,
        0.999973,
        0.999976,
        0.999979,
        0.999982,
        0.999985,
        0.999986,
        0.999988,
        0.999989,
        0.999991,
        0.999992,
        0.999993,
        0.999994,
        1.0
      ]
    },
    {
      "Values": [
        103,
        123,
        124,
        125,
        126,
        128,
        130,
        131,
        131,
        132,
        133,
        134,
        134,
        135,
        136,
        138,
        139,
        140,
        141,
        143,
        145,
        146,
        147,
        148,
        149,
        151,
        152,
        153,
        154,
        156,
        158,
        159,
        160,
        161,
        163,
        164,
        165,
        166,
        168,
        169,
        171,
        172,
        173,
        174,
        176,
        179,
        180,
        182,
        184,
        187,
        190,
        195,
        199,
        204,
        209,
        225,
        254,
        293,
        315,
        338,
        350,
        362,
        366,
        383,
        403,
        418,
        428,
        457,
        467,
        518,
        570,
        640,
        650,
        694,
        821,
        838,
        838,
        852,
        852,
        1043,
        1043,
        1043,
        11695,
        11695,
        11695,
        11695,
        11695,
        14919,
        14919
      ],