{
  "tput-down-quic-regression": {
    "BestResult": 1834642.3333333333,
    "CumulativeResult": 4886117,
    "BestResultCommit": "main",
    "Baseline": 1284249.6333333333,
    "HasRegression": false,
    "AggregateFunction": "AVG"
  },
  "rps-up-512-down-4000-quic-lat": [
    {
      "Values": [
        98,
        114,
        116,
        117,
        118,
        119,
        120,
        121,
        123,
        125,
        128,
        130,
        134,
        140,
        149,
        161,
        166,
        170,
        172,
        174,
        176,
        178,
        180,
        183,
        188,
        195,
        199,
        205,
        211,
        219,
        230,
        237,
        243,
        253,
        268,
        288,
        299,
        310,
        329,
        356,
        390,
        421,
        452,
        487,
        543,
        631,
        684,
        758,
        884,
        1062,
        1454,
        1498,
        1548,
        1609,
        1708,
        1901,
        2025,
        2241,
        2345,
        2481,
        2677,
        2759,
        2835,
        2911,
        3085,
        3267,
        3571,
        3599,
        3619,
        3703,
        3789,
        3927,
        4053,
        4147,
        4555,
        4611,
        4611,
        4711,
        4711,
        4747,
        4747,
        4747,
        4779,
        4779,
        4779,
        4779,
        4779,
        5131,
        5131
      ],
      "Percentiles": [
        0.0,
        0.1,
        0.2,
        0.3,
        0.4,
        0.5,
        0.55,
        0.6,
        0.65,
        0.7,
        0.75,
        0.775,
        0.8,
        0.825,
        0.85,
        0.875,
        0.8875,
        0.9,
        0.9125,
        0.925,
        0.9375,
        0.94375,
        0.95,
        0.95625,
        0.9625,
        0.96875,
        0.971875,
        0.975,
        0.978125,
        0.98125,
        0.984375,
        0.985938,
        0.9875,
        0.989062,
        0.990625,
        0.992188,
        0.992969,
        0.99375,
        0.994531,
        0.995313,
        0.996094,
        0.996484,
        0.996875,
        0.997266,
        0.997656,
        0.998047,
        0.998242,
        0.998437,
        0.998633,
        0.998828,
        0.999023,
        0.999121,
        0.999219,
        0.999316,
        0.999414,
        0.999512,
        0.999561,
        0.999609,
        0.999658,
        0.999707,
        0.999756,
        0.99978,
        0.999805,
        0.999829,
        0.999854,
        0.999878,
        0.99989,
        0.999902,
        0.999915,
        0.999927,
        0.999939,
        0.999945,
        0.999951,
        0.999957,
        0.999963,
        0.999969,
        0.999973,
        0.999976,
        0.999979,
        0.999982,
        0.999985,
        0.999986,
        0.999988,
        0.999989,
        0.999991,
        0.999992,
        0.999993,
        0.999994,
        1.0
      ]
    },
    {
      "Values": [
        95,
        113,
        115,
        116,
        117,
        118,
        118,
        119,
        119,
        120,
        122,
        123,
        124,
        125,
        126,
        129,
        131,
        134,
        140,
        151,
        164,
        169,
        172,
        173,
        175,
        178,
        180,
        183,
        188,
        195,
        206,
        213,
        219,
        224,
        234,
        246,
        255,
        269,
        286,
        305,
        332,
        354,
        392,
        427,
        462,
        525,
        563,
        617,
        691,
        861,
        1035,
        1187,
        1524,
        1677,
        1911,
        2253,
        2343,
        2435,
        2691,
        2775,
        3031,
        3189,
        3403,
        3485,
        3643,
        4139,
        4259,
        4619,
        4635,
        4787,
        5007,
        5051,
        5087,
        5171,
        5191,
        5219,
        5219,
        5391,
        5391,
        5459,
        5459,
        5459,
        6623,
        6623,
        6623,
        6623,
        6623,
        6823,
        6823
      ],
      "Percentiles": [
        0.0,
        0.1,
        0.2,
        0.3,
        0.4,
        0.5,
        0.55,
        0.6,
        0.65,
        0.7,
        0.75,
        0.775,
        0.8,
        0.825,
        0.85,
        0.875,
        0.8875,
        0.9,
        0.9125,
        0.925,
        0.9375,
        0.94375,
        0.95,
        0.95625,
        0.9625,
        0.96875,
        0.971875,
        0.975,
        0.978125,
        0.98125,
        0.984375,
        0.985938,
        0.9875,
        0.989062,
        0.990625,
        0.992188,
        0.992969,
        0.99375,
        0.994531,
        0.995313,
        0.996094,
        0.996484,
        0.996875,
        0.997266,
        0.997656,
        0.998047,
        0.998242,
        0.998437,
        0.998633,
        0.998828,
        0.999023,
        0.999121,
        0.999219,
        0.999316,
        0.999414,
        0.999512,
        0.999561,
        0.999609,
        0.999658,
        0.999707,
        0.999756,
        0.99978,
        0.999805,
        0.999829,
        0.999854,
        0.999878,
        0.99989,
        0.999902,
        0.999915,
        0.999927,
        0.999939,
        0.999945,
        0.999951,
        0.999957,
        0.999963,
        0.999969,
        0.999973,
        0.999976,
        0.999979,
        0.999982,
        0.999985,
        0.999986,
        0.999988,
        0.999989,
        0.999991,
        0.999992,
        0.999993,
        0.999994,
        1.0
      ]
    },
    {
      "Values": [
        85,
        112,
        115,
        117,
        118,
        119,
        119,
        120,
        121,
        123,
        124,
        125,
        127,
        129,
        132,
        139,
        145,
        154,
        163,
        170,
        174,
        175,
        176,
        178,
        182,
        188,
        192,
        197,
        205,
        215,
        227,
        233,
        242,
        255,
        274,
        300,
        317,
        344,
        377,
        441,
        535,
        605,
        711,
        904,
        1286,
        1890,
        2245,
        2599,
        3101,
        3937,
        4579,
        4795,
        4871,
        4903,
        4927,
        4963,
        4975,
        4987,
        5007,
        5023,
        5043,
        5051,
        5055,
        5063,
        5083,
        5123,
        5131,
        5135,
        5143,
        5187,
        5219,
        5219,
        5219,
        5243,
        5303,
        5959,
        5959,
        6375,
        6375,
        8215,
        8215,
        8215,
        8919,
        8919,
        8919,
        8919,
        8919,
        10439,
        10439
      ],