{
  "latency-quic-lat": [
    {
      "Values": [
        94,
        114,
        119,
        123,
        124,
        125,
        126,
        126,
        127,
        128,
        130,
        131,
        132,
        134,
        135,
        137,
        139,
        140,
        142,
        144,
        146,
        148,
        149,
        151,
        153,
        155,
        157,
        158,
        160,
        161,
        164,
        165,
        167,
        169,
        171,
        173,
        174,
        176,
        178,
        180,
        183,
        184,
        186,
        188,
        190,
        193,
        195,
        197,
        201,
        205,
        211,
        217,
        233,
        272,
        309,
        327,
        334,
        342,
        346,
        351,
        369,
        375,
        384,
        397,
        417,
        430,
        434,
        442,
        464,
        616,
        931,
        959,
        1016,
        1202,
        1605,
        1925,
        1925,
        2063,
        2063,
        2431,
        2431,
        2431,
        2939,
        2939,
        2939,
        2939,
        2939,
        3579,
        3579
      ],
      "Percentiles": [
        0.0,
        0.1,
        0.2,
        0.3,
        0.4,
        0.5,
        0.55,
        0.6,
        0.65,
        0.7,
        0.75,
        0.775,
        0.8,
        0.825,
        0.85,
        0.875,
        0.8875,
        0.9,
        0.9125,
        0.925,
        0.9375,
        0.94375,
        0.95,
        0.95625,
        0.9625,
        0.96875,
        0.971875,
        0.975,
        0.978125,
        0.98125,
        0.984375,
        0.985938,
        0.9875,
        0.989062,
        0.990625,
        0.992188,
        0.992969,
        0.99375,
        0.994531,
        0.995313,
        0.996094,
        0.996484,
        0.996875,
        0.997266,
        0.997656,
        0.998047,
        0.998242,
        0.998437,
        0.998633,
        0.998828,
        0.999023,
        0.999121,
        0.999219,
        0.999316,
        0.999414,
        0.999512,
        0.999561,
        0.999609,
        0.999658,
        0.999707,
        0.999756,
        0.99978,
        0.999805,
        0.999829,
        0.999854,
        0.999878,
        0.99989,
        0.999902,
        0.999915,
        0.999927,
        0.999939,
        0.999945,
        0.999951,
        0.999957,
        0.999963,
        0.999969,
        0.999973,
        0.999976,
        0.999979,
        0.999982,
        0.999985,
        0.999986,
        0.999988,
        0.999989,
        0.999991,
        0.999992,
        0.999993,
        0.999994,
        1.0
      ]
    },
    {
      "Values": [
        89,
        119,
        123,
        126,
        128,
        130,
        131,
        132,
        133,
        135,
        137,
        138,
        139,
        141,
        143,
        145,
        146,
        148,
        149,
        151,
        154,
        155,
        156,
        158,
        160,
        162,
        164,
        165,
        167,
        169,
        171,
        173,
        175,
        176,
        179,
        181,
        183,
        184,
        187,
        190,
        193,
        196,
        198,
        202,
        206,
        216,
        224,
        240,
        259,
        283,
        312,
        319,
        329,
        333,
        341,
        346,
        351,
        359,
        364,
        387,
        398,
        403,
        414,
        418,
        457,
        548,
        587,
        629,
        776,
        924,
        1041,
        1321,
        2337,
        2481,
        3103,
        3123,
        3123,
        3433,
        3433,
        4995,
        4995,
        4995,
        5655,
        5655,
        5655,
        5655,
        5655,
        7819,
        7819
      ],
      "Percentiles": [
        0.0,
        0.1,
        0.2,
        0.3,
        0.4,
        0.5,
        0.55,
        0.6,
        0.65,
        0.7,
        0.75,
        0.775,
        0.8,
        0.825,
        0.85,
        0.875,
        0.8875,
        0.9,
        0.9125,
        0.925,
        0.9375,
        0.94375,
        0.95,
        0.95625,
        0.9625,
        0.96875,
        0.971875,
        0.975,
        0.978125,
        0.98125,
        0.984375,
        0.985938,
        0.9875,
        0.989062,
        0.990625,
        0.992188,
        0.992969,
        0.99375,
        0.994531,
        0.995313,
        0.996094,
        0.996484,
        0.996875,
        0.997266,
        0.997656,
        0.998047,
        0.998242,
        0.998437,
        0.998633,
        0.998828,
        0.999023,
        0.999121,
        0.999219,
        0.999316,
        0.999414,
        0.999512,
        0.999561,
        0.999609,
        0.999658,
        0.999707,
        0.999756,
        0.99978,
        0.999805,
        0.999829,
        0.999854,
        0.999878,
        0.99989,
        0.999902,
        0.999915,
        0.999927,
        0.999939,
        0.999945,
        0.999951,
        0.999957,
        0.999963,
        0.999969,
        0.999973,
        0.999976,
        0.999979,
        0.999982,
        0.999985,
        0.999986,
        0.999988,
        0.999989,
        0.999991,
        0.999992,
        0.999993,
        0.999994,
        1.0
      ]
    },
    {
      "Values": [
        92,
        122,
        124,
        128,
        131,
        132,
        133,
        134,
        134,
        135,
        136,
        137,
        137,
        139,
        140,
        142,
        144,
        145,
        146,
        148,
        150,
        151,
        152,
        154,
        155,
        157,
        158,
        159,
        160,
        162,
        163,
        165,
        166,
        168,
        170,
        172,
        174,
        176,
        178,
        180,
        183,
        185,
        187,
        191,
        195,
        203,
        207,
        219,
        247,
        259,
        278,
        293,
        308,
        321,
        327,
        333,
        335,
        338,
        340,
        343,
        348,
        352,
        354,
        359,
        368,
        373,
        384,
        405,
        441,
        494,
        699,
        4055,
        4995,
        5219,
        5327,
        5491,
        5491,
        5627,
        5627,
        7599,
        7599,
        7599,
        7907,
        7907,
        7907,
        7907,
        7907,
        7979,
        7979
      ],