{
  "latency-quic-lat": [
    {
      "Values": [
        122,
        140,
        143,
        145,
        147,
        150,
        152,
        154,
        155,
        157,
        158,
        160,
        161,
        162,
        164,
        167,
        168,
        169,
        171,
        173,
        175,
        176,
        178,
        179,
        181,
        182,
        184,
        185,
        186,
        187,
        189,
        190,
        191,
        193,
        195,
        197,
        198,
        199,
        201,
        202,
        204,
        205,
        207,
        208,
        210,
        212,
        213,
        214,
        216,
        218,
        222,
        224,
        231,
        239,
        258,
        309,
        327,
        341,
        359,
        368,
        385,
        388,
        400,
        404,
        409,
        426,
        427,
        442,
        443,
        451,
        478,
        478,
        506,
        632,
        650,
        836,
        836,
        836,
        839,
        839,
        1817,
        1817,
        1817,
        1817,
        1817,
        13743,
        13743
      ],
      "Percentiles": [
        0.0,
        0.1,
        0.2,
        0.3,
        0.4,
        0.5,
        0.55,
        0.6,
        0.65,
        0.7,
        0.75,
        0.775,
        0.8,
        0.825,
        0.85,
        0.875,
        0.8875,
        0.9,
        0.9125,
        0.925,
        0.9375,
        0.94375,
        0.95,
        0.95625,
        0.9625,
        0.96875,
        0.971875,
        0.975,
        0.978125,
        0.98125,
        0.984375,
        0.985938,
        0.9875,
        0.989062,
        0.990625,
        0.992188,
        0.992969,
        0.99375,
        0.994531,
        0.995313,
        0.996094,
        0.996484,
        0.996875,
        0.997266,
        0.997656,
        0.998047,
        0.998242,
        0.998437,
        0.998633,
        0.998828,
        0.999023,
        0.999121,
        0.999219,
        0.999316,
        0.999414,
        0.999512,
        0.999561,
        0.999609,
        0.999658,
        0.999707,
        0.999756,
        0.99978,
        0.999805,
        0.999829,
        0.999854,
        0.999878,
        0.99989,
        0.999902,
        0.999915,
        0.999927,
        0.999939,
        0.999945,
        0.999951,
        0.999957,
        0.999963,
        0.999969,
        0.999973,
        0.999976,
        0.999979,
        0.999982,
        0.999985,
        0.999986,
        0.999988,
        0.999989,
        0.999991,
        0.999992,
        1.0
      ]
    },
    {
      "Values": [
        123,
        142,
        145,
        148,
        151,
        154,
        155,
        157,
        158,
        160,
        161,
        162,
        163,
        164,
        166,
        167,
        168,
        170,
        171,
        173,
        174,
        176,
        177,
        178,
        180,
        182,
        183,
        184,
        185,
        187,
        189,
        190,
        192,
        193,
        195,
        197,
        199,
        200,
        202,
        204,
        207,
        208,
        210,
        213,
        216,
        220,
        222,
        229,
        241,
        258,
        272,
        280,
        293,
        305,
        316,
        328,
        336,
        347,
        362,
        372,
        388,
        393,
        399,
        411,
        413,
        423,
        426,
        437,
        442,
        447,
        465,
        465,
        470,
        758,
        937,
        1088,
        1088,
        1088,
        2791,
        2791,
        11871,
        11871,
        11871,
        11871,
        11871,
        12471,
        12471
      ],
      "Percentiles": [
        0.0,
        0.1,
        0.2,
        0.3,
        0.4,
        0.5,
        0.55,
        0.6,
        0.65,
        0.7,
        0.75,
        0.775,
        0.8,
        0.825,
        0.85,
        0.875,
        0.8875,
        0.9,
        0.9125,
        0.925,
        0.9375,
        0.94375,
        0.95,
        0.95625,
        0.9625,
        0.96875,
        0.971875,
        0.975,
        0.978125,
        0.98125,
        0.984375,
        0.985938,
        0.9875,
        0.989062,
        0.990625,
        0.992188,
        0.992969,
        0.99375,
        0.994531,
        0.995313,
        0.996094,
        0.996484,
        0.996875,
        0.997266,
        0.997656,
        0.998047,
        0.998242,
        0.998437,
        0.998633,
        0.998828,
        0.999023,
        0.999121,
        0.999219,
        0.999316,
        0.999414,
        0.999512,
        0.999561,
        0.999609,
        0.999658,
        0.999707,
        0.999756,
        0.99978,
        0.999805,
        0.999829,
        0.999854,
        0.999878,
        0.99989,
        0.999902,
        0.999915,
        0.999927,
        0.999939,
        0.999945,
        0.999951,
        0.999957,
        0.999963,
        0.999969,
        0.999973,
        0.999976,
        0.999979,
        0.999982,
        0.999985,
        0.999986,
        0.999988,
        0.999989,
        0.999991,
        0.999992,
        1.0
      ]
    },
    {
      "Values": [
        120,
        143,
        147,
        150,
        154,
        157,
        159,
        160,
        162,
        164,
        166,
        167,
        168,
        170,
        172,
        174,
        175,
        176,
        178,
        179,
        181,
        182,
        183,
        184,
        186,
        187,
        188,
        189,
        190,
        192,
        194,
        195,
        196,
        197,
        199,
        201,
        202,
        203,
        205,
        206,
        210,
        212,
        213,
        215,
        219,
        224,
        227,
        246,
        262,
        275,
        287,
        298,
        311,
        321,
        332,
        350,
        353,
        363,
        376,
        384,
        394,
        403,
        407,
        419,
        436,
        449,
        456,
        457,
        486,
        491,
        493,
        533,
        533,
        538,
        605,
        697,
        697,
        697,
        708,
        708,
        958,
        958,
        958,
        958,
        958,
        14303,
        14303
      ],