{
  "download-quic": [
    "11041157",
    "11316057",
    "11379118"
  ],
  "hps-quic": [
    "854",
    "852",
    "840"
  ],
  "latency-quic-lat": [
    {
      "Values": [
        112,
        135,
        138,
        140,
        142,
        143,
        144,
        145,
        146,
        148,
        151,
        153,
        155,
        157,
        159,
        162,
        163,
        165,
        166,
        168,
        169,
        170,
        171,
        173,
        174,
        176,
        177,
        178,
        179,
        180,
        182,
        183,
        185,
        186,
        188,
        190,
        192,
        193,
        195,
        197,
        199,
        201,
        203,
        206,
        209,
        212,
        214,
        217,
        223,
        231,
        280,
        296,
        302,
        320,
        345,
        368,
        375,
        381,
        386,
        394,
        413,
        422,
        428,
        479,
        707,
        763,
        846,
        896,
        903,
        909,
        915,
        924,
        963,
        1099,
        1150,
        1150,
        1207,
        1207,
        1258,
        1258,
        1258,
        1298,
        1298,
        1298,
        1298,
        1298,
        2507,
        2507
      ],
      "Percentiles": [
        0.0,
        0.1,
        0.2,
        0.3,
        0.4,
        0.5,
        0.55,
        0.6,
        0.65,
        0.7,
        0.75,
        0.775,
        0.8,
        0.825,
        0.85,
        0.875,
        0.8875,
        0.9,
        0.9125,
        0.925,
        0.9375,
        0.94375,
        0.95,
        0.95625,
        0.9625,
        0.96875,
        0.971875,
        0.975,
        0.978125,
        0.98125,
        0.984375,
        0.985938,
        0.9875,
        0.989062,
        0.990625,
        0.992188,
        0.992969,
        0.99375,
        0.994531,
        0.995313,
        0.996094,
        0.996484,
        0.996875,
        0.997266,
        0.997656,
        0.998047,
        0.998242,
        0.998437,
        0.998633,
        0.998828,
        0.999023,
        0.999121,
        0.999219,
        0.999316,
        0.999414,
        0.999512,
        0.999561,
        0.999609,
        0.999658,
        0.999707,
        0.999756,
        0.99978,
        0.999805,
        0.999829,
        0.999854,
        0.999878,
        0.99989,
        0.999902,
        0.999915,
        0.999927,
        0.999939,
        0.999945,
        0.999951,
        0.999957,
        0.999963,
        0.999969,
        0.999973,
        0.999976,
        0.999979,
        0.999982,
        0.999985,
        0.999986,
        0.999988,
        0.999989,
        0.999991,
        0.999992,
        0.999993,
        1.0
      ]
    },
    {
      "Values": [
        114,
        136,
        139,
        141,
        142,
        143,
        144,
        145,
        146,
        149,
        151,
        153,
        155,
        157,
        159,
        161,
        162,
        164,
        165,
        166,
        168,
        169,
        170,
        171,
        172,
        174,
        175,
        176,
        177,
        178,
        180,
        180,
        182,
        183,
        185,
        187,
        188,
        190,
        191,
        193,
        196,
        197,
        199,
        201,
        204,
        207,
        209,
        213,
        218,
        225,
        251,
        297,
        314,
        326,
        334,
        355,
        361,
        369,
        385,
        393,
        399,
        409,
        419,
        432,
        474,
        546,
        646,
        694,
        708,
        845,
        863,
        875,
        880,
        925,
        952,
        952,
        1018,
        1018,
        1123,
        1123,
        1123,
        1166,
        1166,
        1166,
        1166,
        1166,
        1233,
        1233
      ],
      "Percentiles": [
        0.0,
        0.1,
        0.2,
        0.3,
        0.4,
        0.5,
        0.55,
        0.6,
        0.65,
        0.7,
        0.75,
        0.775,
        0.8,
        0.825,
        0.85,
        0.875,
        0.8875,
        0.9,
        0.9125,
        0.925,
        0.9375,
        0.94375,
        0.95,
        0.95625,
        0.9625,
        0.96875,
        0.971875,
        0.975,
        0.978125,
        0.98125,
        0.984375,
        0.985938,
        0.9875,
        0.989062,
        0.990625,
        0.992188,
        0.992969,
        0.99375,
        0.994531,
        0.995313,
        0.996094,
        0.996484,
        0.996875,
        0.997266,
        0.997656,
        0.998047,
        0.998242,
        0.998437,
        0.998633,
        0.998828,
        0.999023,
        0.999121,
        0.999219,
        0.999316,
        0.999414,
        0.999512,
        0.999561,
        0.999609,
        0.999658,
        0.999707,
        0.999756,
        0.99978,
        0.999805,
        0.999829,
        0.999854,
        0.999878,
        0.99989,
        0.999902,
        0.999915,
        0.999927,
        0.999939,
        0.999945,
        0.999951,
        0.999957,
        0.999963,
        0.999969,
        0.999973,
        0.999976,
        0.999979,
        0.999982,
        0.999985,
        0.999986,
        0.999988,
        0.999989,
        0.999991,
        0.999992,
        0.999993,
        1.0
      ]
    },
    {
      "Values": [
        106,
        133,
        136,
        139,
        141,
        142,
        143,
        145,
        148,
        150,
        153,
        155,
        157,
        159,
        161,
        163,
        164,
        165,
        166,
        168,
        170,
        170,
        172,
        173,
        174,
        176,
        177,
        178,
        179,
        180,
        182,
        183,
        185,
        186,
        188,
        190,
        191,
        193,
        194,
        197,
        199,
        201,
        203,
        206,
        209,
        213,
        216,
        219,
        234,
        281,
        304,
        316,
        334,
        341,
        351,
        362,
        369,
        373,
        382,
        395,
        407,
        411,
        421,
        436,
        525,
        758,
        903,
        918,
        957,
        1049,
        1072,
        1093,
        1097,
        1113,
        1137,
        1137,
        1175,
        1175,
        1213,
        1213,
        1213,
        1310,
        1310,
        1310,
        1310,
        1310,
        1902,
        1902
      ],