{
  "hps-quic": [
    "481",
    "464",
    "419"
  ],
  "download-quic": [
    "6063968",
    "5623866",
    "5504588"
  ],
  "latency-quic-lat": [
    {
      "Values": [
        103,
        132,
        136,
        138,
        141,
        143,
        144,
        145,
        147,
        148,
        150,
        151,
        152,
        153,
        154,
        156,
        156,
        157,
        158,
        159,
        161,
        161,
        162,
        163,
        165,
        166,
        167,
        168,
        169,
        170,
        172,
        173,
        174,
        176,
        178,
        180,
        181,
        183,
        186,
        188,
        192,
        195,
        198,
        202,
        209,
        220,
        234,
        255,
        289,
        304,
        321,
        333,
        341,
        349,
        373,
        411,
        428,
        462,
        519,
        608,
        814,
        875,
        986,
        1026,
        1120,
        1176,
        1210,
        1228,
        1276,
        1337,
        1386,
        1607,
        1838,
        1886,
        1886,
        1972,
        2018,
        2018,
        2165,
        2165,
        2165,
        2359,
        2359,
        2359,
        2359,
        2359,
        3147,
        3147
      ],
      "Percentiles": [
        0.0,
        0.1,
        0.2,
        0.3,
        0.4,
        0.5,
        0.55,
        0.6,
        0.65,
        0.7,
        0.75,
        0.775,
        0.8,
        0.825,
        0.85,
        0.875,
        0.8875,
        0.9,
        0.9125,
        0.925,
        0.9375,
        0.94375,
        0.95,
        0.95625,
        0.9625,
        0.96875,
        0.971875,
        0.975,
        0.978125,
        0.98125,
        0.984375,
        0.985938,
        0.9875,
        0.989062,
        0.990625,
        0.992188,
        0.992969,
        0.99375,
        0.994531,
        0.995313,
        0.996094,
        0.996484,
        0.996875,
        0.997266,
        0.997656,
        0.998047,
        0.998242,
        0.998437,
        0.998633,
        0.998828,
        0.999023,
        0.999121,
        0.999219,
        0.999316,
        0.999414,
        0.999512,
        0.999561,
        0.999609,
        0.999658,
        0.999707,
        0.999756,
        0.99978,
        0.999805,
        0.999829,
        0.999854,
        0.999878,
        0.99989,
        0.999902,
        0.999915,
        0.999927,
        0.999939,
        0.999945,
        0.999951,
        0.999957,
        0.999963,
        0.999969,
        0.999973,
        0.999976,
        0.999979,
        0.999982,
        0.999985,
        0.999986,
        0.999988,
        0.999989,
        0.999991,
        0.999992,
        0.999993,
        1.0
      ]
    },
    {
      "Values": [
        103,
        132,
        136,
        138,
        141,
        143,
        144,
        146,
        147,
        149,
        150,
        151,
        152,
        153,
        154,
        155,
        156,
        157,
        158,
        159,
        160,
        161,
        161,
        162,
        164,
        165,
        166,
        167,
        167,
        168,
        170,
        171,
        172,
        173,
        175,
        177,
        178,
        180,
        182,
        185,
        188,
        191,
        192,
        195,
        199,
        205,
        208,
        213,
        221,
        247,
        298,
        306,
        321,
        328,
        343,
        353,
        358,
        367,
        371,
        387,
        410,
        420,
        445,
        508,
        611,
        791,
        825,
        966,
        1007,
        1012,
        1075,
        1086,
        1101,
        1109,
        1109,
        1126,
        1134,
        1134,
        1148,
        1148,
        1148,
        1285,
        1285,
        1285,
        1285,
        1285,
        1381,
        1381
      ],
      "Percentiles": [
        0.0,
        0.1,
        0.2,
        0.3,
        0.4,
        0.5,
        0.55,
        0.6,
        0.65,
        0.7,
        0.75,
        0.775,
        0.8,
        0.825,
        0.85,
        0.875,
        0.8875,
        0.9,
        0.9125,
        0.925,
        0.9375,
        0.94375,
        0.95,
        0.95625,
        0.9625,
        0.96875,
        0.971875,
        0.975,
        0.978125,
        0.98125,
        0.984375,
        0.985938,
        0.9875,
        0.989062,
        0.990625,
        0.992188,
        0.992969,
        0.99375,
        0.994531,
        0.995313,
        0.996094,
        0.996484,
        0.996875,
        0.997266,
        0.997656,
        0.998047,
        0.998242,
        0.998437,
        0.998633,
        0.998828,
        0.999023,
        0.999121,
        0.999219,
        0.999316,
        0.999414,
        0.999512,
        0.999561,
        0.999609,
        0.999658,
        0.999707,
        0.999756,
        0.99978,
        0.999805,
        0.999829,
        0.999854,
        0.999878,
        0.99989,
        0.999902,
        0.999915,
        0.999927,
        0.999939,
        0.999945,
        0.999951,
        0.999957,
        0.999963,
        0.999969,
        0.999973,
        0.999976,
        0.999979,
        0.999982,
        0.999985,
        0.999986,
        0.999988,
        0.999989,
        0.999991,
        0.999992,
        0.999993,
        1.0
      ]
    },
    {
      "Values": [
        102,
        135,
        138,
        141,
        143,
        145,
        146,
        148,
        149,
        151,
        152,
        153,
        154,
        155,
        156,
        157,
        158,
        159,
        160,
        161,
        162,
        162,
        163,
        164,
        165,
        167,
        167,
        168,
        169,
        170,
        171,
        172,
        174,
        175,
        177,
        179,
        180,
        182,
        183,
        185,
        188,
        189,
        192,
        194,
        196,
        200,
        203,
        206,
        210,
        217,
        233,
        246,
        279,
        299,
        307,
        323,
        327,
        332,
        337,
        355,
        365,
        380,
        404,
        412,
        444,
        465,
        778,
        886,
        1024,
        1055,
        1056,
        1125,
        1159,
        1201,
        1218,
        1218,
        1242,
        1242,
        1329,
        1329,
        1329,
        1465,
        1465,
        1465,
        1465,
        1465,
        1722,
        1722
      ],