{
  "rps-up-512-down-4000-quic-lat": [
    {
      "Values": [
        68,
        81,
        86,
        88,
        90,
        91,
        92,
        94,
        96,
        97,
        98,
        98,
        99,
        99,
        100,
        100,
        101,
        101,
        102,
        102,
        103,
        104,
        104,
        105,
        105,
        106,
        106,
        107,
        107,
        108,
        109,
        109,
        110,
        110,
        111,
        113,
        113,
        114,
        115,
        116,
        118,
        119,
        121,
        123,
        126,
        129,
        132,
        135,
        138,
        143,
        149,
        154,
        158,
        162,
        168,
        179,
        185,
        192,
        201,
        224,
        240,
        246,
        261,
        276,
        292,
        306,
        353,
        393,
        420,
        549,
        665,
        714,
        803,
        808,
        1337,
        1347,
        1488,
        1488,
        2201,
        2841,
        2841,
        3213,
        3213,
        3213,
        3779,
        3779,
        3779,
        3779,
        3779,
        3825,
        3825
      ],
      "Percentiles": [
        0.0,
        0.1,
        0.2,
        0.3,
        0.4,
        0.5,
        0.55,
        0.6,
        0.65,
        0.7,
        0.75,
        0.775,
        0.8,
        0.825,
        0.85,
        0.875,
        0.8875,
        0.9,
        0.9125,
        0.925,
        0.9375,
        0.94375,
        0.95,
        0.95625,
        0.9625,
        0.96875,
        0.971875,
        0.975,
        0.978125,
        0.98125,
        0.984375,
        0.985938,
        0.9875,
        0.989062,
        0.990625,
        0.992188,
        0.992969,
        0.99375,
        0.994531,
        0.995313,
        0.996094,
        0.996484,
        0.996875,
        0.997266,
        0.997656,
        0.998047,
        0.998242,
        0.998437,
        0.998633,
        0.998828,
        0.999023,
        0.999121,
        0.999219,
        0.999316,
        0.999414,
        0.999512,
        0.999561,
        0.999609,
        0.999658,
        0.999707,
        0.999756,
        0.99978,
        0.999805,
        0.999829,
        0.999854,
        0.999878,
        0.99989,
        0.999902,
        0.999915,
        0.999927,
        0.999939,
        0.999945,
        0.999951,
        0.999957,
        0.999963,
        0.999969,
        0.999973,
        0.999976,
        0.999979,
        0.999982,
        0.999985,
        0.999986,
        0.999988,
        0.999989,
        0.999991,
        0.999992,
        0.999993,
        0.999994,
        0.999995,
        0.999995,
        1.0
      ]
    },
    {
      "Values": [
        70,
        83,
        87,
        89,
        90,
        92,
        93,
        95,
        96,
        97,
        98,
        98,
        98,
        99,
        100,
        100,
        101,
        101,
        101,
        102,
        103,
        103,
        104,
        105,
        105,
        106,
        106,
        107,
        107,
        108,
        108,
        109,
        109,
        110,
        111,
        112,
        113,
        114,
        115,
        116,
        117,
        119,
        120,
        122,
        125,
        130,
        133,
        136,
        140,
        145,
        152,
        156,
        161,
        166,
        174,
        186,
        192,
        203,
        221,
        237,
        257,
        272,
        286,
        292,
        312,
        379,
        386,
        393,
        416,
        423,
        433,
        439,
        462,
        525,
        577,
        665,
        697,
        697,
        717,
        1129,
        1129,
        1150,
        1150,
        1150,
        1166,
        1166,
        1166,
        1166,
        1166,
        5167,
        5167
      ],
      "Percentiles": [
        0.0,
        0.1,
        0.2,
        0.3,
        0.4,
        0.5,
        0.55,
        0.6,
        0.65,
        0.7,
        0.75,
        0.775,
        0.8,
        0.825,
        0.85,
        0.875,
        0.8875,
        0.9,
        0.9125,
        0.925,
        0.9375,
        0.94375,
        0.95,
        0.95625,
        0.9625,
        0.96875,
        0.971875,
        0.975,
        0.978125,
        0.98125,
        0.984375,
        0.985938,
        0.9875,
        0.989062,
        0.990625,
        0.992188,
        0.992969,
        0.99375,
        0.994531,
        0.995313,
        0.996094,
        0.996484,
        0.996875,
        0.997266,
        0.997656,
        0.998047,
        0.998242,
        0.998437,
        0.998633,
        0.998828,
        0.999023,
        0.999121,
        0.999219,
        0.999316,
        0.999414,
        0.999512,
        0.999561,
        0.999609,
        0.999658,
        0.999707,
        0.999756,
        0.99978,
        0.999805,
        0.999829,
        0.999854,
        0.999878,
        0.99989,
        0.999902,
        0.999915,
        0.999927,
        0.999939,
        0.999945,
        0.999951,
        0.999957,
        0.999963,
        0.999969,
        0.999973,
        0.999976,
        0.999979,
        0.999982,
        0.999985,
        0.999986,
        0.999988,
        0.999989,
        0.999991,
        0.999992,
        0.999993,
        0.999994,
        0.999995,
        0.999995,
        1.0
      ]
    },
    {
      "Values": [
        69,
        83,
        88,
        90,
        92,
        94,
        95,
        97,
        98,
        99,
        100,
        100,
        101,
        101,
        102,
        103,
        103,
        104,
        104,
        104,
        105,
        105,
        106,
        106,
        106,
        107,
        107,
        108,
        108,
        109,
        110,
        110,
        111,
        112,
        113,
        114,
        115,
        116,
        117,
        119,
        121,
        123,
        125,
        128,
        133,
        140,
        144,
        150,
        157,
        164,
        174,
        181,
        190,
        199,
        210,
        226,
        235,
        248,
        257,
        289,
        305,
        320,
        331,
        341,
        349,
        375,
        426,
        445,
        476,
        507,
        814,
        964,
        1008,
        1030,
        1068,
        1089,
        1318,
        1318,
        1954,
        2361,
        2361,
        2537,
        2537,
        2537,
        3523,
        3523,
        3523,
        3523,
        3523,
        4635,
        4635
      ],