{
  "os_version": "10.0.20348",
  "latency-quic-lat": [
    {
      "Values": [
        74,
        101,
        104,
        107,
        109,
        111,
        112,
        113,
        115,
        116,
        118,
        120,
        121,
        122,
        123,
        125,
        125,
        126,
        127,
        128,
        130,
        131,
        132,
        133,
        135,
        137,
        138,
        139,
        140,
        142,
        144,
        146,
        147,
        149,
        151,
        153,
        155,
        156,
        158,
        161,
        163,
        165,
        166,
        169,
        172,
        175,
        178,
        181,
        185,
        191,
        202,
        210,
        226,
        269,
        287,
        302,
        314,
        327,
        356,
        367,
        385,
        392,
        412,
        444,
        505,
        525,
        572,
        654,
        859,
        927,
        1208,
        1233,
        1303,
        1344,
        1499,
        1578,
        1654,
        1654,
        1706,
        1706,
        2845,
        2845,
        2845,
        2907,
        2907,
        2907,
        2907,
        2907,
        4015,
        4015
      ],
      "Percentiles": [
        0.0,
        0.1,
        0.2,
        0.3,
        0.4,
        0.5,
        0.55,
        0.6,
        0.65,
        0.7,
        0.75,
        0.775,
        0.8,
        0.825,
        0.85,
        0.875,
        0.8875,
        0.9,
        0.9125,
        0.925,
        0.9375,
        0.94375,
        0.95,
        0.95625,
        0.9625,
        0.96875,
        0.971875,
        0.975,
        0.978125,
        0.98125,
        0.984375,
        0.985938,
        0.9875,
        0.989062,
        0.990625,
        0.992188,
        0.992969,
        0.99375,
        0.994531,
        0.995313,
        0.996094,
        0.996484,
        0.996875,
        0.997266,
        0.997656,
        0.998047,
        0.998242,
        0.998437,
        0.998633,
        0.998828,
        0.999023,
        0.999121,
        0.999219,
        0.999316,
        0.999414,
        0.999512,
        0.999561,
        0.999609,
        0.999658,
        0.999707,
        0.999756,
        0.99978,
        0.999805,
        0.999829,
        0.999854,
        0.999878,
        0.99989,
        0.999902,
        0.999915,
        0.999927,
        0.999939,
        0.999945,
        0.999951,
        0.999957,
        0.999963,
        0.999969,
        0.999973,
        0.999976,
        0.999979,
        0.999982,
        0.999985,
        0.999986,
        0.999988,
        0.999989,
        0.999991,
        0.999992,
        0.999993,
        0.999994,
        0.999995,
        1.0
      ]
    },
    {
      "Values": [
        77,
        104,
        108,
        110,
        112,
        115,
        117,
        118,
        120,
        122,
        124,
        124,
        125,
        126,
        127,
        129,
        130,
        131,
        133,
        134,
        136,
        137,
        138,
        139,
        140,
        141,
        142,
        144,
        145,
        147,
        149,
        151,
        152,
        154,
        156,
        159,
        161,
        162,
        164,
        166,
        169,
        170,
        173,
        174,
        177,
        181,
        183,
        186,
        188,
        192,
        197,
        201,
        205,
        211,
        228,
        264,
        286,
        292,
        299,
        308,
        319,
        322,
        323,
        330,
        344,
        358,
        366,
        371,
        389,
        397,
        411,
        418,
        423,
        430,
        472,
        701,
        712,
        712,
        870,
        870,
        969,
        969,
        969,
        4879,
        4879,
        4879,
        4879,
        4879,
        15295,
        15295
      ],
      "Percentiles": [
        0.0,
        0.1,
        0.2,
        0.3,
        0.4,
        0.5,
        0.55,
        0.6,
        0.65,
        0.7,
        0.75,
        0.775,
        0.8,
        0.825,
        0.85,
        0.875,
        0.8875,
        0.9,
        0.9125,
        0.925,
        0.9375,
        0.94375,
        0.95,
        0.95625,
        0.9625,
        0.96875,
        0.971875,
        0.975,
        0.978125,
        0.98125,
        0.984375,
        0.985938,
        0.9875,
        0.989062,
        0.990625,
        0.992188,
        0.992969,
        0.99375,
        0.994531,
        0.995313,
        0.996094,
        0.996484,
        0.996875,
        0.997266,
        0.997656,
        0.998047,
        0.998242,
        0.998437,
        0.998633,
        0.998828,
        0.999023,
        0.999121,
        0.999219,
        0.999316,
        0.999414,
        0.999512,
        0.999561,
        0.999609,
        0.999658,
        0.999707,
        0.999756,
        0.99978,
        0.999805,
        0.999829,
        0.999854,
        0.999878,
        0.99989,
        0.999902,
        0.999915,
        0.999927,
        0.999939,
        0.999945,
        0.999951,
        0.999957,
        0.999963,
        0.999969,
        0.999973,
        0.999976,
        0.999979,
        0.999982,
        0.999985,
        0.999986,
        0.999988,
        0.999989,
        0.999991,
        0.999992,
        0.999993,
        0.999994,
        0.999995,
        1.0
      ]
    },
    {
      "Values": [
        74,
        104,
        107,
        110,
        112,
        115,
        116,
        118,
        120,
        122,
        123,
        124,
        125,
        126,
        127,
        128,
        129,
        131,
        132,
        134,
        135,
        136,
        137,
        138,
        139,
        141,
        142,
        143,
        144,
        146,
        148,
        150,
        151,
        153,
        155,
        157,
        159,
        160,
        163,
        165,
        167,
        169,
        171,
        173,
        175,
        179,
        180,
        182,
        184,
        189,
        192,
        195,
        198,
        203,
        212,
        231,
        259,
        280,
        291,
        299,
        306,
        314,
        318,
        327,
        333,
        343,
        352,
        356,
        366,
        369,
        377,
        380,
        383,
        404,
        410,
        421,
        438,
        438,
        457,
        457,
        465,
        465,
        465,
        613,
        613,
        613,
        613,
        613,
        916,
        916
      ],