{
  "rps-multi-quic": [
    "6998",
    "69961",
    "95465",
    "122073",
    "167116",
    "295292",
    "352323",
    "379149",
    "88190",
    "1460",
    "72235",
    "99888",
    "131047",
    "187507",
    "280860",
    "350398",
    "375310",
    "85016",
    "1893",
    "71179",
    "98125",
    "126396",
    "172278",
    "275747",
    "338971",
    "387916",
    "86391"
  ],
  "latency-quic-lat": [
    {
      "Values": [
        82,
        108,
        109,
        111,
        113,
        116,
        117,
        118,
        119,
        120,
        122,
        122,
        123,
        124,
        125,
        127,
        128,
        129,
        130,
        131,
        133,
        133,
        134,
        135,
        136,
        138,
        139,
        140,
        142,
        144,
        146,
        148,
        149,
        151,
        153,
        156,
        158,
        159,
        161,
        163,
        166,
        168,
        169,
        171,
        173,
        176,
        178,
        180,
        182,
        185,
        188,
        190,
        193,
        199,
        206,
        228,
        263,
        292,
        300,
        306,
        315,
        320,
        323,
        328,
        333,
        340,
        348,
        357,
        358,
        361,
        371,
        372,
        372,
        379,
        381,
        383,
        385,
        385,
        395,
        395,
        546,
        546,
        546,
        614,
        614,
        614,
        614,
        614,
        820,
        820
      ],
      "Percentiles": [
        0.0,
        0.1,
        0.2,
        0.3,
        0.4,
        0.5,
        0.55,
        0.6,
        0.65,
        0.7,
        0.75,
        0.775,
        0.8,
        0.825,
        0.85,
        0.875,
        0.8875,
        0.9,
        0.9125,
        0.925,
        0.9375,
        0.94375,
        0.95,
        0.95625,
        0.9625,
        0.96875,
        0.971875,
        0.975,
        0.978125,
        0.98125,
        0.984375,
        0.985938,
        0.9875,
        0.989062,
        0.990625,
        0.992188,
        0.992969,
        0.99375,
        0.994531,
        0.995313,
        0.996094,
        0.996484,
        0.996875,
        0.997266,
        0.997656,
        0.998047,
        0.998242,
        0.998437,
        0.998633,
        0.998828,
        0.999023,
        0.999121,
        0.999219,
        0.999316,
        0.999414,
        0.999512,
        0.999561,
        0.999609,
        0.999658,
        0.999707,
        0.999756,
        0.99978,
        0.999805,
        0.999829,
        0.999854,
        0.999878,
        0.99989,
        0.999902,
        0.999915,
        0.999927,
        0.999939,
        0.999945,
        0.999951,
        0.999957,
        0.999963,
        0.999969,
        0.999973,
        0.999976,
        0.999979,
        0.999982,
        0.999985,
        0.999986,
        0.999988,
        0.999989,
        0.999991,
        0.999992,
        0.999993,
        0.999994,
        0.999995,
        1.0
      ]
    },
    {
      "Values": [
        82,
        108,
        111,
        113,
        115,
        117,
        118,
        119,
        120,
        121,
        123,
        124,
        124,
        126,
        127,
        128,
        129,
        130,
        131,
        132,
        133,
        134,
        135,
        136,
        137,
        138,
        139,
        141,
        142,
        144,
        146,
        148,
        149,
        151,
        152,
        155,
        156,
        157,
        159,
        161,
        164,
        165,
        167,
        169,
        171,
        174,
        175,
        178,
        181,
        185,
        190,
        196,
        205,
        222,
        282,
        302,
        307,
        314,
        320,
        324,
        334,
        339,
        349,
        353,
        366,
        376,
        378,
        379,
        386,
        446,
        449,
        480,
        559,
        577,
        628,
        736,
        844,
        844,
        954,
        954,
        1044,
        1044,
        1044,
        1308,
        1308,
        1308,
        1308,
        1308,
        1610,
        1610
      ],
      "Percentiles": [
        0.0,
        0.1,
        0.2,
        0.3,
        0.4,
        0.5,
        0.55,
        0.6,
        0.65,
        0.7,
        0.75,
        0.775,
        0.8,
        0.825,
        0.85,
        0.875,
        0.8875,
        0.9,
        0.9125,
        0.925,
        0.9375,
        0.94375,
        0.95,
        0.95625,
        0.9625,
        0.96875,
        0.971875,
        0.975,
        0.978125,
        0.98125,
        0.984375,
        0.985938,
        0.9875,
        0.989062,
        0.990625,
        0.992188,
        0.992969,
        0.99375,
        0.994531,
        0.995313,
        0.996094,
        0.996484,
        0.996875,
        0.997266,
        0.997656,
        0.998047,
        0.998242,
        0.998437,
        0.998633,
        0.998828,
        0.999023,
        0.999121,
        0.999219,
        0.999316,
        0.999414,
        0.999512,
        0.999561,
        0.999609,
        0.999658,
        0.999707,
        0.999756,
        0.99978,
        0.999805,
        0.999829,
        0.999854,
        0.999878,
        0.99989,
        0.999902,
        0.999915,
        0.999927,
        0.999939,
        0.999945,
        0.999951,
        0.999957,
        0.999963,
        0.999969,
        0.999973,
        0.999976,
        0.999979,
        0.999982,
        0.999985,
        0.999986,
        0.999988,
        0.999989,
        0.999991,
        0.999992,
        0.999993,
        0.999994,
        0.999995,
        1.0
      ]
    },
    {
      "Values": [
        84,
        108,
        111,
        113,
        115,
        117,
        118,
        119,
        120,
        121,
        123,
        124,
        125,
        126,
        128,
        129,
        130,
        131,
        132,
        134,
        135,
        136,
        137,
        138,
        140,
        142,
        143,
        145,
        146,
        148,
        150,
        151,
        153,
        154,
        156,
        158,
        159,
        160,
        162,
        164,
        166,
        168,
        170,
        172,
        174,
        176,
        179,
        181,
        184,
        187,
        193,
        197,
        203,
        215,
        250,
        291,
        297,
        304,
        309,
        316,
        323,
        327,
        332,
        334,
        343,
        344,
        347,
        354,
        364,
        365,
        390,
        392,
        400,
        403,
        424,
        424,
        430,
        430,
        455,
        455,
        797,
        797,
        797,
        916,
        916,
        916,
        916,
        916,
        1148,
        1148
      ],