{
  "commit": "d3fa5454ba275b7e50bada9d46ea43780dcc26b7",
  "rps-up-512-down-4000-quic-lat": [
    {
      "Values": [
        68,
        78,
        80,
        82,
        86,
        88,
        89,
        90,
        91,
        91,
        92,
        92,
        93,
        93,
        94,
        95,
        95,
        96,
        96,
        97,
        98,
        98,
        99,
        99,
        100,
        100,
        101,
        101,
        102,
        103,
        105,
        106,
        107,
        109,
        111,
        114,
        116,
        119,
        123,
        129,
        140,
        146,
        152,
        160,
        169,
        179,
        186,
        193,
        205,
        217,
        241,
        258,
        282,
        304,
        338,
        389,
        421,
        459,
        509,
        596,
        701,
        748,
        780,
        869,
        995,
        1119,
        1172,
        1357,
        1385,
        1638,
        2091,
        2571,
        2935,
        3529,
        3857,
        4555,
        4555,
        5067,
        5107,
        5107,
        5115,
        5115,
        5195,
        5195,
        5195,
        5267,
        5267,
        5267,
        5267,
        5267,
        5271,
        5271
      ],
      "Percentiles": [
        0.0,
        0.1,
        0.2,
        0.3,
        0.4,
        0.5,
        0.55,
        0.6,
        0.65,
        0.7,
        0.75,
        0.775,
        0.8,
        0.825,
        0.85,
        0.875,
        0.8875,
        0.9,
        0.9125,
        0.925,
        0.9375,
        0.94375,
        0.95,
        0.95625,
        0.9625,
        0.96875,
        0.971875,
        0.975,
        0.978125,
        0.98125,
        0.984375,
        0.985938,
        0.9875,
        0.989062,
        0.990625,
        0.992188,
        0.992969,
        0.99375,
        0.994531,
        0.995313,
        0.996094,
        0.996484,
        0.996875,
        0.997266,
        0.997656,
        0.998047,
        0.998242,
        0.998437,
        0.998633,
        0.998828,
        0.999023,
        0.999121,
        0.999219,
        0.999316,
        0.999414,
        0.999512,
        0.999561,
        0.999609,
        0.999658,
        0.999707,
        0.999756,
        0.99978,
        0.999805,
        0.999829,
        0.999854,
        0.999878,
        0.99989,
        0.999902,
        0.999915,
        0.999927,
        0.999939,
        0.999945,
        0.999951,
        0.999957,
        0.999963,
        0.999969,
        0.999973,
        0.999976,
        0.999979,
        0.999982,
        0.999985,
        0.999986,
        0.999988,
        0.999989,
        0.999991,
        0.999992,
        0.999993,
        0.999994,
        0.999995,
        0.999995,
        0.999996,
        1.0
      ]
    },
    {
      "Values": [
        68,
        84,
        88,
        91,
        92,
        95,
        97,
        98,
        98,
        99,
        100,
        100,
        101,
        101,
        102,
        103,
        103,
        103,
        104,
        104,
        105,
        105,
        105,
        106,
        106,
        107,
        107,
        108,
        108,
        109,
        110,
        111,
        112,
        113,
        114,
        116,
        117,
        118,
        120,
        122,
        128,
        131,
        134,
        139,
        146,
        156,
        161,
        168,
        173,
        181,
        191,
        198,
        206,
        213,
        227,
        251,
        267,
        286,
        312,
        319,
        375,
        401,
        465,
        517,
        580,
        696,
        715,
        778,
        818,
        870,
        995,
        1060,
        1107,
        1127,
        1274,
        1323,
        1424,
        1424,
        1843,
        1965,
        1965,
        2401,
        2401,
        2401,
        2491,
        2491,
        2491,
        2491,
        2491,
        3953,
        3953
      ],
      "Percentiles": [
        0.0,
        0.1,
        0.2,
        0.3,
        0.4,
        0.5,
        0.55,
        0.6,
        0.65,
        0.7,
        0.75,
        0.775,
        0.8,
        0.825,
        0.85,
        0.875,
        0.8875,
        0.9,
        0.9125,
        0.925,
        0.9375,
        0.94375,
        0.95,
        0.95625,
        0.9625,
        0.96875,
        0.971875,
        0.975,
        0.978125,
        0.98125,
        0.984375,
        0.985938,
        0.9875,
        0.989062,
        0.990625,
        0.992188,
        0.992969,
        0.99375,
        0.994531,
        0.995313,
        0.996094,
        0.996484,
        0.996875,
        0.997266,
        0.997656,
        0.998047,
        0.998242,
        0.998437,
        0.998633,
        0.998828,
        0.999023,
        0.999121,
        0.999219,
        0.999316,
        0.999414,
        0.999512,
        0.999561,
        0.999609,
        0.999658,
        0.999707,
        0.999756,
        0.99978,
        0.999805,
        0.999829,
        0.999854,
        0.999878,
        0.99989,
        0.999902,
        0.999915,
        0.999927,
        0.999939,
        0.999945,
        0.999951,
        0.999957,
        0.999963,
        0.999969,
        0.999973,
        0.999976,
        0.999979,
        0.999982,
        0.999985,
        0.999986,
        0.999988,
        0.999989,
        0.999991,
        0.999992,
        0.999993,
        0.999994,
        0.999995,
        0.999995,
        1.0
      ]
    },
    {
      "Values": [
        66,
        79,
        82,
        85,
        87,
        88,
        89,
        90,
        90,
        91,
        93,
        93,
        94,
        94,
        95,
        96,
        96,
        97,
        97,
        97,
        98,
        98,
        99,
        99,
        100,
        100,
        101,
        101,
        102,
        103,
        104,
        104,
        105,
        106,
        106,
        107,
        108,
        109,
        110,
        112,
        115,
        117,
        119,
        123,
        127,
        134,
        138,
        143,
        149,
        157,
        169,
        175,
        181,
        194,
        208,
        229,
        241,
        267,
        301,
        343,
        380,
        428,
        442,
        500,
        538,
        587,
        601,
        777,
        961,
        990,
        1001,
        1121,
        1633,
        2026,
        2099,
        2245,
        2245,
        2543,
        3003,
        3003,
        3479,
        3479,
        3801,
        3801,
        3801,
        3911,
        3911,
        3911,
        3911,
        3911,
        4023,
        4023
      ],