{
  "latency-quic-lat": [
    {
      "Values": [
        76,
        103,
        106,
        108,
        111,
        113,
        114,
        116,
        117,
        119,
        121,
        122,
        123,
        124,
        126,
        128,
        129,
        130,
        132,
        134,
        136,
        138,
        140,
        142,
        145,
        149,
        151,
        153,
        155,
        158,
        161,
        162,
        164,
        166,
        168,
        170,
        171,
        173,
        174,
        176,
        179,
        180,
        182,
        184,
        187,
        192,
        196,
        200,
        210,
        248,
        289,
        297,
        309,
        319,
        332,
        359,
        392,
        404,
        466,
        546,
        642,
        759,
        901,
        983,
        1034,
        1349,
        2039,
        2095,
        2197,
        2247,
        2319,
        2369,
        2375,
        2397,
        2439,
        2451,
        2541,
        2541,
        3053,
        3053,
        4017,
        4017,
        4017,
        8423,
        8423,
        8423,
        8423,
        8423,
        16383,
        16383
      ],
      "Percentiles": [
        0.0,
        0.1,
        0.2,
        0.3,
        0.4,
        0.5,
        0.55,
        0.6,
        0.65,
        0.7,
        0.75,
        0.775,
        0.8,
        0.825,
        0.85,
        0.875,
        0.8875,
        0.9,
        0.9125,
        0.925,
        0.9375,
        0.94375,
        0.95,
        0.95625,
        0.9625,
        0.96875,
        0.971875,
        0.975,
        0.978125,
        0.98125,
        0.984375,
        0.985938,
        0.9875,
        0.989062,
        0.990625,
        0.992188,
        0.992969,
        0.99375,
        0.994531,
        0.995313,
        0.996094,
        0.996484,
        0.996875,
        0.997266,
        0.997656,
        0.998047,
        0.998242,
        0.998437,
        0.998633,
        0.998828,
        0.999023,
        0.999121,
        0.999219,
        0.999316,
        0.999414,
        0.999512,
        0.999561,
        0.999609,
        0.999658,
        0.999707,
        0.999756,
        0.99978,
        0.999805,
        0.999829,
        0.999854,
        0.999878,
        0.99989,
        0.999902,
        0.999915,
        0.999927,
        0.999939,
        0.999945,
        0.999951,
        0.999957,
        0.999963,
        0.999969,
        0.999973,
        0.999976,
        0.999979,
        0.999982,
        0.999985,
        0.999986,
        0.999988,
        0.999989,
        0.999991,
        0.999992,
        0.999993,
        0.999994,
        0.999995,
        1.0
      ]
    },
    {
      "Values": [
        78,
        105,
        108,
        111,
        114,
        116,
        118,
        120,
        122,
        124,
        126,
        128,
        129,
        131,
        133,
        136,
        137,
        139,
        141,
        143,
        146,
        147,
        149,
        150,
        152,
        155,
        156,
        158,
        160,
        162,
        164,
        165,
        167,
        168,
        171,
        173,
        174,
        176,
        178,
        181,
        183,
        186,
        188,
        191,
        196,
        203,
        208,
        215,
        233,
        265,
        286,
        293,
        300,
        312,
        320,
        331,
        344,
        363,
        378,
        399,
        438,
        488,
        580,
        748,
        877,
        933,
        986,
        1004,
        1015,
        1062,
        1116,
        1123,
        1166,
        1171,
        1172,
        1192,
        1194,
        1194,
        1227,
        1227,
        1350,
        1350,
        1350,
        1370,
        1370,
        1370,
        1370,
        1370,
        1603,
        1603
      ],
      "Percentiles": [
        0.0,
        0.1,
        0.2,
        0.3,
        0.4,
        0.5,
        0.55,
        0.6,
        0.65,
        0.7,
        0.75,
        0.775,
        0.8,
        0.825,
        0.85,
        0.875,
        0.8875,
        0.9,
        0.9125,
        0.925,
        0.9375,
        0.94375,
        0.95,
        0.95625,
        0.9625,
        0.96875,
        0.971875,
        0.975,
        0.978125,
        0.98125,
        0.984375,
        0.985938,
        0.9875,
        0.989062,
        0.990625,
        0.992188,
        0.992969,
        0.99375,
        0.994531,
        0.995313,
        0.996094,
        0.996484,
        0.996875,
        0.997266,
        0.997656,
        0.998047,
        0.998242,
        0.998437,
        0.998633,
        0.998828,
        0.999023,
        0.999121,
        0.999219,
        0.999316,
        0.999414,
        0.999512,
        0.999561,
        0.999609,
        0.999658,
        0.999707,
        0.999756,
        0.99978,
        0.999805,
        0.999829,
        0.999854,
        0.999878,
        0.99989,
        0.999902,
        0.999915,
        0.999927,
        0.999939,
        0.999945,
        0.999951,
        0.999957,
        0.999963,
        0.999969,
        0.999973,
        0.999976,
        0.999979,
        0.999982,
        0.999985,
        0.999986,
        0.999988,
        0.999989,
        0.999991,
        0.999992,
        0.999993,
        0.999994,
        0.999995,
        1.0
      ]
    },
    {
      "Values": [
        75,
        101,
        103,
        105,
        107,
        110,
        111,
        112,
        114,
        115,
        117,
        118,
        119,
        120,
        121,
        123,
        124,
        126,
        127,
        129,
        131,
        132,
        134,
        136,
        138,
        141,
        143,
        145,
        148,
        151,
        154,
        155,
        157,
        159,
        162,
        164,
        166,
        168,
        169,
        171,
        174,
        175,
        177,
        178,
        180,
        182,
        183,
        185,
        187,
        189,
        193,
        196,
        200,
        207,
        235,
        281,
        297,
        306,
        309,
        323,
        333,
        338,
        349,
        354,
        379,
        400,
        407,
        412,
        523,
        855,
        1015,
        1036,
        1063,
        1132,
        1149,
        1170,
        1176,
        1176,
        1291,
        1291,
        1301,
        1301,
        1301,
        1319,
        1319,
        1319,
        1319,
        1319,
        1536,
        1536
      ],