{
  "latency-quic-lat": [
    {
      "Values": [
        98,
        126,
        130,
        134,
        136,
        138,
        139,
        141,
        142,
        144,
        146,
        147,
        148,
        149,
        151,
        153,
        154,
        155,
        157,
        159,
        161,
        163,
        164,
        166,
        168,
        171,
        172,
        174,
        176,
        178,
        180,
        181,
        183,
        184,
        186,
        189,
        190,
        191,
        193,
        194,
        197,
        198,
        199,
        201,
        204,
        206,
        207,
        209,
        211,
        214,
        218,
        221,
        226,
        234,
        289,
        329,
        339,
        363,
        420,
        459,
        615,
        751,
        879,
        1064,
        1409,
        1837,
        1851,
        1938,
        1961,
        2008,
        2141,
        2141,
        2155,
        2155,
        2221,
        2247,
        2327,
        2327,
        2327,
        2379,
        2379,
        2395,
        2395,
        2395,
        2395,
        2395,
        2453,
        2453
      ],
      "Percentiles": [
        0.0,
        0.1,
        0.2,
        0.3,
        0.4,
        0.5,
        0.55,
        0.6,
        0.65,
        0.7,
        0.75,
        0.775,
        0.8,
        0.825,
        0.85,
        0.875,
        0.8875,
        0.9,
        0.9125,
        0.925,
        0.9375,
        0.94375,
        0.95,
        0.95625,
        0.9625,
        0.96875,
        0.971875,
        0.975,
        0.978125,
        0.98125,
        0.984375,
        0.985938,
        0.9875,
        0.989062,
        0.990625,
        0.992188,
        0.992969,
        0.99375,
        0.994531,
        0.995313,
        0.996094,
        0.996484,
        0.996875,
        0.997266,
        0.997656,
        0.998047,
        0.998242,
        0.998437,
        0.998633,
        0.998828,
        0.999023,
        0.999121,
        0.999219,
        0.999316,
        0.999414,
        0.999512,
        0.999561,
        0.999609,
        0.999658,
        0.999707,
        0.999756,
        0.99978,
        0.999805,
        0.999829,
        0.999854,
        0.999878,
        0.99989,
        0.999902,
        0.999915,
        0.999927,
        0.999939,
        0.999945,
        0.999951,
        0.999957,
        0.999963,
        0.999969,
        0.999973,
        0.999976,
        0.999979,
        0.999982,
        0.999985,
        0.999986,
        0.999988,
        0.999989,
        0.999991,
        0.999992,
        0.999993,
        1.0
      ]
    },
    {
      "Values": [
        99,
        129,
        133,
        136,
        138,
        141,
        142,
        144,
        145,
        147,
        149,
        150,
        151,
        152,
        154,
        156,
        157,
        159,
        161,
        163,
        165,
        167,
        169,
        170,
        173,
        175,
        176,
        178,
        180,
        182,
        184,
        186,
        187,
        189,
        191,
        193,
        194,
        196,
        198,
        200,
        203,
        204,
        206,
        208,
        210,
        213,
        215,
        216,
        219,
        225,
        232,
        242,
        289,
        307,
        332,
        348,
        367,
        384,
        407,
        452,
        526,
        777,
        977,
        1026,
        1132,
        1220,
        1221,
        1246,
        1305,
        1307,
        1322,
        1324,
        1350,
        1367,
        1367,
        1427,
        1447,
        1447,
        1529,
        1529,
        1529,
        10607,
        10607,
        10607,
        10607,
        10607,
        14879,
        14879
      ],
      "Percentiles": [
        0.0,
        0.1,
        0.2,
        0.3,
        0.4,
        0.5,
        0.55,
        0.6,
        0.65,
        0.7,
        0.75,
        0.775,
        0.8,
        0.825,
        0.85,
        0.875,
        0.8875,
        0.9,
        0.9125,
        0.925,
        0.9375,
        0.94375,
        0.95,
        0.95625,
        0.9625,
        0.96875,
        0.971875,
        0.975,
        0.978125,
        0.98125,
        0.984375,
        0.985938,
        0.9875,
        0.989062,
        0.990625,
        0.992188,
        0.992969,
        0.99375,
        0.994531,
        0.995313,
        0.996094,
        0.996484,
        0.996875,
        0.997266,
        0.997656,
        0.998047,
        0.998242,
        0.998437,
        0.998633,
        0.998828,
        0.999023,
        0.999121,
        0.999219,
        0.999316,
        0.999414,
        0.999512,
        0.999561,
        0.999609,
        0.999658,
        0.999707,
        0.999756,
        0.99978,
        0.999805,
        0.999829,
        0.999854,
        0.999878,
        0.99989,
        0.999902,
        0.999915,
        0.999927,
        0.999939,
        0.999945,
        0.999951,
        0.999957,
        0.999963,
        0.999969,
        0.999973,
        0.999976,
        0.999979,
        0.999982,
        0.999985,
        0.999986,
        0.999988,
        0.999989,
        0.999991,
        0.999992,
        0.999993,
        1.0
      ]
    },
    {
      "Values": [
        98,
        126,
        131,
        135,
        138,
        140,
        141,
        143,
        144,
        146,
        148,
        149,
        150,
        151,
        152,
        154,
        154,
        155,
        156,
        158,
        159,
        160,
        161,
        163,
        164,
        166,
        167,
        168,
        169,
        171,
        173,
        174,
        175,
        177,
        179,
        182,
        183,
        184,
        186,
        189,
        191,
        193,
        195,
        198,
        200,
        202,
        204,
        207,
        209,
        213,
        220,
        223,
        229,
        254,
        301,
        323,
        332,
        345,
        358,
        378,
        397,
        431,
        437,
        454,
        635,
        716,
        921,
        937,
        975,
        1031,
        1130,
        1153,
        1174,
        1174,
        1188,
        1277,
        1282,
        1282,
        1282,
        1304,
        1304,
        1309,
        1309,
        1309,
        1309,
        1309,
        1311,
        1311
      ],