{
  "latency-quic-lat": [
    {
      "Values": [
        77,
        104,
        107,
        109,
        111,
        113,
        114,
        115,
        116,
        118,
        120,
        120,
        121,
        122,
        123,
        125,
        125,
        126,
        127,
        127,
        128,
        129,
        129,
        130,
        131,
        133,
        133,
        134,
        135,
        136,
        137,
        138,
        139,
        140,
        142,
        144,
        145,
        146,
        148,
        150,
        153,
        155,
        157,
        160,
        163,
        167,
        170,
        173,
        175,
        180,
        190,
        194,
        201,
        214,
        278,
        296,
        304,
        314,
        319,
        329,
        345,
        362,
        379,
        399,
        456,
        655,
        669,
        705,
        739,
        796,
        814,
        831,
        975,
        984,
        995,
        1020,
        1035,
        1035,
        1068,
        1068,
        1203,
        1203,
        1203,
        2046,
        2046,
        2046,
        2046,
        2046,
        2887,
        2887
      ],
      "Percentiles": [
        0.0,
        0.1,
        0.2,
        0.3,
        0.4,
        0.5,
        0.55,
        0.6,
        0.65,
        0.7,
        0.75,
        0.775,
        0.8,
        0.825,
        0.85,
        0.875,
        0.8875,
        0.9,
        0.9125,
        0.925,
        0.9375,
        0.94375,
        0.95,
        0.95625,
        0.9625,
        0.96875,
        0.971875,
        0.975,
        0.978125,
        0.98125,
        0.984375,
        0.985938,
        0.9875,
        0.989062,
        0.990625,
        0.992188,
        0.992969,
        0.99375,
        0.994531,
        0.995313,
        0.996094,
        0.996484,
        0.996875,
        0.997266,
        0.997656,
        0.998047,
        0.998242,
        0.998437,
        0.998633,
        0.998828,
        0.999023,
        0.999121,
        0.999219,
        0.999316,
        0.999414,
        0.999512,
        0.999561,
        0.999609,
        0.999658,
        0.999707,
        0.999756,
        0.99978,
        0.999805,
        0.999829,
        0.999854,
        0.999878,
        0.99989,
        0.999902,
        0.999915,
        0.999927,
        0.999939,
        0.999945,
        0.999951,
        0.999957,
        0.999963,
        0.999969,
        0.999973,
        0.999976,
        0.999979,
        0.999982,
        0.999985,
        0.999986,
        0.999988,
        0.999989,
        0.999991,
        0.999992,
        0.999993,
        0.999994,
        0.999995,
        1.0
      ]
    },
    {
      "Values": [
        75,
        104,
        107,
        109,
        110,
        112,
        113,
        114,
        115,
        117,
        118,
        119,
        120,
        121,
        122,
        123,
        124,
        125,
        125,
        126,
        127,
        128,
        128,
        129,
        130,
        131,
        132,
        133,
        133,
        134,
        135,
        136,
        137,
        138,
        139,
        140,
        141,
        142,
        144,
        146,
        148,
        149,
        151,
        153,
        156,
        160,
        161,
        164,
        168,
        174,
        181,
        191,
        221,
        271,
        304,
        319,
        329,
        343,
        360,
        379,
        410,
        420,
        437,
        443,
        528,
        615,
        692,
        764,
        770,
        841,
        934,
        964,
        1045,
        1140,
        1168,
        1174,
        1218,
        1218,
        1225,
        1225,
        1338,
        1338,
        1338,
        2221,
        2221,
        2221,
        2221,
        2221,
        2399,
        2399
      ],
      "Percentiles": [
        0.0,
        0.1,
        0.2,
        0.3,
        0.4,
        0.5,
        0.55,
        0.6,
        0.65,
        0.7,
        0.75,
        0.775,
        0.8,
        0.825,
        0.85,
        0.875,
        0.8875,
        0.9,
        0.9125,
        0.925,
        0.9375,
        0.94375,
        0.95,
        0.95625,
        0.9625,
        0.96875,
        0.971875,
        0.975,
        0.978125,
        0.98125,
        0.984375,
        0.985938,
        0.9875,
        0.989062,
        0.990625,
        0.992188,
        0.992969,
        0.99375,
        0.994531,
        0.995313,
        0.996094,
        0.996484,
        0.996875,
        0.997266,
        0.997656,
        0.998047,
        0.998242,
        0.998437,
        0.998633,
        0.998828,
        0.999023,
        0.999121,
        0.999219,
        0.999316,
        0.999414,
        0.999512,
        0.999561,
        0.999609,
        0.999658,
        0.999707,
        0.999756,
        0.99978,
        0.999805,
        0.999829,
        0.999854,
        0.999878,
        0.99989,
        0.999902,
        0.999915,
        0.999927,
        0.999939,
        0.999945,
        0.999951,
        0.999957,
        0.999963,
        0.999969,
        0.999973,
        0.999976,
        0.999979,
        0.999982,
        0.999985,
        0.999986,
        0.999988,
        0.999989,
        0.999991,
        0.999992,
        0.999993,
        0.999994,
        0.999995,
        1.0
      ]
    },
    {
      "Values": [
        77,
        101,
        104,
        107,
        109,
        111,
        112,
        113,
        114,
        116,
        118,
        119,
        120,
        121,
        122,
        123,
        123,
        124,
        125,
        126,
        127,
        127,
        128,
        129,
        130,
        131,
        132,
        132,
        133,
        134,
        135,
        136,
        137,
        138,
        139,
        141,
        142,
        143,
        145,
        147,
        150,
        151,
        153,
        156,
        158,
        162,
        166,
        170,
        176,
        186,
        209,
        228,
        275,
        299,
        314,
        327,
        334,
        352,
        374,
        395,
        438,
        469,
        514,
        568,
        603,
        637,
        655,
        670,
        720,
        742,
        772,
        826,
        829,
        935,
        964,
        1030,
        1141,
        1141,
        1250,
        1250,
        1284,
        1284,
        1284,
        1376,
        1376,
        1376,
        1376,
        1376,
        1430,
        1430
      ],