{
  "latency-quic-lat": [
    {
      "Values": [
        87,
        118,
        121,
        123,
        125,
        127,
        129,
        130,
        131,
        133,
        134,
        135,
        136,
        137,
        138,
        139,
        140,
        141,
        141,
        142,
        144,
        144,
        145,
        146,
        147,
        148,
        149,
        149,
        150,
        151,
        152,
        153,
        154,
        155,
        157,
        159,
        160,
        162,
        165,
        168,
        172,
        174,
        176,
        180,
        183,
        187,
        190,
        192,
        194,
        197,
        201,
        203,
        207,
        213,
        217,
        226,
        237,
        259,
        281,
        295,
        309,
        317,
        320,
        323,
        325,
        337,
        343,
        356,
        363,
        371,
        377,
        377,
        378,
        379,
        381,
        403,
        403,
        414,
        414,
        444,
        444,
        444,
        577,
        577,
        577,
        577,
        577,
        821,
        821
      ],
      "Percentiles": [
        0.0,
        0.1,
        0.2,
        0.3,
        0.4,
        0.5,
        0.55,
        0.6,
        0.65,
        0.7,
        0.75,
        0.775,
        0.8,
        0.825,
        0.85,
        0.875,
        0.8875,
        0.9,
        0.9125,
        0.925,
        0.9375,
        0.94375,
        0.95,
        0.95625,
        0.9625,
        0.96875,
        0.971875,
        0.975,
        0.978125,
        0.98125,
        0.984375,
        0.985938,
        0.9875,
        0.989062,
        0.990625,
        0.992188,
        0.992969,
        0.99375,
        0.994531,
        0.995313,
        0.996094,
        0.996484,
        0.996875,
        0.997266,
        0.997656,
        0.998047,
        0.998242,
        0.998437,
        0.998633,
        0.998828,
        0.999023,
        0.999121,
        0.999219,
        0.999316,
        0.999414,
        0.999512,
        0.999561,
        0.999609,
        0.999658,
        0.999707,
        0.999756,
        0.99978,
        0.999805,
        0.999829,
        0.999854,
        0.999878,
        0.99989,
        0.999902,
        0.999915,
        0.999927,
        0.999939,
        0.999945,
        0.999951,
        0.999957,
        0.999963,
        0.999969,
        0.999973,
        0.999976,
        0.999979,
        0.999982,
        0.999985,
        0.999986,
        0.999988,
        0.999989,
        0.999991,
        0.999992,
        0.999993,
        0.999994,
        1.0
      ]
    },
    {
      "Values": [
        84,
        116,
        118,
        120,
        122,
        124,
        125,
        126,
        128,
        129,
        131,
        132,
        133,
        134,
        135,
        137,
        137,
        138,
        139,
        140,
        142,
        142,
        143,
        144,
        146,
        147,
        148,
        149,
        150,
        151,
        153,
        154,
        156,
        157,
        160,
        163,
        165,
        167,
        171,
        175,
        179,
        181,
        184,
        186,
        189,
        192,
        194,
        197,
        200,
        203,
        208,
        210,
        212,
        217,
        223,
        243,
        259,
        283,
        300,
        310,
        317,
        319,
        325,
        329,
        342,
        357,
        369,
        374,
        378,
        381,
        389,
        390,
        403,
        421,
        432,
        444,
        444,
        467,
        467,
        510,
        510,
        510,
        746,
        746,
        746,
        746,
        746,
        929,
        929
      ],
      "Percentiles": [
        0.0,
        0.1,
        0.2,
        0.3,
        0.4,
        0.5,
        0.55,
        0.6,
        0.65,
        0.7,
        0.75,
        0.775,
        0.8,
        0.825,
        0.85,
        0.875,
        0.8875,
        0.9,
        0.9125,
        0.925,
        0.9375,
        0.94375,
        0.95,
        0.95625,
        0.9625,
        0.96875,
        0.971875,
        0.975,
        0.978125,
        0.98125,
        0.984375,
        0.985938,
        0.9875,
        0.989062,
        0.990625,
        0.992188,
        0.992969,
        0.99375,
        0.994531,
        0.995313,
        0.996094,
        0.996484,
        0.996875,
        0.997266,
        0.997656,
        0.998047,
        0.998242,
        0.998437,
        0.998633,
        0.998828,
        0.999023,
        0.999121,
        0.999219,
        0.999316,
        0.999414,
        0.999512,
        0.999561,
        0.999609,
        0.999658,
        0.999707,
        0.999756,
        0.99978,
        0.999805,
        0.999829,
        0.999854,
        0.999878,
        0.99989,
        0.999902,
        0.999915,
        0.999927,
        0.999939,
        0.999945,
        0.999951,
        0.999957,
        0.999963,
        0.999969,
        0.999973,
        0.999976,
        0.999979,
        0.999982,
        0.999985,
        0.999986,
        0.999988,
        0.999989,
        0.999991,
        0.999992,
        0.999993,
        0.999994,
        1.0
      ]
    },
    {
      "Values": [
        86,
        117,
        120,
        123,
        125,
        127,
        128,
        129,
        131,
        132,
        134,
        134,
        135,
        136,
        137,
        138,
        139,
        140,
        141,
        142,
        143,
        144,
        144,
        145,
        146,
        148,
        148,
        149,
        150,
        151,
        152,
        152,
        153,
        154,
        156,
        157,
        158,
        160,
        161,
        163,
        166,
        168,
        171,
        173,
        176,
        180,
        182,
        184,
        187,
        190,
        193,
        196,
        198,
        201,
        203,
        211,
        215,
        224,
        232,
        258,
        291,
        298,
        305,
        309,
        317,
        320,
        321,
        327,
        329,
        335,
        344,
        354,
        360,
        371,
        395,
        428,
        428,
        611,
        611,
        637,
        637,
        637,
        823,
        823,
        823,
        823,
        823,
        855,
        855
      ],