{
  "os_version": "10.0.20348",
  "rps-multi-quic": [
    "1727",
    "58729",
    "77371",
    "103317",
    "158429",
    "224382",
    "279864",
    "309353",
    "105457",
    "1195",
    "61186",
    "83707",
    "112310",
    "153857",
    "223744",
    "272194",
    "314771",
    "101194",
    "7955",
    "58421",
    "79228",
    "102507",
    "131536",
    "232386",
    "265467",
    "277545",
    "106282"
  ],
  "latency-quic-lat": [
    {
      "Values": [
        74,
        98,
        102,
        105,
        106,
        108,
        110,
        111,
        113,
        115,
        116,
        117,
        117,
        118,
        119,
        119,
        120,
        121,
        123,
        125,
        127,
        128,
        129,
        129,
        130,
        131,
        131,
        132,
        133,
        134,
        136,
        138,
        139,
        141,
        143,
        146,
        147,
        149,
        151,
        153,
        156,
        158,
        160,
        163,
        165,
        168,
        170,
        172,
        174,
        177,
        181,
        184,
        186,
        191,
        197,
        207,
        215,
        234,
        259,
        272,
        279,
        281,
        284,
        290,
        293,
        299,
        308,
        316,
        316,
        322,
        329,
        332,
        333,
        350,
        353,
        355,
        369,
        369,
        458,
        458,
        610,
        610,
        610,
        742,
        742,
        742,
        742,
        742,
        1025,
        1025
      ],
      "Percentiles": [
        0.0,
        0.1,
        0.2,
        0.3,
        0.4,
        0.5,
        0.55,
        0.6,
        0.65,
        0.7,
        0.75,
        0.775,
        0.8,
        0.825,
        0.85,
        0.875,
        0.8875,
        0.9,
        0.9125,
        0.925,
        0.9375,
        0.94375,
        0.95,
        0.95625,
        0.9625,
        0.96875,
        0.971875,
        0.975,
        0.978125,
        0.98125,
        0.984375,
        0.985938,
        0.9875,
        0.989062,
        0.990625,
        0.992188,
        0.992969,
        0.99375,
        0.994531,
        0.995313,
        0.996094,
        0.996484,
        0.996875,
        0.997266,
        0.997656,
        0.998047,
        0.998242,
        0.998437,
        0.998633,
        0.998828,
        0.999023,
        0.999121,
        0.999219,
        0.999316,
        0.999414,
        0.999512,
        0.999561,
        0.999609,
        0.999658,
        0.999707,
        0.999756,
        0.99978,
        0.999805,
        0.999829,
        0.999854,
        0.999878,
        0.99989,
        0.999902,
        0.999915,
        0.999927,
        0.999939,
        0.999945,
        0.999951,
        0.999957,
        0.999963,
        0.999969,
        0.999973,
        0.999976,
        0.999979,
        0.999982,
        0.999985,
        0.999986,
        0.999988,
        0.999989,
        0.999991,
        0.999992,
        0.999993,
        0.999994,
        0.999995,
        1.0
      ]
    },
    {
      "Values": [
        73,
        100,
        103,
        105,
        107,
        110,
        112,
        113,
        115,
        116,
        117,
        117,
        118,
        118,
        119,
        121,
        122,
        123,
        125,
        127,
        128,
        128,
        129,
        129,
        130,
        131,
        131,
        133,
        134,
        136,
        139,
        140,
        142,
        144,
        146,
        149,
        151,
        153,
        155,
        158,
        161,
        162,
        164,
        166,
        168,
        170,
        173,
        175,
        178,
        180,
        186,
        189,
        193,
        196,
        203,
        222,
        237,
        257,
        270,
        282,
        285,
        287,
        288,
        290,
        297,
        302,
        306,
        308,
        312,
        318,
        322,
        332,
        342,
        352,
        376,
        391,
        407,
        407,
        439,
        439,
        737,
        737,
        737,
        755,
        755,
        755,
        755,
        755,
        9055,
        9055
      ],
      "Percentiles": [
        0.0,
        0.1,
        0.2,
        0.3,
        0.4,
        0.5,
        0.55,
        0.6,
        0.65,
        0.7,
        0.75,
        0.775,
        0.8,
        0.825,
        0.85,
        0.875,
        0.8875,
        0.9,
        0.9125,
        0.925,
        0.9375,
        0.94375,
        0.95,
        0.95625,
        0.9625,
        0.96875,
        0.971875,
        0.975,
        0.978125,
        0.98125,
        0.984375,
        0.985938,
        0.9875,
        0.989062,
        0.990625,
        0.992188,
        0.992969,
        0.99375,
        0.994531,
        0.995313,
        0.996094,
        0.996484,
        0.996875,
        0.997266,
        0.997656,
        0.998047,
        0.998242,
        0.998437,
        0.998633,
        0.998828,
        0.999023,
        0.999121,
        0.999219,
        0.999316,
        0.999414,
        0.999512,
        0.999561,
        0.999609,
        0.999658,
        0.999707,
        0.999756,
        0.99978,
        0.999805,
        0.999829,
        0.999854,
        0.999878,
        0.99989,
        0.999902,
        0.999915,
        0.999927,
        0.999939,
        0.999945,
        0.999951,
        0.999957,
        0.999963,
        0.999969,
        0.999973,
        0.999976,
        0.999979,
        0.999982,
        0.999985,
        0.999986,
        0.999988,
        0.999989,
        0.999991,
        0.999992,
        0.999993,
        0.999994,
        0.999995,
        1.0
      ]
    },
    {
      "Values": [
        74,
        99,
        103,
        105,
        107,
        110,
        112,
        114,
        115,
        116,
        117,
        118,
        118,
        119,
        120,
        122,
        124,
        126,
        127,
        128,
        129,
        129,
        130,
        131,
        132,
        133,
        134,
        136,
        138,
        139,
        141,
        143,
        144,
        146,
        147,
        150,
        151,
        153,
        155,
        157,
        160,
        162,
        163,
        165,
        167,
        170,
        171,
        173,
        175,
        178,
        181,
        184,
        188,
        193,
        198,
        209,
        234,
        250,
        259,
        269,
        278,
        280,
        282,
        284,
        291,
        295,
        303,
        308,
        313,
        322,
        339,
        355,
        361,
        364,
        369,
        378,
        381,
        381,
        474,
        474,
        537,
        537,
        537,
        690,
        690,
        690,
        690,
        690,
        771,
        771
      ],