{
  "latency-quic": [
    "79",
    "112",
    "126",
    "143",
    "173",
    "326",
    "590",
    "641",
    "8679",
    "77",
    "109",
    "122",
    "139",
    "197",
    "541",
    "1955",
    "4368",
    "8949",
    "79",
    "111",
    "126",
    "152",
    "190",
    "323",
    "549",
    "680",
    "8701"
  ],
  "rps-quic": [
    "682",
    "942",
    "1022",
    "1231",
    "1547",
    "2522",
    "3045",
    "3991",
    "107962",
    "683",
    "942",
    "1030",
    "1253",
    "1590",
    "2716",
    "4533",
    "4551",
    "107462",
    "687",
    "937",
    "1018",
    "1207",
    "1339",
    "2101",
    "2578",
    "2782",
    "108902"
  ],
  "latency-quic-lat": [
    {
      "Values": [
        79,
        104,
        107,
        109,
        110,
        112,
        113,
        114,
        115,
        116,
        118,
        120,
        121,
        122,
        123,
        124,
        125,
        126,
        126,
        127,
        128,
        129,
        130,
        131,
        132,
        133,
        134,
        135,
        136,
        138,
        139,
        140,
        141,
        142,
        143,
        145,
        146,
        147,
        148,
        150,
        152,
        154,
        155,
        157,
        159,
        162,
        163,
        164,
        167,
        170,
        173,
        176,
        180,
        184,
        192,
        206,
        232,
        268,
        282,
        295,
        301,
        305,
        307,
        312,
        314,
        321,
        323,
        326,
        338,
        342,
        358,
        365,
        373,
        375,
        377,
        384,
        398,
        398,
        406,
        406,
        418,
        418,
        418,
        590,
        590,
        590,
        590,
        590,
        641,
        641
      ],
      "Percentiles": [
        0.0,
        0.1,
        0.2,
        0.3,
        0.4,
        0.5,
        0.55,
        0.6,
        0.65,
        0.7,
        0.75,
        0.775,
        0.8,
        0.825,
        0.85,
        0.875,
        0.8875,
        0.9,
        0.9125,
        0.925,
        0.9375,
        0.94375,
        0.95,
        0.95625,
        0.9625,
        0.96875,
        0.971875,
        0.975,
        0.978125,
        0.98125,
        0.984375,
        0.985938,
        0.9875,
        0.989062,
        0.990625,
        0.992188,
        0.992969,
        0.99375,
        0.994531,
        0.995313,
        0.996094,
        0.996484,
        0.996875,
        0.997266,
        0.997656,
        0.998047,
        0.998242,
        0.998437,
        0.998633,
        0.998828,
        0.999023,
        0.999121,
        0.999219,
        0.999316,
        0.999414,
        0.999512,
        0.999561,
        0.999609,
        0.999658,
        0.999707,
        0.999756,
        0.99978,
        0.999805,
        0.999829,
        0.999854,
        0.999878,
        0.99989,
        0.999902,
        0.999915,
        0.999927,
        0.999939,
        0.999945,
        0.999951,
        0.999957,
        0.999963,
        0.999969,
        0.999973,
        0.999976,
        0.999979,
        0.999982,
        0.999985,
        0.999986,
        0.999988,
        0.999989,
        0.999991,
        0.999992,
        0.999993,
        0.999994,
        0.999995,
        1.0
      ]
    },
    {
      "Values": [
        77,
        100,
        103,
        106,
        107,
        109,
        110,
        110,
        111,
        113,
        114,
        115,
        116,
        118,
        119,
        121,
        121,
        122,
        123,
        124,
        125,
        125,
        126,
        127,
        128,
        129,
        130,
        131,
        132,
        134,
        135,
        136,
        137,
        139,
        140,
        142,
        143,
        144,
        146,
        148,
        150,
        152,
        154,
        156,
        159,
        163,
        166,
        169,
        173,
        180,
        202,
        227,
        259,
        279,
        295,
        302,
        306,
        313,
        325,
        337,
        360,
        376,
        394,
        417,
        453,
        504,
        520,
        541,
        639,
        727,
        766,
        802,
        819,
        876,
        912,
        1010,
        1134,
        1134,
        1558,
        1558,
        1563,
        1563,
        1563,
        1955,
        1955,
        1955,
        1955,
        1955,
        4371,
        4371
      ],
      "Percentiles": [
        0.0,
        0.1,
        0.2,
        0.3,
        0.4,
        0.5,
        0.55,
        0.6,
        0.65,
        0.7,
        0.75,
        0.775,
        0.8,
        0.825,
        0.85,
        0.875,
        0.8875,
        0.9,
        0.9125,
        0.925,
        0.9375,
        0.94375,
        0.95,
        0.95625,
        0.9625,
        0.96875,
        0.971875,
        0.975,
        0.978125,
        0.98125,
        0.984375,
        0.985938,
        0.9875,
        0.989062,
        0.990625,
        0.992188,
        0.992969,
        0.99375,
        0.994531,
        0.995313,
        0.996094,
        0.996484,
        0.996875,
        0.997266,
        0.997656,
        0.998047,
        0.998242,
        0.998437,
        0.998633,
        0.998828,
        0.999023,
        0.999121,
        0.999219,
        0.999316,
        0.999414,
        0.999512,
        0.999561,
        0.999609,
        0.999658,
        0.999707,
        0.999756,
        0.99978,
        0.999805,
        0.999829,
        0.999854,
        0.999878,
        0.99989,
        0.999902,
        0.999915,
        0.999927,
        0.999939,
        0.999945,
        0.999951,
        0.999957,
        0.999963,
        0.999969,
        0.999973,
        0.999976,
        0.999979,
        0.999982,
        0.999985,
        0.999986,
        0.999988,
        0.999989,
        0.999991,
        0.999992,
        0.999993,
        0.999994,
        0.999995,
        1.0
      ]
    },
    {
      "Values": [
        79,
        103,
        106,
        108,
        109,
        111,
        112,
        113,
        114,
        116,
        118,
        119,
        120,
        121,
        123,
        124,
        125,
        126,
        127,
        128,
        130,
        131,
        132,
        133,
        135,
        137,
        138,
        140,
        141,
        143,
        146,
        147,
        149,
        151,
        153,
        156,
        157,
        159,
        161,
        163,
        166,
        167,
        169,
        171,
        173,
        176,
        178,
        180,
        182,
        186,
        190,
        193,
        195,
        200,
        208,
        237,
        261,
        277,
        285,
        294,
        299,
        303,
        308,
        313,
        314,
        316,
        318,
        328,
        341,
        345,
        359,
        365,
        367,
        371,
        375,
        380,
        381,
        381,
        417,
        417,
        429,
        429,
        429,
        549,
        549,
        549,
        549,
        549,
        680,
        680
      ],