{
  "latency-quic-lat": [
    {
      "Values": [
        90,
        113,
        116,
        118,
        120,
        122,
        123,
        124,
        125,
        127,
        128,
        129,
        130,
        131,
        133,
        134,
        135,
        136,
        137,
        138,
        139,
        140,
        140,
        141,
        142,
        143,
        144,
        144,
        145,
        147,
        148,
        149,
        150,
        152,
        153,
        155,
        156,
        157,
        159,
        161,
        163,
        164,
        166,
        167,
        169,
        172,
        173,
        176,
        179,
        182,
        187,
        190,
        195,
        203,
        217,
        247,
        278,
        287,
        305,
        311,
        317,
        320,
        321,
        322,
        330,
        332,
        341,
        344,
        360,
        363,
        391,
        392,
        396,
        419,
        424,
        449,
        449,
        632,
        632,
        800,
        800,
        800,
        838,
        838,
        838,
        838,
        838,
        7139,
        7139
      ],
      "Percentiles": [
        0.0,
        0.1,
        0.2,
        0.3,
        0.4,
        0.5,
        0.55,
        0.6,
        0.65,
        0.7,
        0.75,
        0.775,
        0.8,
        0.825,
        0.85,
        0.875,
        0.8875,
        0.9,
        0.9125,
        0.925,
        0.9375,
        0.94375,
        0.95,
        0.95625,
        0.9625,
        0.96875,
        0.971875,
        0.975,
        0.978125,
        0.98125,
        0.984375,
        0.985938,
        0.9875,
        0.989062,
        0.990625,
        0.992188,
        0.992969,
        0.99375,
        0.994531,
        0.995313,
        0.996094,
        0.996484,
        0.996875,
        0.997266,
        0.997656,
        0.998047,
        0.998242,
        0.998437,
        0.998633,
        0.998828,
        0.999023,
        0.999121,
        0.999219,
        0.999316,
        0.999414,
        0.999512,
        0.999561,
        0.999609,
        0.999658,
        0.999707,
        0.999756,
        0.99978,
        0.999805,
        0.999829,
        0.999854,
        0.999878,
        0.99989,
        0.999902,
        0.999915,
        0.999927,
        0.999939,
        0.999945,
        0.999951,
        0.999957,
        0.999963,
        0.999969,
        0.999973,
        0.999976,
        0.999979,
        0.999982,
        0.999985,
        0.999986,
        0.999988,
        0.999989,
        0.999991,
        0.999992,
        0.999993,
        0.999994,
        1.0
      ]
    },
    {
      "Values": [
        87,
        117,
        120,
        123,
        125,
        127,
        128,
        130,
        131,
        133,
        134,
        135,
        136,
        138,
        139,
        140,
        141,
        141,
        142,
        143,
        145,
        146,
        147,
        148,
        149,
        151,
        151,
        152,
        153,
        155,
        157,
        158,
        159,
        161,
        162,
        165,
        166,
        168,
        170,
        172,
        174,
        175,
        177,
        179,
        181,
        184,
        186,
        188,
        193,
        198,
        205,
        208,
        219,
        234,
        257,
        286,
        295,
        308,
        313,
        320,
        333,
        337,
        343,
        347,
        357,
        374,
        386,
        395,
        427,
        449,
        498,
        513,
        545,
        812,
        817,
        1118,
        1118,
        1527,
        1527,
        2039,
        2039,
        2039,
        9343,
        9343,
        9343,
        9343,
        9343,
        15407,
        15407
      ],
      "Percentiles": [
        0.0,
        0.1,
        0.2,
        0.3,
        0.4,
        0.5,
        0.55,
        0.6,
        0.65,
        0.7,
        0.75,
        0.775,
        0.8,
        0.825,
        0.85,
        0.875,
        0.8875,
        0.9,
        0.9125,
        0.925,
        0.9375,
        0.94375,
        0.95,
        0.95625,
        0.9625,
        0.96875,
        0.971875,
        0.975,
        0.978125,
        0.98125,
        0.984375,
        0.985938,
        0.9875,
        0.989062,
        0.990625,
        0.992188,
        0.992969,
        0.99375,
        0.994531,
        0.995313,
        0.996094,
        0.996484,
        0.996875,
        0.997266,
        0.997656,
        0.998047,
        0.998242,
        0.998437,
        0.998633,
        0.998828,
        0.999023,
        0.999121,
        0.999219,
        0.999316,
        0.999414,
        0.999512,
        0.999561,
        0.999609,
        0.999658,
        0.999707,
        0.999756,
        0.99978,
        0.999805,
        0.999829,
        0.999854,
        0.999878,
        0.99989,
        0.999902,
        0.999915,
        0.999927,
        0.999939,
        0.999945,
        0.999951,
        0.999957,
        0.999963,
        0.999969,
        0.999973,
        0.999976,
        0.999979,
        0.999982,
        0.999985,
        0.999986,
        0.999988,
        0.999989,
        0.999991,
        0.999992,
        0.999993,
        0.999994,
        1.0
      ]
    },
    {
      "Values": [
        91,
        116,
        119,
        121,
        123,
        125,
        127,
        128,
        129,
        131,
        132,
        133,
        134,
        136,
        137,
        138,
        139,
        139,
        140,
        141,
        142,
        143,
        144,
        145,
        146,
        148,
        149,
        149,
        150,
        151,
        153,
        153,
        154,
        155,
        157,
        158,
        159,
        160,
        162,
        164,
        166,
        167,
        169,
        170,
        172,
        175,
        177,
        179,
        181,
        184,
        187,
        189,
        192,
        197,
        203,
        213,
        234,
        271,
        288,
        301,
        312,
        316,
        321,
        327,
        332,
        340,
        344,
        345,
        349,
        370,
        383,
        385,
        387,
        404,
        420,
        439,
        439,
        544,
        544,
        730,
        730,
        730,
        755,
        755,
        755,
        755,
        755,
        2309,
        2309
      ],