{
  "commit": "ec50f1cba339b081d0603671196bb307bd0602a9",
  "latency-quic-lat": [
    {
      "Values": [
        74,
        102,
        105,
        107,
        108,
        110,
        112,
        113,
        114,
        116,
        118,
        119,
        120,
        121,
        122,
        123,
        123,
        124,
        125,
        126,
        127,
        128,
        130,
        131,
        132,
        133,
        134,
        135,
        136,
        138,
        140,
        141,
        143,
        144,
        146,
        149,
        150,
        152,
        154,
        156,
        159,
        160,
        162,
        164,
        167,
        169,
        170,
        172,
        175,
        178,
        183,
        185,
        188,
        192,
        197,
        203,
        216,
        246,
        261,
        278,
        284,
        296,
        299,
        305,
        320,
        326,
        331,
        343,
        347,
        348,
        356,
        357,
        359,
        368,
        368,
        372,
        373,
        373,
        395,
        395,
        405,
        405,
        405,
        411,
        411,
        411,
        411,
        411,
        734,
        734
      ],
      "Percentiles": [
        0.0,
        0.1,
        0.2,
        0.3,
        0.4,
        0.5,
        0.55,
        0.6,
        0.65,
        0.7,
        0.75,
        0.775,
        0.8,
        0.825,
        0.85,
        0.875,
        0.8875,
        0.9,
        0.9125,
        0.925,
        0.9375,
        0.94375,
        0.95,
        0.95625,
        0.9625,
        0.96875,
        0.971875,
        0.975,
        0.978125,
        0.98125,
        0.984375,
        0.985938,
        0.9875,
        0.989062,
        0.990625,
        0.992188,
        0.992969,
        0.99375,
        0.994531,
        0.995313,
        0.996094,
        0.996484,
        0.996875,
        0.997266,
        0.997656,
        0.998047,
        0.998242,
        0.998437,
        0.998633,
        0.998828,
        0.999023,
        0.999121,
        0.999219,
        0.999316,
        0.999414,
        0.999512,
        0.999561,
        0.999609,
        0.999658,
        0.999707,
        0.999756,
        0.99978,
        0.999805,
        0.999829,
        0.999854,
        0.999878,
        0.99989,
        0.999902,
        0.999915,
        0.999927,
        0.999939,
        0.999945,
        0.999951,
        0.999957,
        0.999963,
        0.999969,
        0.999973,
        0.999976,
        0.999979,
        0.999982,
        0.999985,
        0.999986,
        0.999988,
        0.999989,
        0.999991,
        0.999992,
        0.999993,
        0.999994,
        0.999995,
        1.0
      ]
    },
    {
      "Values": [
        74,
        98,
        101,
        103,
        105,
        107,
        108,
        109,
        110,
        112,
        114,
        115,
        116,
        117,
        118,
        120,
        120,
        121,
        122,
        122,
        123,
        124,
        125,
        126,
        127,
        129,
        130,
        131,
        132,
        134,
        135,
        136,
        137,
        138,
        140,
        141,
        142,
        143,
        145,
        146,
        149,
        150,
        151,
        152,
        154,
        157,
        158,
        160,
        161,
        164,
        167,
        169,
        171,
        174,
        178,
        184,
        186,
        189,
        197,
        220,
        250,
        272,
        282,
        285,
        290,
        295,
        299,
        318,
        324,
        340,
        344,
        348,
        357,
        358,
        361,
        410,
        410,
        415,
        519,
        519,
        679,
        679,
        679,
        893,
        893,
        893,
        893,
        893,
        9935,
        9935
      ],
      "Percentiles": [
        0.0,
        0.1,
        0.2,
        0.3,
        0.4,
        0.5,
        0.55,
        0.6,
        0.65,
        0.7,
        0.75,
        0.775,
        0.8,
        0.825,
        0.85,
        0.875,
        0.8875,
        0.9,
        0.9125,
        0.925,
        0.9375,
        0.94375,
        0.95,
        0.95625,
        0.9625,
        0.96875,
        0.971875,
        0.975,
        0.978125,
        0.98125,
        0.984375,
        0.985938,
        0.9875,
        0.989062,
        0.990625,
        0.992188,
        0.992969,
        0.99375,
        0.994531,
        0.995313,
        0.996094,
        0.996484,
        0.996875,
        0.997266,
        0.997656,
        0.998047,
        0.998242,
        0.998437,
        0.998633,
        0.998828,
        0.999023,
        0.999121,
        0.999219,
        0.999316,
        0.999414,
        0.999512,
        0.999561,
        0.999609,
        0.999658,
        0.999707,
        0.999756,
        0.99978,
        0.999805,
        0.999829,
        0.999854,
        0.999878,
        0.99989,
        0.999902,
        0.999915,
        0.999927,
        0.999939,
        0.999945,
        0.999951,
        0.999957,
        0.999963,
        0.999969,
        0.999973,
        0.999976,
        0.999979,
        0.999982,
        0.999985,
        0.999986,
        0.999988,
        0.999989,
        0.999991,
        0.999992,
        0.999993,
        0.999994,
        0.999995,
        1.0
      ]
    },
    {
      "Values": [
        74,
        101,
        103,
        105,
        107,
        109,
        110,
        111,
        113,
        114,
        116,
        117,
        118,
        119,
        120,
        121,
        121,
        122,
        122,
        123,
        124,
        125,
        126,
        127,
        128,
        130,
        131,
        131,
        132,
        133,
        134,
        134,
        135,
        136,
        138,
        139,
        141,
        142,
        143,
        145,
        147,
        148,
        150,
        151,
        153,
        156,
        158,
        160,
        162,
        164,
        168,
        170,
        172,
        176,
        180,
        185,
        190,
        196,
        206,
        233,
        272,
        277,
        284,
        295,
        300,
        310,
        310,
        315,
        317,
        334,
        351,
        366,
        367,
        372,
        373,
        377,
        397,
        397,
        405,
        405,
        412,
        412,
        412,
        961,
        961,
        961,
        961,
        961,
        14871,
        14871
      ],