{
  "rps-up-512-down-4000-quic-lat": [
    {
      "Values": [
        70,
        87,
        89,
        91,
        93,
        95,
        96,
        97,
        97,
        98,
        99,
        99,
        100,
        100,
        101,
        102,
        102,
        103,
        103,
        104,
        105,
        105,
        105,
        106,
        106,
        107,
        107,
        108,
        108,
        108,
        109,
        109,
        110,
        111,
        112,
        113,
        114,
        115,
        117,
        119,
        122,
        124,
        127,
        130,
        135,
        144,
        149,
        155,
        160,
        168,
        174,
        182,
        190,
        197,
        209,
        223,
        232,
        247,
        265,
        282,
        318,
        326,
        333,
        342,
        355,
        363,
        366,
        368,
        394,
        398,
        475,
        481,
        497,
        622,
        647,
        661,
        721,
        721,
        749,
        1121,
        1121,
        1346,
        1346,
        1346,
        2129,
        2129,
        2129,
        2129,
        2129,
        2399,
        2399
      ],
      "Percentiles": [
        0.0,
        0.1,
        0.2,
        0.3,
        0.4,
        0.5,
        0.55,
        0.6,
        0.65,
        0.7,
        0.75,
        0.775,
        0.8,
        0.825,
        0.85,
        0.875,
        0.8875,
        0.9,
        0.9125,
        0.925,
        0.9375,
        0.94375,
        0.95,
        0.95625,
        0.9625,
        0.96875,
        0.971875,
        0.975,
        0.978125,
        0.98125,
        0.984375,
        0.985938,
        0.9875,
        0.989062,
        0.990625,
        0.992188,
        0.992969,
        0.99375,
        0.994531,
        0.995313,
        0.996094,
        0.996484,
        0.996875,
        0.997266,
        0.997656,
        0.998047,
        0.998242,
        0.998437,
        0.998633,
        0.998828,
        0.999023,
        0.999121,
        0.999219,
        0.999316,
        0.999414,
        0.999512,
        0.999561,
        0.999609,
        0.999658,
        0.999707,
        0.999756,
        0.99978,
        0.999805,
        0.999829,
        0.999854,
        0.999878,
        0.99989,
        0.999902,
        0.999915,
        0.999927,
        0.999939,
        0.999945,
        0.999951,
        0.999957,
        0.999963,
        0.999969,
        0.999973,
        0.999976,
        0.999979,
        0.999982,
        0.999985,
        0.999986,
        0.999988,
        0.999989,
        0.999991,
        0.999992,
        0.999993,
        0.999994,
        0.999995,
        0.999995,
        1.0
      ]
    },
    {
      "Values": [
        69,
        86,
        89,
        90,
        92,
        95,
        96,
        96,
        97,
        98,
        99,
        99,
        100,
        100,
        101,
        102,
        102,
        102,
        103,
        104,
        104,
        105,
        105,
        106,
        106,
        107,
        107,
        108,
        108,
        109,
        109,
        109,
        110,
        110,
        111,
        112,
        113,
        114,
        115,
        117,
        121,
        123,
        125,
        128,
        132,
        138,
        142,
        145,
        149,
        155,
        163,
        167,
        173,
        179,
        187,
        199,
        210,
        221,
        229,
        244,
        256,
        265,
        277,
        289,
        309,
        327,
        331,
        345,
        348,
        349,
        366,
        377,
        399,
        405,
        414,
        435,
        470,
        470,
        609,
        637,
        637,
        927,
        927,
        927,
        969,
        969,
        969,
        969,
        969,
        1026,
        1026
      ],
      "Percentiles": [
        0.0,
        0.1,
        0.2,
        0.3,
        0.4,
        0.5,
        0.55,
        0.6,
        0.65,
        0.7,
        0.75,
        0.775,
        0.8,
        0.825,
        0.85,
        0.875,
        0.8875,
        0.9,
        0.9125,
        0.925,
        0.9375,
        0.94375,
        0.95,
        0.95625,
        0.9625,
        0.96875,
        0.971875,
        0.975,
        0.978125,
        0.98125,
        0.984375,
        0.985938,
        0.9875,
        0.989062,
        0.990625,
        0.992188,
        0.992969,
        0.99375,
        0.994531,
        0.995313,
        0.996094,
        0.996484,
        0.996875,
        0.997266,
        0.997656,
        0.998047,
        0.998242,
        0.998437,
        0.998633,
        0.998828,
        0.999023,
        0.999121,
        0.999219,
        0.999316,
        0.999414,
        0.999512,
        0.999561,
        0.999609,
        0.999658,
        0.999707,
        0.999756,
        0.99978,
        0.999805,
        0.999829,
        0.999854,
        0.999878,
        0.99989,
        0.999902,
        0.999915,
        0.999927,
        0.999939,
        0.999945,
        0.999951,
        0.999957,
        0.999963,
        0.999969,
        0.999973,
        0.999976,
        0.999979,
        0.999982,
        0.999985,
        0.999986,
        0.999988,
        0.999989,
        0.999991,
        0.999992,
        0.999993,
        0.999994,
        0.999995,
        0.999995,
        1.0
      ]
    },
    {
      "Values": [
        69,
        81,
        85,
        87,
        88,
        89,
        90,
        91,
        91,
        92,
        93,
        93,
        94,
        94,
        95,
        96,
        96,
        97,
        97,
        98,
        98,
        99,
        99,
        100,
        100,
        101,
        101,
        101,
        102,
        102,
        103,
        104,
        105,
        106,
        107,
        109,
        110,
        111,
        113,
        115,
        119,
        121,
        125,
        130,
        136,
        143,
        148,
        154,
        162,
        169,
        179,
        184,
        191,
        202,
        217,
        233,
        246,
        270,
        293,
        312,
        344,
        369,
        399,
        438,
        458,
        506,
        521,
        553,
        649,
        767,
        990,
        1028,
        1200,
        1278,
        1448,
        1652,
        1652,
        1829,
        1880,
        1880,
        2183,
        2183,
        2231,
        2231,
        2231,
        3007,
        3007,
        3007,
        3007,
        3007,
        4863,
        4863
      ],