{
  "latency-quic": [
    "71",
    "109",
    "121",
    "135",
    "157",
    "278",
    "457",
    "615",
    "9069",
    "69",
    "109",
    "122",
    "135",
    "155",
    "283",
    "447",
    "692",
    "9030",
    "70",
    "108",
    "120",
    "133",
    "167",
    "440",
    "10325",
    "16228",
    "9091"
  ],
  "latency-quic-lat": [
    {
      "Values": [
        71,
        100,
        103,
        106,
        107,
        109,
        110,
        111,
        112,
        114,
        115,
        116,
        116,
        117,
        118,
        120,
        120,
        121,
        122,
        123,
        124,
        125,
        126,
        126,
        127,
        128,
        129,
        130,
        130,
        131,
        132,
        132,
        133,
        134,
        135,
        137,
        138,
        139,
        140,
        141,
        143,
        144,
        145,
        146,
        147,
        148,
        150,
        151,
        152,
        154,
        157,
        158,
        160,
        162,
        165,
        168,
        170,
        175,
        179,
        186,
        242,
        251,
        254,
        259,
        270,
        275,
        278,
        282,
        283,
        285,
        288,
        293,
        297,
        304,
        307,
        351,
        361,
        361,
        365,
        365,
        369,
        369,
        369,
        457,
        457,
        457,
        457,
        457,
        615,
        615
      ],
      "Percentiles": [
        0.0,
        0.1,
        0.2,
        0.3,
        0.4,
        0.5,
        0.55,
        0.6,
        0.65,
        0.7,
        0.75,
        0.775,
        0.8,
        0.825,
        0.85,
        0.875,
        0.8875,
        0.9,
        0.9125,
        0.925,
        0.9375,
        0.94375,
        0.95,
        0.95625,
        0.9625,
        0.96875,
        0.971875,
        0.975,
        0.978125,
        0.98125,
        0.984375,
        0.985938,
        0.9875,
        0.989062,
        0.990625,
        0.992188,
        0.992969,
        0.99375,
        0.994531,
        0.995313,
        0.996094,
        0.996484,
        0.996875,
        0.997266,
        0.997656,
        0.998047,
        0.998242,
        0.998437,
        0.998633,
        0.998828,
        0.999023,
        0.999121,
        0.999219,
        0.999316,
        0.999414,
        0.999512,
        0.999561,
        0.999609,
        0.999658,
        0.999707,
        0.999756,
        0.99978,
        0.999805,
        0.999829,
        0.999854,
        0.999878,
        0.99989,
        0.999902,
        0.999915,
        0.999927,
        0.999939,
        0.999945,
        0.999951,
        0.999957,
        0.999963,
        0.999969,
        0.999973,
        0.999976,
        0.999979,
        0.999982,
        0.999985,
        0.999986,
        0.999988,
        0.999989,
        0.999991,
        0.999992,
        0.999993,
        0.999994,
        0.999995,
        1.0
      ]
    },
    {
      "Values": [
        69,
        100,
        104,
        106,
        108,
        109,
        110,
        111,
        113,
        114,
        115,
        116,
        117,
        118,
        119,
        120,
        121,
        122,
        122,
        123,
        124,
        125,
        126,
        127,
        128,
        129,
        129,
        130,
        131,
        131,
        132,
        133,
        134,
        134,
        135,
        137,
        137,
        138,
        139,
        140,
        142,
        143,
        144,
        145,
        146,
        148,
        149,
        150,
        151,
        153,
        155,
        157,
        160,
        162,
        165,
        170,
        174,
        179,
        184,
        203,
        240,
        252,
        257,
        271,
        274,
        279,
        282,
        284,
        286,
        292,
        301,
        309,
        312,
        333,
        338,
        345,
        367,
        367,
        388,
        388,
        406,
        406,
        406,
        447,
        447,
        447,
        447,
        447,
        692,
        692
      ],
      "Percentiles": [
        0.0,
        0.1,
        0.2,
        0.3,
        0.4,
        0.5,
        0.55,
        0.6,
        0.65,
        0.7,
        0.75,
        0.775,
        0.8,
        0.825,
        0.85,
        0.875,
        0.8875,
        0.9,
        0.9125,
        0.925,
        0.9375,
        0.94375,
        0.95,
        0.95625,
        0.9625,
        0.96875,
        0.971875,
        0.975,
        0.978125,
        0.98125,
        0.984375,
        0.985938,
        0.9875,
        0.989062,
        0.990625,
        0.992188,
        0.992969,
        0.99375,
        0.994531,
        0.995313,
        0.996094,
        0.996484,
        0.996875,
        0.997266,
        0.997656,
        0.998047,
        0.998242,
        0.998437,
        0.998633,
        0.998828,
        0.999023,
        0.999121,
        0.999219,
        0.999316,
        0.999414,
        0.999512,
        0.999561,
        0.999609,
        0.999658,
        0.999707,
        0.999756,
        0.99978,
        0.999805,
        0.999829,
        0.999854,
        0.999878,
        0.99989,
        0.999902,
        0.999915,
        0.999927,
        0.999939,
        0.999945,
        0.999951,
        0.999957,
        0.999963,
        0.999969,
        0.999973,
        0.999976,
        0.999979,
        0.999982,
        0.999985,
        0.999986,
        0.999988,
        0.999989,
        0.999991,
        0.999992,
        0.999993,
        0.999994,
        0.999995,
        1.0
      ]
    },
    {
      "Values": [
        70,
        101,
        104,
        105,
        106,
        108,
        109,
        110,
        111,
        113,
        114,
        114,
        115,
        116,
        117,
        118,
        119,
        120,
        121,
        122,
        123,
        123,
        124,
        125,
        126,
        127,
        128,
        128,
        129,
        130,
        131,
        131,
        132,
        133,
        134,
        135,
        136,
        137,
        138,
        139,
        141,
        142,
        144,
        145,
        147,
        150,
        152,
        154,
        157,
        162,
        168,
        172,
        179,
        185,
        198,
        226,
        239,
        248,
        258,
        275,
        283,
        290,
        297,
        324,
        352,
        386,
        433,
        466,
        474,
        587,
        658,
        982,
        994,
        1993,
        2137,
        2679,
        3529,
        3529,
        6251,
        6251,
        7675,
        7675,
        7675,
        10327,
        10327,
        10327,
        10327,
        10327,
        16231,
        16231
      ],