{
  "download-quic": [
    "5325471",
    "5737173",
    "5339068"
  ],
  "latency-quic-lat": [
    {
      "Values": [
        80,
        105,
        108,
        110,
        112,
        115,
        116,
        117,
        119,
        121,
        123,
        124,
        125,
        125,
        127,
        128,
        128,
        129,
        130,
        130,
        132,
        132,
        133,
        135,
        136,
        137,
        138,
        139,
        140,
        141,
        142,
        142,
        143,
        144,
        145,
        146,
        147,
        148,
        150,
        152,
        154,
        156,
        158,
        160,
        161,
        164,
        166,
        169,
        171,
        175,
        180,
        182,
        185,
        191,
        201,
        213,
        224,
        264,
        291,
        311,
        319,
        325,
        331,
        337,
        356,
        380,
        388,
        399,
        401,
        417,
        420,
        436,
        439,
        442,
        453,
        455,
        455,
        455,
        460,
        460,
        607,
        607,
        607,
        805,
        805,
        805,
        805,
        805,
        831,
        831
      ],
      "Percentiles": [
        0.0,
        0.1,
        0.2,
        0.3,
        0.4,
        0.5,
        0.55,
        0.6,
        0.65,
        0.7,
        0.75,
        0.775,
        0.8,
        0.825,
        0.85,
        0.875,
        0.8875,
        0.9,
        0.9125,
        0.925,
        0.9375,
        0.94375,
        0.95,
        0.95625,
        0.9625,
        0.96875,
        0.971875,
        0.975,
        0.978125,
        0.98125,
        0.984375,
        0.985938,
        0.9875,
        0.989062,
        0.990625,
        0.992188,
        0.992969,
        0.99375,
        0.994531,
        0.995313,
        0.996094,
        0.996484,
        0.996875,
        0.997266,
        0.997656,
        0.998047,
        0.998242,
        0.998437,
        0.998633,
        0.998828,
        0.999023,
        0.999121,
        0.999219,
        0.999316,
        0.999414,
        0.999512,
        0.999561,
        0.999609,
        0.999658,
        0.999707,
        0.999756,
        0.99978,
        0.999805,
        0.999829,
        0.999854,
        0.999878,
        0.99989,
        0.999902,
        0.999915,
        0.999927,
        0.999939,
        0.999945,
        0.999951,
        0.999957,
        0.999963,
        0.999969,
        0.999973,
        0.999976,
        0.999979,
        0.999982,
        0.999985,
        0.999986,
        0.999988,
        0.999989,
        0.999991,
        0.999992,
        0.999993,
        0.999994,
        0.999995,
        1.0
      ]
    },
    {
      "Values": [
        75,
        102,
        105,
        107,
        109,
        111,
        112,
        113,
        114,
        115,
        116,
        117,
        118,
        119,
        120,
        122,
        123,
        124,
        125,
        126,
        127,
        128,
        129,
        130,
        130,
        132,
        132,
        133,
        134,
        136,
        138,
        139,
        140,
        141,
        143,
        144,
        145,
        147,
        148,
        150,
        152,
        153,
        154,
        156,
        158,
        160,
        161,
        163,
        165,
        167,
        170,
        171,
        175,
        177,
        183,
        192,
        205,
        261,
        281,
        303,
        322,
        326,
        330,
        351,
        363,
        376,
        377,
        379,
        386,
        399,
        399,
        402,
        406,
        410,
        426,
        430,
        432,
        432,
        472,
        472,
        807,
        807,
        807,
        1012,
        1012,
        1012,
        1012,
        1012,
        1077,
        1077
      ],
      "Percentiles": [
        0.0,
        0.1,
        0.2,
        0.3,
        0.4,
        0.5,
        0.55,
        0.6,
        0.65,
        0.7,
        0.75,
        0.775,
        0.8,
        0.825,
        0.85,
        0.875,
        0.8875,
        0.9,
        0.9125,
        0.925,
        0.9375,
        0.94375,
        0.95,
        0.95625,
        0.9625,
        0.96875,
        0.971875,
        0.975,
        0.978125,
        0.98125,
        0.984375,
        0.985938,
        0.9875,
        0.989062,
        0.990625,
        0.992188,
        0.992969,
        0.99375,
        0.994531,
        0.995313,
        0.996094,
        0.996484,
        0.996875,
        0.997266,
        0.997656,
        0.998047,
        0.998242,
        0.998437,
        0.998633,
        0.998828,
        0.999023,
        0.999121,
        0.999219,
        0.999316,
        0.999414,
        0.999512,
        0.999561,
        0.999609,
        0.999658,
        0.999707,
        0.999756,
        0.99978,
        0.999805,
        0.999829,
        0.999854,
        0.999878,
        0.99989,
        0.999902,
        0.999915,
        0.999927,
        0.999939,
        0.999945,
        0.999951,
        0.999957,
        0.999963,
        0.999969,
        0.999973,
        0.999976,
        0.999979,
        0.999982,
        0.999985,
        0.999986,
        0.999988,
        0.999989,
        0.999991,
        0.999992,
        0.999993,
        0.999994,
        0.999995,
        1.0
      ]
    },
    {
      "Values": [
        77,
        102,
        104,
        106,
        109,
        111,
        112,
        113,
        114,
        116,
        117,
        118,
        120,
        121,
        122,
        124,
        125,
        126,
        127,
        128,
        129,
        130,
        131,
        132,
        133,
        135,
        136,
        137,
        138,
        139,
        141,
        142,
        142,
        143,
        144,
        146,
        148,
        149,
        151,
        152,
        154,
        156,
        157,
        159,
        161,
        165,
        166,
        168,
        170,
        174,
        178,
        181,
        185,
        188,
        193,
        205,
        232,
        277,
        296,
        307,
        318,
        320,
        324,
        334,
        343,
        347,
        357,
        371,
        384,
        391,
        415,
        419,
        429,
        439,
        448,
        455,
        463,
        463,
        474,
        474,
        533,
        533,
        533,
        856,
        856,
        856,
        856,
        856,
        879,
        879
      ],