{
  "tput-down-quic-regression": {
    "CumulativeResult": 8152122.666666667,
    "BestResult": 8610001.666666666,
    "AggregateFunction": "AVG",
    "HasRegression": false,
    "Baseline": 6888001.333333333,
    "BestResultCommit": "e7b897d0661fb61830fd6d62b7039f421bb1015d"
  },
  "rps-up-512-down-4000-quic-lat": [
    {
      "Values": [
        69,
        84,
        85,
        86,
        91,
        94,
        94,
        95,
        95,
        95,
        96,
        96,
        97,
        98,
        101,
        104,
        104,
        105,
        105,
        105,
        106,
        106,
        106,
        106,
        106,
        107,
        107,
        107,
        107,
        108,
        108,
        108,
        109,
        109,
        110,
        110,
        111,
        111,
        112,
        113,
        114,
        115,
        116,
        117,
        119,
        121,
        123,
        124,
        128,
        133,
        141,
        149,
        173,
        236,
        245,
        251,
        256,
        266,
        278,
        285,
        324,
        361,
        406,
        531,
        682,
        696,
        699,
        709,
        722,
        785,
        982,
        1065,
        1087,
        1164,
        1168,
        1180,
        1214,
        1214,
        1407,
        1838,
        1838,
        2059,
        2059,
        2059,
        2847,
        2847,
        2847,
        2847,
        2847,
        4499,
        4499
      ],
      "Percentiles": [
        0.0,
        0.1,
        0.2,
        0.3,
        0.4,
        0.5,
        0.55,
        0.6,
        0.65,
        0.7,
        0.75,
        0.775,
        0.8,
        0.825,
        0.85,
        0.875,
        0.8875,
        0.9,
        0.9125,
        0.925,
        0.9375,
        0.94375,
        0.95,
        0.95625,
        0.9625,
        0.96875,
        0.971875,
        0.975,
        0.978125,
        0.98125,
        0.984375,
        0.985938,
        0.9875,
        0.989062,
        0.990625,
        0.992188,
        0.992969,
        0.99375,
        0.994531,
        0.995313,
        0.996094,
        0.996484,
        0.996875,
        0.997266,
        0.997656,
        0.998047,
        0.998242,
        0.998437,
        0.998633,
        0.998828,
        0.999023,
        0.999121,
        0.999219,
        0.999316,
        0.999414,
        0.999512,
        0.999561,
        0.999609,
        0.999658,
        0.999707,
        0.999756,
        0.99978,
        0.999805,
        0.999829,
        0.999854,
        0.999878,
        0.99989,
        0.999902,
        0.999915,
        0.999927,
        0.999939,
        0.999945,
        0.999951,
        0.999957,
        0.999963,
        0.999969,
        0.999973,
        0.999976,
        0.999979,
        0.999982,
        0.999985,
        0.999986,
        0.999988,
        0.999989,
        0.999991,
        0.999992,
        0.999993,
        0.999994,
        0.999995,
        0.999995,
        1.0
      ]
    },
    {
      "Values": [
        71,
        83,
        84,
        85,
        87,
        93,
        94,
        95,
        95,
        95,
        96,
        96,
        96,
        96,
        97,
        98,
        99,
        102,
        104,
        105,
        105,
        105,
        106,
        106,
        106,
        106,
        106,
        107,
        107,
        107,
        107,
        108,
        108,
        108,
        109,
        109,
        109,
        110,
        110,
        111,
        112,
        112,
        113,
        114,
        115,
        118,
        119,
        120,
        122,
        125,
        127,
        128,
        131,
        133,
        137,
        145,
        150,
        159,
        198,
        242,
        245,
        246,
        250,
        253,
        256,
        260,
        265,
        267,
        269,
        274,
        275,
        283,
        283,
        283,
        289,
        292,
        294,
        294,
        324,
        361,
        361,
        465,
        465,
        465,
        745,
        745,
        745,
        745,
        745,
        1179,
        1179
      ],
      "Percentiles": [
        0.0,
        0.1,
        0.2,
        0.3,
        0.4,
        0.5,
        0.55,
        0.6,
        0.65,
        0.7,
        0.75,
        0.775,
        0.8,
        0.825,
        0.85,
        0.875,
        0.8875,
        0.9,
        0.9125,
        0.925,
        0.9375,
        0.94375,
        0.95,
        0.95625,
        0.9625,
        0.96875,
        0.971875,
        0.975,
        0.978125,
        0.98125,
        0.984375,
        0.985938,
        0.9875,
        0.989062,
        0.990625,
        0.992188,
        0.992969,
        0.99375,
        0.994531,
        0.995313,
        0.996094,
        0.996484,
        0.996875,
        0.997266,
        0.997656,
        0.998047,
        0.998242,
        0.998437,
        0.998633,
        0.998828,
        0.999023,
        0.999121,
        0.999219,
        0.999316,
        0.999414,
        0.999512,
        0.999561,
        0.999609,
        0.999658,
        0.999707,
        0.999756,
        0.99978,
        0.999805,
        0.999829,
        0.999854,
        0.999878,
        0.99989,
        0.999902,
        0.999915,
        0.999927,
        0.999939,
        0.999945,
        0.999951,
        0.999957,
        0.999963,
        0.999969,
        0.999973,
        0.999976,
        0.999979,
        0.999982,
        0.999985,
        0.999986,
        0.999988,
        0.999989,
        0.999991,
        0.999992,
        0.999993,
        0.999994,
        0.999995,
        0.999995,
        1.0
      ]
    },
    {
      "Values": [
        72,
        83,
        84,
        85,
        86,
        90,
        93,
        94,
        94,
        95,
        95,
        95,
        96,
        96,
        96,
        97,
        98,
        99,
        102,
        103,
        104,
        105,
        105,
        105,
        105,
        106,
        106,
        106,
        106,
        106,
        106,
        107,
        107,
        107,
        107,
        107,
        108,
        108,
        108,
        109,
        110,
        110,
        111,
        112,
        113,
        114,
        114,
        115,
        117,
        119,
        121,
        123,
        125,
        128,
        134,
        141,
        160,
        179,
        218,
        243,
        246,
        249,
        252,
        255,
        256,
        258,
        259,
        260,
        264,
        268,
        271,
        284,
        284,
        284,
        290,
        305,
        333,
        333,
        360,
        507,
        507,
        651,
        651,
        651,
        929,
        929,
        929,
        929,
        929,
        1158,
        1158
      ],