{
  "os_version": "10.0.20348",
  "hps-conns-100-quic": [
    "454",
    "458",
    "452"
  ],
  "rps-up-512-down-4000-quic-lat": [
    {
      "Values": [
        69,
        81,
        84,
        87,
        88,
        90,
        90,
        91,
        91,
        92,
        93,
        93,
        94,
        95,
        95,
        96,
        97,
        97,
        98,
        98,
        99,
        99,
        100,
        100,
        101,
        101,
        102,
        102,
        103,
        104,
        105,
        106,
        107,
        109,
        111,
        115,
        117,
        121,
        125,
        133,
        142,
        147,
        155,
        163,
        176,
        192,
        201,
        213,
        226,
        246,
        288,
        309,
        334,
        353,
        402,
        460,
        527,
        629,
        712,
        846,
        944,
        1006,
        1132,
        1277,
        1447,
        1652,
        2109,
        2275,
        2501,
        2783,
        3163,
        3241,
        3709,
        3763,
        3939,
        4019,
        4031,
        4031,
        4103,
        4267,
        4267,
        4299,
        4299,
        4299,
        4479,
        4479,
        4479,
        4479,
        4479,
        8399,
        8399
      ],
      "Percentiles": [
        0.0,
        0.1,
        0.2,
        0.3,
        0.4,
        0.5,
        0.55,
        0.6,
        0.65,
        0.7,
        0.75,
        0.775,
        0.8,
        0.825,
        0.85,
        0.875,
        0.8875,
        0.9,
        0.9125,
        0.925,
        0.9375,
        0.94375,
        0.95,
        0.95625,
        0.9625,
        0.96875,
        0.971875,
        0.975,
        0.978125,
        0.98125,
        0.984375,
        0.985938,
        0.9875,
        0.989062,
        0.990625,
        0.992188,
        0.992969,
        0.99375,
        0.994531,
        0.995313,
        0.996094,
        0.996484,
        0.996875,
        0.997266,
        0.997656,
        0.998047,
        0.998242,
        0.998437,
        0.998633,
        0.998828,
        0.999023,
        0.999121,
        0.999219,
        0.999316,
        0.999414,
        0.999512,
        0.999561,
        0.999609,
        0.999658,
        0.999707,
        0.999756,
        0.99978,
        0.999805,
        0.999829,
        0.999854,
        0.999878,
        0.99989,
        0.999902,
        0.999915,
        0.999927,
        0.999939,
        0.999945,
        0.999951,
        0.999957,
        0.999963,
        0.999969,
        0.999973,
        0.999976,
        0.999979,
        0.999982,
        0.999985,
        0.999986,
        0.999988,
        0.999989,
        0.999991,
        0.999992,
        0.999993,
        0.999994,
        0.999995,
        0.999995,
        1.0
      ]
    },
    {
      "Values": [
        70,
        84,
        89,
        91,
        93,
        94,
        96,
        97,
        98,
        99,
        100,
        100,
        100,
        101,
        101,
        102,
        103,
        103,
        104,
        104,
        105,
        105,
        106,
        106,
        107,
        107,
        108,
        108,
        109,
        110,
        111,
        112,
        113,
        115,
        118,
        124,
        129,
        135,
        143,
        152,
        164,
        171,
        181,
        189,
        200,
        212,
        220,
        229,
        241,
        257,
        283,
        297,
        321,
        338,
        365,
        408,
        444,
        468,
        531,
        629,
        761,
        862,
        974,
        1094,
        1286,
        1481,
        1617,
        1703,
        1988,
        2229,
        2579,
        2685,
        2709,
        2785,
        2905,
        2933,
        3157,
        3157,
        3287,
        3579,
        3579,
        4843,
        4843,
        4843,
        4931,
        4931,
        4931,
        4931,
        4931,
        5639,
        5639
      ],
      "Percentiles": [
        0.0,
        0.1,
        0.2,
        0.3,
        0.4,
        0.5,
        0.55,
        0.6,
        0.65,
        0.7,
        0.75,
        0.775,
        0.8,
        0.825,
        0.85,
        0.875,
        0.8875,
        0.9,
        0.9125,
        0.925,
        0.9375,
        0.94375,
        0.95,
        0.95625,
        0.9625,
        0.96875,
        0.971875,
        0.975,
        0.978125,
        0.98125,
        0.984375,
        0.985938,
        0.9875,
        0.989062,
        0.990625,
        0.992188,
        0.992969,
        0.99375,
        0.994531,
        0.995313,
        0.996094,
        0.996484,
        0.996875,
        0.997266,
        0.997656,
        0.998047,
        0.998242,
        0.998437,
        0.998633,
        0.998828,
        0.999023,
        0.999121,
        0.999219,
        0.999316,
        0.999414,
        0.999512,
        0.999561,
        0.999609,
        0.999658,
        0.999707,
        0.999756,
        0.99978,
        0.999805,
        0.999829,
        0.999854,
        0.999878,
        0.99989,
        0.999902,
        0.999915,
        0.999927,
        0.999939,
        0.999945,
        0.999951,
        0.999957,
        0.999963,
        0.999969,
        0.999973,
        0.999976,
        0.999979,
        0.999982,
        0.999985,
        0.999986,
        0.999988,
        0.999989,
        0.999991,
        0.999992,
        0.999993,
        0.999994,
        0.999995,
        0.999995,
        1.0
      ]
    },
    {
      "Values": [
        68,
        79,
        82,
        86,
        88,
        90,
        91,
        91,
        92,
        92,
        93,
        93,
        94,
        94,
        95,
        96,
        97,
        97,
        98,
        98,
        99,
        99,
        100,
        100,
        101,
        101,
        102,
        103,
        103,
        105,
        107,
        108,
        110,
        112,
        115,
        119,
        121,
        124,
        128,
        133,
        141,
        147,
        155,
        162,
        176,
        187,
        195,
        202,
        213,
        223,
        242,
        250,
        267,
        279,
        302,
        341,
        357,
        384,
        436,
        491,
        627,
        666,
        727,
        805,
        1071,
        1338,
        1362,
        1535,
        1602,
        1705,
        1729,
        1735,
        2021,
        2619,
        3097,
        3629,
        3629,
        3759,
        4263,
        4263,
        4331,
        4331,
        5063,
        5063,
        5063,
        5071,
        5071,
        5071,
        5071,
        5071,
        5107,
        5107
      ],