{
  "commit": "75e5896e8e020e02aa03db83c64f345c25915e7f",
  "rps-up-512-down-4000-quic-lat": [
    {
      "Values": [
        70,
        79,
        80,
        81,
        83,
        85,
        87,
        89,
        90,
        91,
        93,
        94,
        94,
        95,
        95,
        96,
        96,
        97,
        98,
        99,
        101,
        102,
        102,
        103,
        104,
        104,
        104,
        105,
        105,
        105,
        105,
        106,
        106,
        106,
        107,
        107,
        107,
        108,
        109,
        110,
        111,
        112,
        113,
        114,
        116,
        119,
        120,
        122,
        125,
        129,
        134,
        139,
        145,
        156,
        216,
        241,
        242,
        244,
        246,
        250,
        254,
        257,
        262,
        264,
        267,
        271,
        276,
        278,
        279,
        283,
        287,
        288,
        293,
        303,
        312,
        400,
        400,
        434,
        560,
        560,
        997,
        997,
        1166,
        1166,
        1166,
        1170,
        1170,
        1170,
        1170,
        1170,
        1178,
        1178
      ],
      "Percentiles": [
        0.0,
        0.1,
        0.2,
        0.3,
        0.4,
        0.5,
        0.55,
        0.6,
        0.65,
        0.7,
        0.75,
        0.775,
        0.8,
        0.825,
        0.85,
        0.875,
        0.8875,
        0.9,
        0.9125,
        0.925,
        0.9375,
        0.94375,
        0.95,
        0.95625,
        0.9625,
        0.96875,
        0.971875,
        0.975,
        0.978125,
        0.98125,
        0.984375,
        0.985938,
        0.9875,
        0.989062,
        0.990625,
        0.992188,
        0.992969,
        0.99375,
        0.994531,
        0.995313,
        0.996094,
        0.996484,
        0.996875,
        0.997266,
        0.997656,
        0.998047,
        0.998242,
        0.998437,
        0.998633,
        0.998828,
        0.999023,
        0.999121,
        0.999219,
        0.999316,
        0.999414,
        0.999512,
        0.999561,
        0.999609,
        0.999658,
        0.999707,
        0.999756,
        0.99978,
        0.999805,
        0.999829,
        0.999854,
        0.999878,
        0.99989,
        0.999902,
        0.999915,
        0.999927,
        0.999939,
        0.999945,
        0.999951,
        0.999957,
        0.999963,
        0.999969,
        0.999973,
        0.999976,
        0.999979,
        0.999982,
        0.999985,
        0.999986,
        0.999988,
        0.999989,
        0.999991,
        0.999992,
        0.999993,
        0.999994,
        0.999995,
        0.999995,
        0.999996,
        1.0
      ]
    },
    {
      "Values": [
        69,
        79,
        81,
        82,
        84,
        87,
        89,
        90,
        91,
        93,
        94,
        94,
        95,
        95,
        96,
        96,
        97,
        98,
        99,
        100,
        102,
        102,
        103,
        103,
        104,
        104,
        104,
        105,
        105,
        105,
        105,
        106,
        106,
        106,
        106,
        106,
        107,
        107,
        107,
        108,
        108,
        109,
        109,
        110,
        111,
        113,
        114,
        115,
        116,
        118,
        121,
        123,
        126,
        129,
        135,
        144,
        159,
        203,
        240,
        244,
        246,
        247,
        249,
        250,
        251,
        258,
        259,
        265,
        266,
        269,
        276,
        278,
        281,
        282,
        283,
        286,
        286,
        295,
        317,
        317,
        335,
        335,
        347,
        347,
        347,
        778,
        778,
        778,
        778,
        778,
        1160,
        1160
      ],
      "Percentiles": [
        0.0,
        0.1,
        0.2,
        0.3,
        0.4,
        0.5,
        0.55,
        0.6,
        0.65,
        0.7,
        0.75,
        0.775,
        0.8,
        0.825,
        0.85,
        0.875,
        0.8875,
        0.9,
        0.9125,
        0.925,
        0.9375,
        0.94375,
        0.95,
        0.95625,
        0.9625,
        0.96875,
        0.971875,
        0.975,
        0.978125,
        0.98125,
        0.984375,
        0.985938,
        0.9875,
        0.989062,
        0.990625,
        0.992188,
        0.992969,
        0.99375,
        0.994531,
        0.995313,
        0.996094,
        0.996484,
        0.996875,
        0.997266,
        0.997656,
        0.998047,
        0.998242,
        0.998437,
        0.998633,
        0.998828,
        0.999023,
        0.999121,
        0.999219,
        0.999316,
        0.999414,
        0.999512,
        0.999561,
        0.999609,
        0.999658,
        0.999707,
        0.999756,
        0.99978,
        0.999805,
        0.999829,
        0.999854,
        0.999878,
        0.99989,
        0.999902,
        0.999915,
        0.999927,
        0.999939,
        0.999945,
        0.999951,
        0.999957,
        0.999963,
        0.999969,
        0.999973,
        0.999976,
        0.999979,
        0.999982,
        0.999985,
        0.999986,
        0.999988,
        0.999989,
        0.999991,
        0.999992,
        0.999993,
        0.999994,
        0.999995,
        0.999995,
        0.999996,
        1.0
      ]
    },
    {
      "Values": [
        70,
        79,
        80,
        81,
        82,
        84,
        86,
        88,
        89,
        90,
        92,
        93,
        94,
        94,
        95,
        95,
        95,
        96,
        96,
        97,
        99,
        100,
        101,
        102,
        102,
        103,
        104,
        104,
        104,
        105,
        105,
        105,
        105,
        105,
        106,
        106,
        106,
        106,
        106,
        107,
        107,
        107,
        108,
        108,
        109,
        110,
        111,
        112,
        113,
        115,
        117,
        119,
        120,
        122,
        125,
        128,
        132,
        138,
        147,
        187,
        240,
        241,
        244,
        247,
        250,
        253,
        257,
        261,
        267,
        269,
        272,
        275,
        275,
        277,
        280,
        282,
        282,
        282,
        283,
        283,
        301,
        301,
        301,
        301,
        301,
        674,
        674,
        674,
        674,
        674,
        769,
        769
      ],