{
  "rps-multi-quic": [
    "3146",
    "50104",
    "65234",
    "83439",
    "118360",
    "190687",
    "240353",
    "261506",
    "124500",
    "5009",
    "49865",
    "65014",
    "82642",
    "127945",
    "222535",
    "284000",
    "296593",
    "124836",
    "3924",
    "49970",
    "65653",
    "82887",
    "125101",
    "201178",
    "227223",
    "240571",
    "124606"
  ],
  "os_version": "10.0.20348",
  "latency-quic-lat": [
    {
      "Values": [
        71,
        95,
        98,
        100,
        102,
        104,
        105,
        106,
        107,
        108,
        110,
        111,
        112,
        113,
        114,
        116,
        117,
        117,
        118,
        119,
        120,
        121,
        121,
        122,
        123,
        124,
        125,
        126,
        127,
        128,
        130,
        130,
        131,
        132,
        134,
        135,
        136,
        137,
        139,
        140,
        143,
        144,
        146,
        148,
        150,
        154,
        156,
        159,
        163,
        171,
        182,
        198,
        221,
        243,
        269,
        286,
        301,
        309,
        320,
        341,
        358,
        385,
        408,
        435,
        469,
        516,
        548,
        585,
        630,
        739,
        831,
        863,
        870,
        1107,
        1141,
        1150,
        1150,
        1645,
        1689,
        1689,
        3457,
        3457,
        3457,
        4627,
        4627,
        4627,
        4627,
        4627,
        13247,
        13247
      ],
      "Percentiles": [
        0.0,
        0.1,
        0.2,
        0.3,
        0.4,
        0.5,
        0.55,
        0.6,
        0.65,
        0.7,
        0.75,
        0.775,
        0.8,
        0.825,
        0.85,
        0.875,
        0.8875,
        0.9,
        0.9125,
        0.925,
        0.9375,
        0.94375,
        0.95,
        0.95625,
        0.9625,
        0.96875,
        0.971875,
        0.975,
        0.978125,
        0.98125,
        0.984375,
        0.985938,
        0.9875,
        0.989062,
        0.990625,
        0.992188,
        0.992969,
        0.99375,
        0.994531,
        0.995313,
        0.996094,
        0.996484,
        0.996875,
        0.997266,
        0.997656,
        0.998047,
        0.998242,
        0.998437,
        0.998633,
        0.998828,
        0.999023,
        0.999121,
        0.999219,
        0.999316,
        0.999414,
        0.999512,
        0.999561,
        0.999609,
        0.999658,
        0.999707,
        0.999756,
        0.99978,
        0.999805,
        0.999829,
        0.999854,
        0.999878,
        0.99989,
        0.999902,
        0.999915,
        0.999927,
        0.999939,
        0.999945,
        0.999951,
        0.999957,
        0.999963,
        0.999969,
        0.999973,
        0.999976,
        0.999979,
        0.999982,
        0.999985,
        0.999986,
        0.999988,
        0.999989,
        0.999991,
        0.999992,
        0.999993,
        0.999994,
        0.999995,
        1.0
      ]
    },
    {
      "Values": [
        72,
        94,
        97,
        99,
        101,
        103,
        104,
        105,
        106,
        107,
        109,
        109,
        110,
        112,
        113,
        115,
        115,
        116,
        117,
        118,
        119,
        120,
        120,
        121,
        122,
        123,
        124,
        125,
        126,
        127,
        128,
        129,
        130,
        131,
        132,
        134,
        135,
        135,
        137,
        138,
        140,
        141,
        142,
        144,
        146,
        148,
        149,
        151,
        153,
        156,
        159,
        162,
        165,
        171,
        182,
        197,
        217,
        258,
        277,
        292,
        301,
        303,
        306,
        308,
        311,
        318,
        324,
        338,
        346,
        357,
        371,
        378,
        380,
        382,
        392,
        432,
        432,
        444,
        444,
        512,
        580,
        580,
        580,
        580,
        631,
        631,
        631,
        631,
        631,
        731,
        731
      ],
      "Percentiles": [
        0.0,
        0.1,
        0.2,
        0.3,
        0.4,
        0.5,
        0.55,
        0.6,
        0.65,
        0.7,
        0.75,
        0.775,
        0.8,
        0.825,
        0.85,
        0.875,
        0.8875,
        0.9,
        0.9125,
        0.925,
        0.9375,
        0.94375,
        0.95,
        0.95625,
        0.9625,
        0.96875,
        0.971875,
        0.975,
        0.978125,
        0.98125,
        0.984375,
        0.985938,
        0.9875,
        0.989062,
        0.990625,
        0.992188,
        0.992969,
        0.99375,
        0.994531,
        0.995313,
        0.996094,
        0.996484,
        0.996875,
        0.997266,
        0.997656,
        0.998047,
        0.998242,
        0.998437,
        0.998633,
        0.998828,
        0.999023,
        0.999121,
        0.999219,
        0.999316,
        0.999414,
        0.999512,
        0.999561,
        0.999609,
        0.999658,
        0.999707,
        0.999756,
        0.99978,
        0.999805,
        0.999829,
        0.999854,
        0.999878,
        0.99989,
        0.999902,
        0.999915,
        0.999927,
        0.999939,
        0.999945,
        0.999951,
        0.999957,
        0.999963,
        0.999969,
        0.999973,
        0.999976,
        0.999979,
        0.999982,
        0.999985,
        0.999986,
        0.999988,
        0.999989,
        0.999991,
        0.999992,
        0.999993,
        0.999994,
        0.999995,
        0.999995,
        1.0
      ]
    },
    {
      "Values": [
        70,
        97,
        100,
        102,
        104,
        106,
        107,
        108,
        109,
        110,
        112,
        113,
        114,
        115,
        116,
        118,
        118,
        119,
        120,
        121,
        122,
        122,
        123,
        124,
        125,
        127,
        127,
        128,
        130,
        131,
        132,
        133,
        134,
        135,
        137,
        139,
        140,
        141,
        143,
        145,
        147,
        148,
        149,
        151,
        153,
        155,
        156,
        158,
        161,
        164,
        166,
        168,
        171,
        175,
        180,
        188,
        198,
        244,
        278,
        285,
        295,
        300,
        304,
        311,
        316,
        321,
        328,
        340,
        353,
        356,
        367,
        377,
        379,
        382,
        408,
        410,
        410,
        436,
        442,
        442,
        539,
        539,
        539,
        544,
        544,
        544,
        544,
        544,
        660,
        660
      ],