{
  "tput-down-quic-regression": {
    "HasRegression": true,
    "BestResultCommit": "28cceb22010564caed3add0d0ec6fe8ef24ad69c",
    "BestResult": 8515447,
    "Baseline": 5960812.899999999,
    "CumulativeResult": 3007862.3333333335,
    "AggregateFunction": "AVG"
  },
  "hps-conns-100-quic": [
    "176",
    "185",
    "187"
  ],
  "rps-up-512-down-4000-quic-regression": {
    "HasRegression": false,
    "BestResultCommit": "28cceb22010564caed3add0d0ec6fe8ef24ad69c",
    "BestResult": 10806.333333333334,
    "Baseline": 7564.433333333333,
    "CumulativeResult": 11725,
    "AggregateFunction": "AVG"
  },
  "rps-up-512-down-4000-quic-lat": [
    {
      "Values": [
        55,
        58,
        62,
        80,
        81,
        82,
        83,
        83,
        85,
        88,
        103,
        104,
        104,
        105,
        105,
        106,
        106,
        106,
        107,
        107,
        107,
        108,
        108,
        109,
        109,
        111,
        112,
        113,
        115,
        117,
        119,
        121,
        122,
        124,
        126,
        129,
        131,
        133,
        137,
        140,
        144,
        147,
        150,
        154,
        159,
        167,
        172,
        178,
        185,
        192,
        212,
        228,
        248,
        269,
        308,
        353,
        390,
        420,
        471,
        507,
        545,
        577,
        616,
        633,
        664,
        763,
        773,
        792,
        817,
        837,
        983,
        1108,
        1158,
        1235,
        1333,
        1343,
        1434,
        1932,
        2023,
        2023,
        2943,
        2943,
        3151,
        3151,
        3151,
        3713,
        3713,
        3713,
        3713,
        3713,
        4795,
        4795
      ],
      "Percentiles": [
        0.0,
        0.1,
        0.2,
        0.3,
        0.4,
        0.5,
        0.55,
        0.6,
        0.65,
        0.7,
        0.75,
        0.775,
        0.8,
        0.825,
        0.85,
        0.875,
        0.8875,
        0.9,
        0.9125,
        0.925,
        0.9375,
        0.94375,
        0.95,
        0.95625,
        0.9625,
        0.96875,
        0.971875,
        0.975,
        0.978125,
        0.98125,
        0.984375,
        0.985938,
        0.9875,
        0.989062,
        0.990625,
        0.992188,
        0.992969,
        0.99375,
        0.994531,
        0.995313,
        0.996094,
        0.996484,
        0.996875,
        0.997266,
        0.997656,
        0.998047,
        0.998242,
        0.998437,
        0.998633,
        0.998828,
        0.999023,
        0.999121,
        0.999219,
        0.999316,
        0.999414,
        0.999512,
        0.999561,
        0.999609,
        0.999658,
        0.999707,
        0.999756,
        0.99978,
        0.999805,
        0.999829,
        0.999854,
        0.999878,
        0.99989,
        0.999902,
        0.999915,
        0.999927,
        0.999939,
        0.999945,
        0.999951,
        0.999957,
        0.999963,
        0.999969,
        0.999973,
        0.999976,
        0.999979,
        0.999982,
        0.999985,
        0.999986,
        0.999988,
        0.999989,
        0.999991,
        0.999992,
        0.999993,
        0.999994,
        0.999995,
        0.999995,
        0.999996,
        1.0
      ]
    },
    {
      "Values": [
        56,
        59,
        61,
        81,
        82,
        83,
        83,
        84,
        86,
        89,
        104,
        105,
        105,
        106,
        106,
        106,
        107,
        107,
        107,
        108,
        108,
        109,
        109,
        110,
        111,
        112,
        113,
        115,
        116,
        118,
        121,
        123,
        124,
        125,
        128,
        131,
        133,
        135,
        139,
        142,
        146,
        148,
        152,
        156,
        162,
        170,
        174,
        180,
        186,
        197,
        214,
        223,
        237,
        250,
        270,
        297,
        318,
        339,
        372,
        429,
        476,
        522,
        532,
        563,
        593,
        661,
        685,
        699,
        733,
        795,
        805,
        846,
        942,
        1081,
        1141,
        1379,
        1400,
        1432,
        1525,
        1525,
        1820,
        1820,
        2199,
        2199,
        2199,
        3733,
        3733,
        3733,
        3733,
        3733,
        4151,
        4151
      ],