{
  "rps-up-512-down-4000-quic-lat": [
    {
      "Values": [
        56,
        68,
        68,
        68,
        69,
        80,
        80,
        81,
        81,
        81,
        81,
        81,
        81,
        82,
        82,
        82,
        82,
        83,
        83,
        84,
        87,
        88,
        90,
        91,
        91,
        91,
        91,
        91,
        92,
        92,
        93,
        95,
        96,
        97,
        100,
        105,
        108,
        109,
        111,
        115,
        122,
        131,
        142,
        143,
        143,
        144,
        149,
        159,
        162,
        192,
        249,
        283,
        316,
        343,
        376,
        473,
        504,
        527,
        534,
        554,
        577,
        586,
        606,
        668,
        704,
        776,
        817,
        884,
        920,
        943,
        1042,
        1075,
        1088,
        1110,
        1342,
        1884,
        1884,
        3577,
        4067,
        4069,
        4077,
        4077,
        4077,
        4155,
        4155,
        4167,
        4167
      ],
      "Percentiles": [
        0.0,
        0.1,
        0.2,
        0.3,
        0.4,
        0.5,
        0.55,
        0.6,
        0.65,
        0.7,
        0.75,
        0.775,
        0.8,
        0.825,
        0.85,
        0.875,
        0.8875,
        0.9,
        0.9125,
        0.925,
        0.9375,
        0.94375,
        0.95,
        0.95625,
        0.9625,
        0.96875,
        0.971875,
        0.975,
        0.978125,
        0.98125,
        0.984375,
        0.985938,
        0.9875,
        0.989062,
        0.990625,
        0.992188,
        0.992969,
        0.99375,
        0.994531,
        0.995313,
        0.996094,
        0.996484,
        0.996875,
        0.997266,
        0.997656,
        0.998047,
        0.998242,
        0.998437,
        0.998633,
        0.998828,
        0.999023,
        0.999121,
        0.999219,
        0.999316,
        0.999414,
        0.999512,
        0.999561,
        0.999609,
        0.999658,
        0.999707,
        0.999756,
        0.99978,
        0.999805,
        0.999829,
        0.999854,
        0.999878,
        0.99989,
        0.999902,
        0.999915,
        0.999927,
        0.999939,
        0.999945,
        0.999951,
        0.999957,
        0.999963,
        0.999969,
        0.999973,
        0.999976,
        0.999979,
        0.999982,
        0.999985,
        0.999986,
        0.999988,
        0.999989,
        0.999991,
        0.999992,
        1.0
      ]
    },
    {
      "Values": [
        58,
        68,
        74,
        74,
        75,
        75,
        75,
        75,
        76,
        78,
        79,
        79,
        79,
        80,
        80,
        80,
        80,
        80,
        80,
        81,
        81,
        82,
        83,
        84,
        85,
        88,
        89,
        89,
        89,
        89,
        89,
        89,
        90,
        90,
        90,
        93,
        94,
        95,
        97,
        100,
        104,
        105,
        106,
        106,
        107,
        107,
        109,
        110,
        111,
        114,
        117,
        119,
        123,
        127,
        130,
        143,
        150,
        168,
        193,
        223,
        259,
        279,
        296,
        310,
        328,
        370,
        403,
        449,
        471,
        503,
        535,
        549,
        575,
        761,
        822,
        894,
        922,
        1036,
        1124,
        1859,
        1859,
        4079,
        4079,
        4119,
        4119,
        4119,
        4155,
        4155,
        4155,
        4155,
        4155,
        4219,
        4219
      ],
      "Percentiles": [
        0.0,
        0.1,
        0.2,
        0.3,
        0.4,
        0.5,
        0.55,
        0.6,
        0.65,
        0.7,
        0.75,
        0.775,
        0.8,
        0.825,
        0.85,
        0.875,
        0.8875,
        0.9,
        0.9125,
        0.925,
        0.9375,
        0.94375,
        0.95,
        0.95625,
        0.9625,
        0.96875,
        0.971875,
        0.975,
        0.978125,
        0.98125,
        0.984375,
        0.985938,
        0.9875,
        0.989062,
        0.990625,
        0.992188,
        0.992969,
        0.99375,
        0.994531,
        0.995313,
        0.996094,
        0.996484,
        0.996875,
        0.997266,
        0.997656,
        0.998047,
        0.998242,
        0.998437,
        0.998633,
        0.998828,
        0.999023,
        0.999121,
        0.999219,
        0.999316,
        0.999414,
        0.999512,
        0.999561,
        0.999609,
        0.999658,
        0.999707,
        0.999756,
        0.99978,
        0.999805,
        0.999829,
        0.999854,
        0.999878,
        0.99989,
        0.999902,
        0.999915,
        0.999927,
        0.999939,
        0.999945,
        0.999951,
        0.999957,
        0.999963,
        0.999969,
        0.999973,
        0.999976,
        0.999979,
        0.999982,
        0.999985,
        0.999986,
        0.999988,
        0.999989,
        0.999991,
        0.999992,
        0.999993,
        0.999994,
        0.999995,
        0.999995,
        0.999996,
        0.999997,
        1.0
      ]
    },
    {
      "Values": [
        56,
        77,
        78,
        79,
        79,
        79,
        79,
        79,
        79,
        80,
        80,
        80,
        80,
        80,
        81,
        84,
        88,
        88,
        88,
        89,
        89,
        89,
        89,
        89,
        89,
        89,
        89,
        89,
        89,
        89,
        90,
        90,
        90,
        91,
        93,
        96,
        97,
        98,
        101,
        103,
        106,
        106,
        108,
        109,
        111,
        114,
        115,
        117,
        119,
        120,
        123,
        125,
        127,
        130,
        133,
        138,
        141,
        145,
        154,
        171,
        191,
        201,
        217,
        254,
        304,
        332,
        349,
        367,
        429,
        463,
        505,
        507,
        520,
        578,
        627,
        1112,
        1173,
        1173,
        1255,
        1283,
        1325,
        1325,
        1325,
        1801,
        1801,
        1882,
        1882,
        1882,
        1882,
        1882,
        3071,
        3071
      ],