{
  "rps-up-512-down-4000-quic-lat": [
    {
      "Values": [
        728,
        1091,
        1158,
        1201,
        1237,
        1262,
        1276,
        1290,
        1303,
        1315,
        1330,
        1338,
        1346,
        1353,
        1360,
        1369,
        1375,
        1382,
        1391,
        1402,
        1414,
        1421,
        1430,
        1446,
        1469,
        1514,
        1541,
        1577,
        1612,
        1669,
        1728,
        1774,
        1822,
        1883,
        1949,
        2011,
        2038,
        2087,
        2131,
        2175,
        2239,
        2277,
        2321,
        2429,
        2501,
        2657,
        2719,
        2777,
        3047,
        3173,
        3233,
        3245,
        3275,
        3343,
        3481,
        4527,
        4795,
        4795,
        4951,
        5479,
        6887,
        6887,
        6887,
        8003,
        8003,
        8711,
        8711,
        8711,
        8711,
        8711,
        10143,
        10143
      ],
      "Percentiles": [
        0.0,
        0.1,
        0.2,
        0.3,
        0.4,
        0.5,
        0.55,
        0.6,
        0.65,
        0.7,
        0.75,
        0.775,
        0.8,
        0.825,
        0.85,
        0.875,
        0.8875,
        0.9,
        0.9125,
        0.925,
        0.9375,
        0.94375,
        0.95,
        0.95625,
        0.9625,
        0.96875,
        0.971875,
        0.975,
        0.978125,
        0.98125,
        0.984375,
        0.985938,
        0.9875,
        0.989062,
        0.990625,
        0.992188,
        0.992969,
        0.99375,
        0.994531,
        0.995313,
        0.996094,
        0.996484,
        0.996875,
        0.997266,
        0.997656,
        0.998047,
        0.998242,
        0.998437,
        0.998633,
        0.998828,
        0.999023,
        0.999121,
        0.999219,
        0.999316,
        0.999414,
        0.999512,
        0.999561,
        0.999609,
        0.999658,
        0.999707,
        0.999756,
        0.99978,
        0.999805,
        0.999829,
        0.999854,
        0.999878,
        0.99989,
        0.999902,
        0.999915,
        0.999927,
        0.999939,
        1.0
      ]
    },
    {
      "Values": [
        670,
        1064,
        1109,
        1140,
        1162,
        1185,
        1196,
        1209,
        1221,
        1234,
        1250,
        1259,
        1269,
        1279,
        1288,
        1299,
        1307,
        1315,
        1327,
        1340,
        1356,
        1367,
        1381,
        1400,
        1430,
        1487,
        1543,
        1619,
        1688,
        1765,
        1865,
        1912,
        1962,
        2031,
        2093,
        2167,
        2207,
        2277,
        2389,
        2517,
        2653,
        2807,
        2921,
        3051,
        3095,
        3267,
        3375,
        3747,
        4089,
        4575,
        5239,
        5423,
        5807,
        6175,
        7651,
        7931,
        8047,
        8223,
        8295,
        9087,
        9087,
        10039,
        10039,
        10087,
        10087,
        10087,
        10199,
        10199,
        10199,
        10199,
        10199,
        10351,
        10351
      ],
      "Percentiles": [
        0.0,
        0.1,
        0.2,
        0.3,
        0.4,
        0.5,
        0.55,
        0.6,
        0.65,
        0.7,
        0.75,
        0.775,
        0.8,
        0.825,
        0.85,
        0.875,
        0.8875,
        0.9,
        0.9125,
        0.925,
        0.9375,
        0.94375,
        0.95,
        0.95625,
        0.9625,
        0.96875,
        0.971875,
        0.975,
        0.978125,
        0.98125,
        0.984375,
        0.985938,
        0.9875,
        0.989062,
        0.990625,
        0.992188,
        0.992969,
        0.99375,
        0.994531,
        0.995313,
        0.996094,
        0.996484,
        0.996875,
        0.997266,
        0.997656,
        0.998047,
        0.998242,
        0.998437,
        0.998633,
        0.998828,
        0.999023,
        0.999121,
        0.999219,
        0.999316,
        0.999414,
        0.999512,
        0.999561,
        0.999609,
        0.999658,
        0.999707,
        0.999756,
        0.99978,
        0.999805,
        0.999829,
        0.999854,
        0.999878,
        0.99989,
        0.999902,
        0.999915,
        0.999927,
        0.999939,
        0.999945,
        1.0
      ]
    },
    {
      "Values": [
        884,
        1252,
        1280,
        1301,
        1321,
        1337,
        1344,
        1352,
        1359,
        1369,
        1382,
        1389,
        1396,
        1402,
        1407,
        1413,
        1417,
        1421,
        1426,
        1434,
        1447,
        1457,
        1469,
        1483,
        1511,
        1549,
        1582,
        1627,
        1671,
        1723,
        1809,
        1861,
        1903,
        1947,
        2026,
        2113,
        2145,
        2179,
        2223,
        2283,
        2361,
        2461,
        2589,
        2703,
        2757,
        2869,
        2949,
        3009,
        3161,
        3259,
        3305,
        3319,
        3323,
        3339,
        3353,
        3451,
        3471,
        4643,
        4643,
        5099,
        5383,
        5383,
        5715,
        5715,
        5715,
        6139,
        6139,
        6139,
        6139,
        6139,
        9439,
        9439
      ],
      "Percentiles": [
        0.0,
        0.1,
        0.2,
        0.3,
        0.4,
        0.5,
        0.55,
        0.6,
        0.65,
        0.7,
        0.75,
        0.775,
        0.8,
        0.825,
        0.85,
        0.875,
        0.8875,
        0.9,
        0.9125,
        0.925,
        0.9375,
        0.94375,
        0.95,
        0.95625,
        0.9625,
        0.96875,
        0.971875,
        0.975,
        0.978125,
        0.98125,
        0.984375,
        0.985938,
        0.9875,
        0.989062,
        0.990625,
        0.992188,
        0.992969,
        0.99375,
        0.994531,
        0.995313,
        0.996094,
        0.996484,
        0.996875,
        0.997266,
        0.997656,
        0.998047,
        0.998242,
        0.998437,
        0.998633,
        0.998828,
        0.999023,
        0.999121,
        0.999219,
        0.999316,
        0.999414,
        0.999512,
        0.999561,
        0.999609,
        0.999658,
        0.999707,
        0.999756,
        0.99978,
        0.999805,
        0.999829,
        0.999854,
        0.999878,
        0.99989,
        0.999902,
        0.999915,
        0.999927,
        0.999939,
        1.0
      ]
    }
  ],
  "tput-down-quic": [
    "740041",
    "670257",
    "539653"
  ],
  "tput-down-tcp": [
    "7868990",
    "7046613",
    "10250702"
  ],
  "commit": "cacfccae195ab36f91fd7e2c27ab56a863935ba3",
  "run_args": {
    "tput-up": "-exec:maxtput -up:12s -ptput:1",
    "tput-down": "-exec:maxtput -down:12s -ptput:1",
    "hps-conns-100": "-exec:maxtput -rconn:1 -share:1 -conns:100 -run:12s -prate:1",
    "rps-up-512-down-4000": "-exec:lowlat -rstream:1 -up:512 -down:4000 -run:20s -plat:1"
  },
  "tput-up-quic": [
    "1283277",
    "903349",
    "1616689"
  ],
  "hps-conns-100-tcp": [
    "500",
    "482",
    "488"
  ],
  "hps-conns-100-quic": [
    "7939",
    "7775",
    "7888"
  ],
  "rps-up-512-down-4000-tcp": [
    "1021",
    "1312",
    "1493",
    "2212",
    "4223",
    "9946",
    "10865",
    "10865",
    "737",
    "724",
    "1233",
    "1442",
    "2259",
    "3809",
    "8453",
    "10084",
    "10084",
    "796",
    "939",
    "1276",
    "1477",
    "2315",
    "3963",
    "9603",
    "10582",
    "10582",
    "761"
  ],