{
  "tput-up-quic": [
    "1242377",
    "857331",
    "1186673"
  ],
  "rps-up-512-down-4000-quic-lat": [
    {
      "Values": [
        866,
        1175,
        1214,
        1241,
        1265,
        1285,
        1296,
        1309,
        1319,
        1329,
        1340,
        1346,
        1353,
        1362,
        1371,
        1381,
        1387,
        1394,
        1404,
        1419,
        1446,
        1469,
        1496,
        1540,
        1608,
        1728,
        1775,
        1836,
        1914,
        2008,
        2099,
        2147,
        2209,
        2265,
        2367,
        2473,
        2559,
        2659,
        2709,
        2755,
        2853,
        3003,
        3123,
        3193,
        3315,
        3471,
        3565,
        3701,
        3907,
        4355,
        5623,
        5751,
        6999,
        7067,
        7823,
        7955,
        8167,
        9087,
        9087,
        9823,
        10103,
        10103,
        10159,
        10159,
        10159,
        10255,
        10255,
        10255,
        10255,
        10255,
        10927,
        10927
      ],
      "Percentiles": [
        0.0,
        0.1,
        0.2,
        0.3,
        0.4,
        0.5,
        0.55,
        0.6,
        0.65,
        0.7,
        0.75,
        0.775,
        0.8,
        0.825,
        0.85,
        0.875,
        0.8875,
        0.9,
        0.9125,
        0.925,
        0.9375,
        0.94375,
        0.95,
        0.95625,
        0.9625,
        0.96875,
        0.971875,
        0.975,
        0.978125,
        0.98125,
        0.984375,
        0.985938,
        0.9875,
        0.989062,
        0.990625,
        0.992188,
        0.992969,
        0.99375,
        0.994531,
        0.995313,
        0.996094,
        0.996484,
        0.996875,
        0.997266,
        0.997656,
        0.998047,
        0.998242,
        0.998437,
        0.998633,
        0.998828,
        0.999023,
        0.999121,
        0.999219,
        0.999316,
        0.999414,
        0.999512,
        0.999561,
        0.999609,
        0.999658,
        0.999707,
        0.999756,
        0.99978,
        0.999805,
        0.999829,
        0.999854,
        0.999878,
        0.99989,
        0.999902,
        0.999915,
        0.999927,
        0.999939,
        1.0
      ]
    },
    {
      "Values": [
        937,
        1183,
        1223,
        1259,
        1282,
        1304,
        1316,
        1330,
        1341,
        1350,
        1361,
        1367,
        1375,
        1384,
        1394,
        1405,
        1410,
        1415,
        1421,
        1429,
        1440,
        1449,
        1459,
        1480,
        1515,
        1575,
        1613,
        1657,
        1724,
        1795,
        1866,
        1920,
        1977,
        2033,
        2087,
        2167,
        2185,
        2227,
        2273,
        2343,
        2423,
        2475,
        2533,
        2691,
        2835,
        3071,
        3127,
        3183,
        3239,
        3315,
        3353,
        3353,
        3375,
        3399,
        3635,
        3865,
        3921,
        4243,
        4243,
        4563,
        5415,
        5415,
        6111,
        6111,
        6111,
        7567,
        7567,
        7567,
        7567,
        7567,
        9847,
        9847
      ],
      "Percentiles": [
        0.0,
        0.1,
        0.2,
        0.3,
        0.4,
        0.5,
        0.55,
        0.6,
        0.65,
        0.7,
        0.75,
        0.775,
        0.8,
        0.825,
        0.85,
        0.875,
        0.8875,
        0.9,
        0.9125,
        0.925,
        0.9375,
        0.94375,
        0.95,
        0.95625,
        0.9625,
        0.96875,
        0.971875,
        0.975,
        0.978125,
        0.98125,
        0.984375,
        0.985938,
        0.9875,
        0.989062,
        0.990625,
        0.992188,
        0.992969,
        0.99375,
        0.994531,
        0.995313,
        0.996094,
        0.996484,
        0.996875,
        0.997266,
        0.997656,
        0.998047,
        0.998242,
        0.998437,
        0.998633,
        0.998828,
        0.999023,
        0.999121,
        0.999219,
        0.999316,
        0.999414,
        0.999512,
        0.999561,
        0.999609,
        0.999658,
        0.999707,
        0.999756,
        0.99978,
        0.999805,
        0.999829,
        0.999854,
        0.999878,
        0.99989,
        0.999902,
        0.999915,
        0.999927,
        0.999939,
        1.0
      ]
    },
    {
      "Values": [
        882,
        1163,
        1197,
        1223,
        1242,
        1258,
        1268,
        1281,
        1293,
        1303,
        1315,
        1322,
        1330,
        1338,
        1348,
        1358,
        1364,
        1372,
        1382,
        1394,
        1405,
        1410,
        1416,
        1426,
        1440,
        1470,
        1493,
        1521,
        1585,
        1657,
        1718,
        1763,
        1806,
        1870,
        1930,
        1989,
        2029,
        2067,
        2085,
        2147,
        2209,
        2233,
        2317,
        2367,
        2433,
        2535,
        2639,
        2699,
        2793,
        2821,
        3069,
        3283,
        3297,
        3469,
        3503,
        3917,
        5395,
        5395,
        6391,
        6403,
        9631,
        9631,
        9631,
        9639,
        9639,
        9855,
        9855,
        9855,
        9855,
        9855,
        10111,
        10111
      ],
      "Percentiles": [
        0.0,
        0.1,
        0.2,
        0.3,
        0.4,
        0.5,
        0.55,
        0.6,
        0.65,
        0.7,
        0.75,
        0.775,
        0.8,
        0.825,
        0.85,
        0.875,
        0.8875,
        0.9,
        0.9125,
        0.925,
        0.9375,
        0.94375,
        0.95,
        0.95625,
        0.9625,
        0.96875,
        0.971875,
        0.975,
        0.978125,
        0.98125,
        0.984375,
        0.985938,
        0.9875,
        0.989062,
        0.990625,
        0.992188,
        0.992969,
        0.99375,
        0.994531,
        0.995313,
        0.996094,
        0.996484,
        0.996875,
        0.997266,
        0.997656,
        0.998047,
        0.998242,
        0.998437,
        0.998633,
        0.998828,
        0.999023,
        0.999121,
        0.999219,
        0.999316,
        0.999414,
        0.999512,
        0.999561,
        0.999609,
        0.999658,
        0.999707,
        0.999756,
        0.99978,
        0.999805,
        0.999829,
        0.999854,
        0.999878,
        0.99989,
        0.999902,
        0.999915,
        0.999927,
        0.999939,
        1.0
      ]
    }
  ],
  "os_version": "Ubuntu 20.04.6 LTS 5.4.0-171-generic",
  "hps-conns-100-tcp": [
    "521",
    "487",
    "481"
  ],
  "run_args": {
    "tput-up": "-exec:maxtput -up:12s -ptput:1",
    "tput-down": "-exec:maxtput -down:12s -ptput:1",
    "hps-conns-100": "-exec:maxtput -rconn:1 -share:1 -conns:100 -run:12s -prate:1",
    "rps-up-512-down-4000": "-exec:lowlat -rstream:1 -up:512 -down:4000 -run:20s -plat:1"
  },