{
  "tput-down-quic": [
    "846764",
    "694791",
    "752232"
  ],
  "hps-conns-100-tcp": [
    "475",
    "468",
    "461"
  ],
  "rps-up-512-down-4000-quic-lat": [
    {
      "Values": [
        776,
        1091,
        1143,
        1180,
        1209,
        1242,
        1254,
        1267,
        1283,
        1302,
        1317,
        1326,
        1335,
        1343,
        1352,
        1363,
        1371,
        1381,
        1391,
        1401,
        1412,
        1419,
        1426,
        1441,
        1466,
        1524,
        1571,
        1607,
        1666,
        1745,
        1846,
        1900,
        1960,
        2012,
        2083,
        2173,
        2227,
        2287,
        2337,
        2465,
        2577,
        2647,
        2691,
        2713,
        2755,
        2781,
        2807,
        2815,
        2821,
        2827,
        2937,
        2967,
        3017,
        3191,
        3207,
        3541,
        3721,
        3721,
        4319,
        4523,
        4995,
        4995,
        4995,
        5827,
        5827,
        7799,
        7799,
        7799,
        7799,
        7799,
        8687,
        8687
      ],
      "Percentiles": [
        0.0,
        0.1,
        0.2,
        0.3,
        0.4,
        0.5,
        0.55,
        0.6,
        0.65,
        0.7,
        0.75,
        0.775,
        0.8,
        0.825,
        0.85,
        0.875,
        0.8875,
        0.9,
        0.9125,
        0.925,
        0.9375,
        0.94375,
        0.95,
        0.95625,
        0.9625,
        0.96875,
        0.971875,
        0.975,
        0.978125,
        0.98125,
        0.984375,
        0.985938,
        0.9875,
        0.989062,
        0.990625,
        0.992188,
        0.992969,
        0.99375,
        0.994531,
        0.995313,
        0.996094,
        0.996484,
        0.996875,
        0.997266,
        0.997656,
        0.998047,
        0.998242,
        0.998437,
        0.998633,
        0.998828,
        0.999023,
        0.999121,
        0.999219,
        0.999316,
        0.999414,
        0.999512,
        0.999561,
        0.999609,
        0.999658,
        0.999707,
        0.999756,
        0.99978,
        0.999805,
        0.999829,
        0.999854,
        0.999878,
        0.99989,
        0.999902,
        0.999915,
        0.999927,
        0.999939,
        1.0
      ]
    },
    {
      "Values": [
        689,
        1097,
        1155,
        1198,
        1231,
        1258,
        1269,
        1282,
        1296,
        1309,
        1320,
        1327,
        1334,
        1342,
        1351,
        1361,
        1366,
        1372,
        1379,
        1387,
        1399,
        1410,
        1425,
        1450,
        1490,
        1559,
        1610,
        1668,
        1734,
        1812,
        1905,
        1941,
        2005,
        2067,
        2129,
        2171,
        2195,
        2247,
        2327,
        2393,
        2467,
        2559,
        2627,
        2931,
        3015,
        3143,
        3175,
        3233,
        3321,
        3335,
        3415,
        3439,
        3733,
        4081,
        4375,
        5163,
        5471,
        5471,
        6103,
        6191,
        6507,
        6507,
        6507,
        6831,
        6831,
        7043,
        7043,
        7043,
        7043,
        7043,
        10007,
        10007
      ],
      "Percentiles": [
        0.0,
        0.1,
        0.2,
        0.3,
        0.4,
        0.5,
        0.55,
        0.6,
        0.65,
        0.7,
        0.75,
        0.775,
        0.8,
        0.825,
        0.85,
        0.875,
        0.8875,
        0.9,
        0.9125,
        0.925,
        0.9375,
        0.94375,
        0.95,
        0.95625,
        0.9625,
        0.96875,
        0.971875,
        0.975,
        0.978125,
        0.98125,
        0.984375,
        0.985938,
        0.9875,
        0.989062,
        0.990625,
        0.992188,
        0.992969,
        0.99375,
        0.994531,
        0.995313,
        0.996094,
        0.996484,
        0.996875,
        0.997266,
        0.997656,
        0.998047,
        0.998242,
        0.998437,
        0.998633,
        0.998828,
        0.999023,
        0.999121,
        0.999219,
        0.999316,
        0.999414,
        0.999512,
        0.999561,
        0.999609,
        0.999658,
        0.999707,
        0.999756,
        0.99978,
        0.999805,
        0.999829,
        0.999854,
        0.999878,
        0.99989,
        0.999902,
        0.999915,
        0.999927,
        0.999939,
        1.0
      ]
    },
    {
      "Values": [
        845,
        1140,
        1180,
        1206,
        1229,
        1253,
        1262,
        1272,
        1283,
        1296,
        1311,
        1318,
        1325,
        1334,
        1344,
        1356,
        1363,
        1369,
        1378,
        1388,
        1406,
        1421,
        1444,
        1473,
        1546,
        1632,
        1706,
        1781,
        1863,
        1976,
        2053,
        2093,
        2145,
        2223,
        2329,
        2569,
        2803,
        3013,
        3145,
        3275,
        3419,
        3543,
        3911,
        4639,
        5847,
        7163,
        7631,
        7999,
        8079,
        8407,
        8455,
        8727,
        8847,
        9055,
        9471,
        9615,
        9703,
        9703,
        9815,
        9911,
        10127,
        10127,
        10127,
        10583,
        10583,
        10623,
        10623,
        10623,
        10623,
        10623,
        11287,
        11287
      ],
      "Percentiles": [
        0.0,
        0.1,
        0.2,
        0.3,
        0.4,
        0.5,
        0.55,
        0.6,
        0.65,
        0.7,
        0.75,
        0.775,
        0.8,
        0.825,
        0.85,
        0.875,
        0.8875,
        0.9,
        0.9125,
        0.925,
        0.9375,
        0.94375,
        0.95,
        0.95625,
        0.9625,
        0.96875,
        0.971875,
        0.975,
        0.978125,
        0.98125,
        0.984375,
        0.985938,
        0.9875,
        0.989062,
        0.990625,
        0.992188,
        0.992969,
        0.99375,
        0.994531,
        0.995313,
        0.996094,
        0.996484,
        0.996875,
        0.997266,
        0.997656,
        0.998047,
        0.998242,
        0.998437,
        0.998633,
        0.998828,
        0.999023,
        0.999121,
        0.999219,
        0.999316,
        0.999414,
        0.999512,
        0.999561,
        0.999609,
        0.999658,
        0.999707,
        0.999756,
        0.99978,
        0.999805,
        0.999829,
        0.999854,
        0.999878,
        0.99989,
        0.999902,
        0.999915,
        0.999927,
        0.999939,
        1.0
      ]
    }
  ],