{
  "rps-up-512-down-4000-quic": [
    "752",
    "1236",
    "1359",
    "1980",
    "3966",
    "10552",
    "13466",
    "13466",
    "790",
    "877",
    "1310",
    "1425",
    "1991",
    "3006",
    "5674",
    "6137",
    "6137",
    "755",
    "746",
    "1250",
    "1370",
    "1918",
    "2996",
    "9094",
    "10274",
    "10274",
    "787"
  ],
  "hps-conns-100-quic": [
    "8344",
    "8075",
    "7819"
  ],
  "tput-up-quic": [
    "1159581",
    "1223096",
    "1062027"
  ],
  "rps-up-512-down-4000-tcp-lat": [
    {
      "Values": [
        757,
        1046,
        1103,
        1143,
        1187,
        1230,
        1252,
        1268,
        1284,
        1305,
        1329,
        1339,
        1351,
        1365,
        1385,
        1409,
        1419,
        1431,
        1445,
        1461,
        1480,
        1490,
        1502,
        1516,
        1552,
        1616,
        1679,
        1738,
        1813,
        1906,
        1982,
        2041,
        2075,
        2125,
        2179,
        2253,
        2317,
        2369,
        2461,
        2535,
        2621,
        2679,
        2771,
        2879,
        2937,
        3083,
        3229,
        3267,
        3439,
        3765,
        4127,
        4735,
        4995,
        5983,
        6199,
        8207,
        8319,
        8319,
        9351,
        9367,
        9751,
        9751,
        9751,
        9783,
        9783,
        9935,
        9935,
        9935,
        9935,
        9935,
        10655,
        10655
      ],
      "Percentiles": [
        0.0,
        0.1,
        0.2,
        0.3,
        0.4,
        0.5,
        0.55,
        0.6,
        0.65,
        0.7,
        0.75,
        0.775,
        0.8,
        0.825,
        0.85,
        0.875,
        0.8875,
        0.9,
        0.9125,
        0.925,
        0.9375,
        0.94375,
        0.95,
        0.95625,
        0.9625,
        0.96875,
        0.971875,
        0.975,
        0.978125,
        0.98125,
        0.984375,
        0.985938,
        0.9875,
        0.989062,
        0.990625,
        0.992188,
        0.992969,
        0.99375,
        0.994531,
        0.995313,
        0.996094,
        0.996484,
        0.996875,
        0.997266,
        0.997656,
        0.998047,
        0.998242,
        0.998437,
        0.998633,
        0.998828,
        0.999023,
        0.999121,
        0.999219,
        0.999316,
        0.999414,
        0.999512,
        0.999561,
        0.999609,
        0.999658,
        0.999707,
        0.999756,
        0.99978,
        0.999805,
        0.999829,
        0.999854,
        0.999878,
        0.99989,
        0.999902,
        0.999915,
        0.999927,
        0.999939,
        1.0
      ]
    },
    {
      "Values": [
        795,
        1145,
        1199,
        1236,
        1271,
        1299,
        1315,
        1332,
        1351,
        1372,
        1393,
        1404,
        1418,
        1430,
        1442,
        1458,
        1466,
        1477,
        1489,
        1500,
        1512,
        1520,
        1534,
        1555,
        1596,
        1658,
        1694,
        1751,
        1812,
        1887,
        1966,
        2007,
        2073,
        2137,
        2207,
        2281,
        2337,
        2449,
        2529,
        2645,
        2731,
        2795,
        2989,
        3151,
        3255,
        3527,
        3603,
        3707,
        3953,
        4995,
        5423,
        5571,
        6439,
        6687,
        7251,
        8167,
        8447,
        8535,
        8535,
        8935,
        9343,
        9343,
        9783,
        9783,
        9783,
        9999,
        9999,
        9999,
        9999,
        9999,
        11447,
        11447
      ],
      "Percentiles": [
        0.0,
        0.1,
        0.2,
        0.3,
        0.4,
        0.5,
        0.55,
        0.6,
        0.65,
        0.7,
        0.75,
        0.775,
        0.8,
        0.825,
        0.85,
        0.875,
        0.8875,
        0.9,
        0.9125,
        0.925,
        0.9375,
        0.94375,
        0.95,
        0.95625,
        0.9625,
        0.96875,
        0.971875,
        0.975,
        0.978125,
        0.98125,
        0.984375,
        0.985938,
        0.9875,
        0.989062,
        0.990625,
        0.992188,
        0.992969,
        0.99375,
        0.994531,
        0.995313,
        0.996094,
        0.996484,
        0.996875,
        0.997266,
        0.997656,
        0.998047,
        0.998242,
        0.998437,
        0.998633,
        0.998828,
        0.999023,
        0.999121,
        0.999219,
        0.999316,
        0.999414,
        0.999512,
        0.999561,
        0.999609,
        0.999658,
        0.999707,
        0.999756,
        0.99978,
        0.999805,
        0.999829,
        0.999854,
        0.999878,
        0.99989,
        0.999902,
        0.999915,
        0.999927,
        0.999939,
        1.0
      ]
    },
    {
      "Values": [
        804,
        1001,
        1103,
        1166,
        1213,
        1251,
        1268,
        1284,
        1303,
        1324,
        1342,
        1351,
        1361,
        1377,
        1400,
        1426,
        1441,
        1456,
        1470,
        1482,
        1495,
        1504,
        1517,
        1539,
        1575,
        1643,
        1691,
        1755,
        1824,
        1894,
        1975,
        2012,
        2065,
        2123,
        2197,
        2309,
        2361,
        2399,
        2459,
        2505,
        2571,
        2631,
        2705,
        2783,
        2977,
        3209,
        3309,
        3589,
        4147,
        4323,
        5879,
        6383,
        6663,
        7975,
        8207,
        8599,
        9263,
        9263,
        9815,
        10063,
        10183,
        10183,
        10183,
        10207,
        10207,
        10551,
        10551,
        10551,
        10551,
        10551,
        11223,
        11223
      ],
      "Percentiles": [
        0.0,
        0.1,
        0.2,
        0.3,
        0.4,
        0.5,
        0.55,
        0.6,
        0.65,
        0.7,
        0.75,
        0.775,
        0.8,
        0.825,
        0.85,
        0.875,
        0.8875,
        0.9,
        0.9125,
        0.925,
        0.9375,
        0.94375,
        0.95,
        0.95625,
        0.9625,
        0.96875,
        0.971875,
        0.975,
        0.978125,
        0.98125,
        0.984375,
        0.985938,
        0.9875,
        0.989062,
        0.990625,
        0.992188,
        0.992969,
        0.99375,
        0.994531,
        0.995313,
        0.996094,
        0.996484,
        0.996875,
        0.997266,
        0.997656,
        0.998047,
        0.998242,
        0.998437,
        0.998633,
        0.998828,
        0.999023,
        0.999121,
        0.999219,
        0.999316,
        0.999414,
        0.999512,
        0.999561,
        0.999609,
        0.999658,
        0.999707,
        0.999756,
        0.99978,
        0.999805,
        0.999829,
        0.999854,
        0.999878,
        0.99989,
        0.999902,
        0.999915,
        0.999927,
        0.999939,
        1.0
      ]
    }
  ],
  "hps-conns-100-tcp": [
    "532",
    "489",
    "479"
  ],