{
  "tput-up-tcp": [
    "10981764",
    "10676840",
    "11152775"
  ],
  "hps-conns-100-tcp-regression": {
    "CumulativeResult": 1604.5,
    "Baseline": 1115.8,
    "BestResult": 1594,
    "AggregateFunction": "AVG",
    "HasRegression": false,
    "BestResultCommit": "28cceb22010564caed3add0d0ec6fe8ef24ad69c"
  },
  "tput-up-quic": [
    "7434306",
    "7430401",
    "7482141"
  ],
  "rps-up-512-down-4000-quic-lat": [
    {
      "Values": [
        53,
        66,
        66,
        67,
        68,
        75,
        75,
        77,
        78,
        78,
        79,
        79,
        79,
        79,
        79,
        80,
        80,
        80,
        81,
        83,
        84,
        86,
        88,
        88,
        89,
        92,
        92,
        93,
        93,
        93,
        94,
        94,
        96,
        98,
        101,
        106,
        107,
        110,
        115,
        122,
        139,
        140,
        141,
        141,
        149,
        164,
        177,
        189,
        210,
        256,
        320,
        348,
        394,
        443,
        480,
        533,
        559,
        603,
        655,
        703,
        772,
        856,
        907,
        1026,
        1058,
        1207,
        1281,
        1288,
        1562,
        1608,
        1823,
        1872,
        1896,
        2355,
        3089,
        3737,
        3769,
        4291,
        4303,
        4323,
        4323,
        4363,
        4363,
        4383,
        4383,
        4383,
        4407,
        4407,
        4407,
        4407,
        4407,
        4535,
        4535
      ],
      "Percentiles": [
        0.0,
        0.1,
        0.2,
        0.3,
        0.4,
        0.5,
        0.55,
        0.6,
        0.65,
        0.7,
        0.75,
        0.775,
        0.8,
        0.825,
        0.85,
        0.875,
        0.8875,
        0.9,
        0.9125,
        0.925,
        0.9375,
        0.94375,
        0.95,
        0.95625,
        0.9625,
        0.96875,
        0.971875,
        0.975,
        0.978125,
        0.98125,
        0.984375,
        0.985938,
        0.9875,
        0.989062,
        0.990625,
        0.992188,
        0.992969,
        0.99375,
        0.994531,
        0.995313,
        0.996094,
        0.996484,
        0.996875,
        0.997266,
        0.997656,
        0.998047,
        0.998242,
        0.998437,
        0.998633,
        0.998828,
        0.999023,
        0.999121,
        0.999219,
        0.999316,
        0.999414,
        0.999512,
        0.999561,
        0.999609,
        0.999658,
        0.999707,
        0.999756,
        0.99978,
        0.999805,
        0.999829,
        0.999854,
        0.999878,
        0.99989,
        0.999902,
        0.999915,
        0.999927,
        0.999939,
        0.999945,
        0.999951,
        0.999957,
        0.999963,
        0.999969,
        0.999973,
        0.999976,
        0.999979,
        0.999982,
        0.999985,
        0.999986,
        0.999988,
        0.999989,
        0.999991,
        0.999992,
        0.999993,
        0.999994,
        0.999995,
        0.999995,
        0.999996,
        0.999997,
        1.0
      ]
    },
    {
      "Values": [
        57,
        76,
        78,
        79,
        79,
        79,
        79,
        79,
        79,
        79,
        79,
        79,
        80,
        80,
        80,
        80,
        80,
        80,
        81,
        82,
        82,
        82,
        82,
        83,
        83,
        85,
        87,
        88,
        89,
        89,
        89,
        90,
        90,
        92,
        95,
        99,
        102,
        105,
        106,
        107,
        109,
        111,
        114,
        117,
        120,
        124,
        127,
        133,
        142,
        148,
        151,
        154,
        160,
        178,
        200,
        240,
        255,
        269,
        302,
        325,
        363,
        389,
        399,
        443,
        488,
        558,
        572,
        606,
        639,
        716,
        809,
        1052,
        1079,
        1225,
        1288,
        1328,
        1538,
        1538,
        1624,
        1859,
        2265,
        2265,
        2265,
        2819,
        2819,
        4035,
        4035,
        4035,
        4035,
        4035,
        4287,
        4287
      ],
      "Percentiles": [
        0.0,
        0.1,
        0.2,
        0.3,
        0.4,
        0.5,
        0.55,
        0.6,
        0.65,
        0.7,
        0.75,
        0.775,
        0.8,
        0.825,
        0.85,
        0.875,
        0.8875,
        0.9,
        0.9125,
        0.925,
        0.9375,
        0.94375,
        0.95,
        0.95625,
        0.9625,
        0.96875,
        0.971875,
        0.975,
        0.978125,
        0.98125,
        0.984375,
        0.985938,
        0.9875,
        0.989062,
        0.990625,
        0.992188,
        0.992969,
        0.99375,
        0.994531,
        0.995313,
        0.996094,
        0.996484,
        0.996875,
        0.997266,
        0.997656,
        0.998047,
        0.998242,
        0.998437,
        0.998633,
        0.998828,
        0.999023,
        0.999121,
        0.999219,
        0.999316,
        0.999414,
        0.999512,
        0.999561,
        0.999609,
        0.999658,
        0.999707,
        0.999756,
        0.99978,
        0.999805,
        0.999829,
        0.999854,
        0.999878,
        0.99989,
        0.999902,
        0.999915,
        0.999927,
        0.999939,
        0.999945,
        0.999951,
        0.999957,
        0.999963,
        0.999969,
        0.999973,
        0.999976,
        0.999979,
        0.999982,
        0.999985,
        0.999986,
        0.999988,
        0.999989,
        0.999991,
        0.999992,
        0.999993,
        0.999994,
        0.999995,
        0.999995,
        0.999996,
        1.0
      ]
    },
    {
      "Values": [
        53,
        65,
        66,
        66,
        76,
        78,
        78,
        78,
        79,
        79,
        79,
        79,
        79,
        79,
        80,
        81,
        81,
        83,
        85,
        88,
        89,
        89,
        89,
        89,
        90,
        94,
        100,
        109,
        139,
        140,
        140,
        140,
        140,
        140,
        140,
        141,
        141,
        141,
        141,
        141,
        141,
        141,
        142,
        142,
        143,
        148,
        154,
        163,
        181,
        209,
        249,
        280,
        299,
        320,
        349,
        406,
        435,
        475,
        517,
        561,
        650,
        733,
        913,
        978,
        1069,
        1243,
        1278,
        1280,
        1280,
        1281,
        1282,
        1287,
        1287,
        1289,
        1359,
        1379,
        1379,
        1512,
        2935,
        3237,
        3245,
        3245,
        3245,
        4355,
        4355,
        4363,
        4363,
        4363,
        4363,
        4363,
        4415,
        4415
      ],