{
  "tput-up-quic": [
    "7421150",
    "7412825",
    "7450345"
  ],
  "rps-up-512-down-4000-quic-lat": [
    {
      "Values": [
        57,
        66,
        68,
        75,
        78,
        78,
        79,
        79,
        79,
        79,
        79,
        79,
        79,
        80,
        80,
        80,
        80,
        81,
        81,
        82,
        84,
        84,
        84,
        84,
        85,
        86,
        88,
        88,
        89,
        89,
        89,
        90,
        92,
        92,
        93,
        96,
        98,
        101,
        103,
        105,
        108,
        111,
        115,
        119,
        125,
        144,
        165,
        185,
        209,
        248,
        315,
        356,
        393,
        424,
        448,
        468,
        480,
        486,
        519,
        588,
        709,
        743,
        860,
        940,
        990,
        1023,
        1100,
        1137,
        1205,
        1327,
        1492,
        1560,
        1817,
        1842,
        1897,
        1921,
        1921,
        1928,
        1931,
        3215,
        3219,
        3219,
        3219,
        3241,
        3241,
        3267,
        3267,
        3267,
        3267,
        3267,
        4183,
        4183
      ],
      "Percentiles": [
        0.0,
        0.1,
        0.2,
        0.3,
        0.4,
        0.5,
        0.55,
        0.6,
        0.65,
        0.7,
        0.75,
        0.775,
        0.8,
        0.825,
        0.85,
        0.875,
        0.8875,
        0.9,
        0.9125,
        0.925,
        0.9375,
        0.94375,
        0.95,
        0.95625,
        0.9625,
        0.96875,
        0.971875,
        0.975,
        0.978125,
        0.98125,
        0.984375,
        0.985938,
        0.9875,
        0.989062,
        0.990625,
        0.992188,
        0.992969,
        0.99375,
        0.994531,
        0.995313,
        0.996094,
        0.996484,
        0.996875,
        0.997266,
        0.997656,
        0.998047,
        0.998242,
        0.998437,
        0.998633,
        0.998828,
        0.999023,
        0.999121,
        0.999219,
        0.999316,
        0.999414,
        0.999512,
        0.999561,
        0.999609,
        0.999658,
        0.999707,
        0.999756,
        0.99978,
        0.999805,
        0.999829,
        0.999854,
        0.999878,
        0.99989,
        0.999902,
        0.999915,
        0.999927,
        0.999939,
        0.999945,
        0.999951,
        0.999957,
        0.999963,
        0.999969,
        0.999973,
        0.999976,
        0.999979,
        0.999982,
        0.999985,
        0.999986,
        0.999988,
        0.999989,
        0.999991,
        0.999992,
        0.999993,
        0.999994,
        0.999995,
        0.999995,
        0.999996,
        1.0
      ]
    },
    {
      "Values": [
        56,
        75,
        78,
        79,
        79,
        79,
        79,
        79,
        79,
        79,
        79,
        79,
        80,
        80,
        80,
        80,
        80,
        80,
        80,
        80,
        81,
        81,
        81,
        82,
        82,
        82,
        83,
        83,
        84,
        85,
        86,
        88,
        89,
        89,
        89,
        90,
        92,
        94,
        96,
        99,
        103,
        104,
        106,
        107,
        110,
        113,
        116,
        118,
        121,
        129,
        151,
        174,
        200,
        241,
        326,
        404,
        424,
        453,
        472,
        498,
        541,
        597,
        664,
        726,
        789,
        871,
        883,
        906,
        921,
        948,
        1006,
        1035,
        1150,
        1376,
        1380,
        1486,
        1915,
        1915,
        1929,
        3211,
        3391,
        3391,
        3391,
        3585,
        3585,
        3813,
        3813,
        3813,
        3813,
        3813,
        4231,
        4231
      ],
      "Percentiles": [
        0.0,
        0.1,
        0.2,
        0.3,
        0.4,
        0.5,
        0.55,
        0.6,
        0.65,
        0.7,
        0.75,
        0.775,
        0.8,
        0.825,
        0.85,
        0.875,
        0.8875,
        0.9,
        0.9125,
        0.925,
        0.9375,
        0.94375,
        0.95,
        0.95625,
        0.9625,
        0.96875,
        0.971875,
        0.975,
        0.978125,
        0.98125,
        0.984375,
        0.985938,
        0.9875,
        0.989062,
        0.990625,
        0.992188,
        0.992969,
        0.99375,
        0.994531,
        0.995313,
        0.996094,
        0.996484,
        0.996875,
        0.997266,
        0.997656,
        0.998047,
        0.998242,
        0.998437,
        0.998633,
        0.998828,
        0.999023,
        0.999121,
        0.999219,
        0.999316,
        0.999414,
        0.999512,
        0.999561,
        0.999609,
        0.999658,
        0.999707,
        0.999756,
        0.99978,
        0.999805,
        0.999829,
        0.999854,
        0.999878,
        0.99989,
        0.999902,
        0.999915,
        0.999927,
        0.999939,
        0.999945,
        0.999951,
        0.999957,
        0.999963,
        0.999969,
        0.999973,
        0.999976,
        0.999979,
        0.999982,
        0.999985,
        0.999986,
        0.999988,
        0.999989,
        0.999991,
        0.999992,
        0.999993,
        0.999994,
        0.999995,
        0.999995,
        0.999996,
        1.0
      ]
    },
    {
      "Values": [
        57,
        73,
        78,
        80,
        82,
        83,
        83,
        83,
        83,
        83,
        84,
        84,
        84,
        84,
        85,
        86,
        87,
        88,
        89,
        89,
        99,
        100,
        101,
        105,
        105,
        106,
        106,
        106,
        106,
        106,
        106,
        106,
        106,
        107,
        107,
        107,
        107,
        108,
        109,
        110,
        111,
        111,
        112,
        113,
        115,
        118,
        120,
        122,
        125,
        128,
        132,
        135,
        140,
        141,
        155,
        195,
        217,
        258,
        278,
        307,
        343,
        364,
        404,
        484,
        534,
        611,
        681,
        759,
        781,
        839,
        1055,
        1060,
        1109,
        1149,
        1449,
        2187,
        2561,
        3887,
        3887,
        4103,
        4247,
        4247,
        4267,
        4267,
        4267,
        4335,
        4335,
        4335,
        4335,
        4335,
        4339,
        4339
      ],