{
  "hps-conns-100-tcp-regression": {
    "BestResultCommit": "main",
    "BestResult": 991.6666666666666,
    "AggregateFunction": "AVG",
    "CumulativeResult": 2511.3333333333335,
    "Baseline": 694.1666666666666,
    "HasRegression": false
  },
  "rps-up-512-down-4000-tcp-lat": [
    {
      "Values": [
        547,
        558,
        560,
        562,
        563,
        565,
        566,
        568,
        569,
        572,
        576,
        581,
        597,
        632,
        635,
        638,
        641,
        644,
        647,
        649,
        650,
        651,
        652,
        654,
        655,
        658,
        659,
        661,
        663,
        665,
        668,
        669,
        670,
        671,
        672,
        674,
        675,
        676,
        678,
        680,
        682,
        683,
        685,
        688,
        691,
        694,
        697,
        701,
        707,
        722,
        737,
        754,
        763,
        767,
        773,
        779,
        780,
        783,
        789,
        790,
        821,
        852,
        867,
        872,
        872,
        897,
        934,
        934,
        1025,
        1025,
        1025,
        2030,
        2030,
        2030,
        2030,
        2030,
        61215,
        61215
      ],
      "Percentiles": [
        0.0,
        0.1,
        0.2,
        0.3,
        0.4,
        0.5,
        0.55,
        0.6,
        0.65,
        0.7,
        0.75,
        0.775,
        0.8,
        0.825,
        0.85,
        0.875,
        0.8875,
        0.9,
        0.9125,
        0.925,
        0.9375,
        0.94375,
        0.95,
        0.95625,
        0.9625,
        0.96875,
        0.971875,
        0.975,
        0.978125,
        0.98125,
        0.984375,
        0.985938,
        0.9875,
        0.989062,
        0.990625,
        0.992188,
        0.992969,
        0.99375,
        0.994531,
        0.995313,
        0.996094,
        0.996484,
        0.996875,
        0.997266,
        0.997656,
        0.998047,
        0.998242,
        0.998437,
        0.998633,
        0.998828,
        0.999023,
        0.999121,
        0.999219,
        0.999316,
        0.999414,
        0.999512,
        0.999561,
        0.999609,
        0.999658,
        0.999707,
        0.999756,
        0.99978,
        0.999805,
        0.999829,
        0.999854,
        0.999878,
        0.99989,
        0.999902,
        0.999915,
        0.999927,
        0.999939,
        0.999945,
        0.999951,
        0.999957,
        0.999963,
        0.999969,
        0.999973,
        1.0
      ]
    },
    {
      "Values": [
        458,
        471,
        473,
        475,
        476,
        478,
        478,
        479,
        480,
        482,
        484,
        486,
        488,
        494,
        526,
        546,
        548,
        549,
        550,
        551,
        553,
        554,
        555,
        556,
        558,
        560,
        562,
        563,
        566,
        570,
        575,
        576,
        577,
        579,
        579,
        581,
        581,
        582,
        583,
        584,
        586,
        588,
        590,
        592,
        596,
        601,
        604,
        607,
        612,
        621,
        630,
        646,
        650,
        674,
        683,
        696,
        699,
        703,
        713,
        718,
        732,
        733,
        738,
        745,
        745,
        750,
        750,
        780,
        780,
        846,
        846,
        846,
        1018,
        1018,
        1018,
        1018,
        1018,
        1450,
        1450
      ],
      "Percentiles": [
        0.0,
        0.1,
        0.2,
        0.3,
        0.4,
        0.5,
        0.55,
        0.6,
        0.65,
        0.7,
        0.75,
        0.775,
        0.8,
        0.825,
        0.85,
        0.875,
        0.8875,
        0.9,
        0.9125,
        0.925,
        0.9375,
        0.94375,
        0.95,
        0.95625,
        0.9625,
        0.96875,
        0.971875,
        0.975,
        0.978125,
        0.98125,
        0.984375,
        0.985938,
        0.9875,
        0.989062,
        0.990625,
        0.992188,
        0.992969,
        0.99375,
        0.994531,
        0.995313,
        0.996094,
        0.996484,
        0.996875,
        0.997266,
        0.997656,
        0.998047,
        0.998242,
        0.998437,
        0.998633,
        0.998828,
        0.999023,
        0.999121,
        0.999219,
        0.999316,
        0.999414,
        0.999512,
        0.999561,
        0.999609,
        0.999658,
        0.999707,
        0.999756,
        0.99978,
        0.999805,
        0.999829,
        0.999854,
        0.999878,
        0.99989,
        0.999902,
        0.999915,
        0.999927,
        0.999939,
        0.999945,
        0.999951,
        0.999957,
        0.999963,
        0.999969,
        0.999973,
        0.999976,
        1.0
      ]
    },
    {
      "Values": [
        578,
        590,
        592,
        593,
        595,
        597,
        598,
        599,
        600,
        602,
        605,
        608,
        613,
        641,
        652,
        656,
        658,
        660,
        662,
        665,
        668,
        670,
        673,
        677,
        682,
        685,
        686,
        687,
        688,
        690,
        691,
        692,
        693,
        695,
        696,
        698,
        699,
        700,
        701,
        703,
        705,
        706,
        709,
        712,
        716,
        719,
        722,
        725,
        729,
        737,
        746,
        755,
        757,
        774,
        779,
        805,
        812,
        819,
        820,
        841,
        867,
        875,
        893,
        906,
        915,
        915,
        934,
        934,
        997,
        997,
        997,
        1853,
        1853,
        1853,
        1853,
        1853,
        6991,
        6991
      ],
      "Percentiles": [
        0.0,
        0.1,
        0.2,
        0.3,
        0.4,
        0.5,
        0.55,
        0.6,
        0.65,
        0.7,
        0.75,
        0.775,
        0.8,
        0.825,
        0.85,
        0.875,
        0.8875,
        0.9,
        0.9125,
        0.925,
        0.9375,
        0.94375,
        0.95,
        0.95625,
        0.9625,
        0.96875,
        0.971875,
        0.975,
        0.978125,
        0.98125,
        0.984375,
        0.985938,
        0.9875,
        0.989062,
        0.990625,
        0.992188,
        0.992969,
        0.99375,
        0.994531,
        0.995313,
        0.996094,
        0.996484,
        0.996875,
        0.997266,
        0.997656,
        0.998047,
        0.998242,
        0.998437,
        0.998633,
        0.998828,
        0.999023,
        0.999121,
        0.999219,
        0.999316,
        0.999414,
        0.999512,
        0.999561,
        0.999609,
        0.999658,
        0.999707,
        0.999756,
        0.99978,
        0.999805,
        0.999829,
        0.999854,
        0.999878,
        0.99989,
        0.999902,
        0.999915,
        0.999927,
        0.999939,
        0.999945,
        0.999951,
        0.999957,
        0.999963,
        0.999969,
        0.999973,
        1.0
      ]
    }
  ],