{
  "rps-up-512-down-4000-quic-lat": [
    {
      "Values": [
        619,
        654,
        658,
        661,
        665,
        669,
        673,
        677,
        683,
        692,
        709,
        724,
        737,
        742,
        748,
        753,
        755,
        757,
        759,
        762,
        765,
        767,
        770,
        773,
        777,
        783,
        786,
        792,
        803,
        822,
        854,
        887,
        942,
        1019,
        1225,
        1441,
        1587,
        1839,
        2161,
        2531,
        2951,
        3087,
        3449,
        3733,
        4223,
        4651,
        4999,
        5219,
        5311,
        5343,
        5355,
        5367,
        5383,
        5387,
        5407,
        5423,
        5427,
        5439,
        5455,
        5499,
        5539,
        5539,
        5543,
        5743,
        5743,
        5783,
        5783,
        5983,
        5983,
        5983,
        6003,
        6003,
        6003,
        6003,
        6003,
        8455,
        8455
      ],
      "Percentiles": [
        0.0,
        0.1,
        0.2,
        0.3,
        0.4,
        0.5,
        0.55,
        0.6,
        0.65,
        0.7,
        0.75,
        0.775,
        0.8,
        0.825,
        0.85,
        0.875,
        0.8875,
        0.9,
        0.9125,
        0.925,
        0.9375,
        0.94375,
        0.95,
        0.95625,
        0.9625,
        0.96875,
        0.971875,
        0.975,
        0.978125,
        0.98125,
        0.984375,
        0.985938,
        0.9875,
        0.989062,
        0.990625,
        0.992188,
        0.992969,
        0.99375,
        0.994531,
        0.995313,
        0.996094,
        0.996484,
        0.996875,
        0.997266,
        0.997656,
        0.998047,
        0.998242,
        0.998437,
        0.998633,
        0.998828,
        0.999023,
        0.999121,
        0.999219,
        0.999316,
        0.999414,
        0.999512,
        0.999561,
        0.999609,
        0.999658,
        0.999707,
        0.999756,
        0.99978,
        0.999805,
        0.999829,
        0.999854,
        0.999878,
        0.99989,
        0.999902,
        0.999915,
        0.999927,
        0.999939,
        0.999945,
        0.999951,
        0.999957,
        0.999963,
        0.999969,
        1.0
      ]
    },
    {
      "Values": [
        627,
        653,
        656,
        658,
        661,
        664,
        666,
        668,
        671,
        674,
        680,
        684,
        690,
        701,
        716,
        738,
        742,
        747,
        752,
        756,
        760,
        763,
        766,
        771,
        781,
        804,
        827,
        862,
        943,
        1080,
        1399,
        1611,
        1919,
        2151,
        2451,
        2893,
        2997,
        3129,
        3257,
        3489,
        3663,
        3719,
        3787,
        3835,
        3871,
        3979,
        4191,
        4347,
        4647,
        5103,
        5215,
        5319,
        5371,
        5379,
        5387,
        5443,
        5443,
        5451,
        5455,
        5455,
        5479,
        5479,
        5531,
        5627,
        5627,
        5843,
        5843,
        9167,
        9167,
        9167,
        9287,
        9287,
        9287,
        9287,
        9287,
        14615,
        14615
      ],
      "Percentiles": [
        0.0,
        0.1,
        0.2,
        0.3,
        0.4,
        0.5,
        0.55,
        0.6,
        0.65,
        0.7,
        0.75,
        0.775,
        0.8,
        0.825,
        0.85,
        0.875,
        0.8875,
        0.9,
        0.9125,
        0.925,
        0.9375,
        0.94375,
        0.95,
        0.95625,
        0.9625,
        0.96875,
        0.971875,
        0.975,
        0.978125,
        0.98125,
        0.984375,
        0.985938,
        0.9875,
        0.989062,
        0.990625,
        0.992188,
        0.992969,
        0.99375,
        0.994531,
        0.995313,
        0.996094,
        0.996484,
        0.996875,
        0.997266,
        0.997656,
        0.998047,
        0.998242,
        0.998437,
        0.998633,
        0.998828,
        0.999023,
        0.999121,
        0.999219,
        0.999316,
        0.999414,
        0.999512,
        0.999561,
        0.999609,
        0.999658,
        0.999707,
        0.999756,
        0.99978,
        0.999805,
        0.999829,
        0.999854,
        0.999878,
        0.99989,
        0.999902,
        0.999915,
        0.999927,
        0.999939,
        0.999945,
        0.999951,
        0.999957,
        0.999963,
        0.999969,
        1.0
      ]
    },
    {
      "Values": [
        624,
        655,
        659,
        662,
        667,
        674,
        679,
        687,
        702,
        722,
        740,
        744,
        748,
        752,
        755,
        758,
        759,
        761,
        763,
        766,
        769,
        771,
        774,
        777,
        782,
        791,
        797,
        808,
        820,
        839,
        881,
        910,
        962,
        1049,
        1233,
        1601,
        1869,
        2091,
        2363,
        2595,
        2971,
        3127,
        3349,
        3645,
        3877,
        4367,
        4635,
        4947,
        5215,
        5275,
        5307,
        5319,
        5363,
        5391,
        5415,
        5463,
        5471,
        5479,
        5487,
        5499,
        5543,
        5543,
        5611,
        5651,
        5651,
        5779,
        5779,
        5927,
        5927,
        5927,
        6039,
        6039,
        6039,
        6039,
        6039,
        9807,
        9807
      ],
      "Percentiles": [
        0.0,
        0.1,
        0.2,
        0.3,
        0.4,
        0.5,
        0.55,
        0.6,
        0.65,
        0.7,
        0.75,
        0.775,
        0.8,
        0.825,
        0.85,
        0.875,
        0.8875,
        0.9,
        0.9125,
        0.925,
        0.9375,
        0.94375,
        0.95,
        0.95625,
        0.9625,
        0.96875,
        0.971875,
        0.975,
        0.978125,
        0.98125,
        0.984375,
        0.985938,
        0.9875,
        0.989062,
        0.990625,
        0.992188,
        0.992969,
        0.99375,
        0.994531,
        0.995313,
        0.996094,
        0.996484,
        0.996875,
        0.997266,
        0.997656,
        0.998047,
        0.998242,
        0.998437,
        0.998633,
        0.998828,
        0.999023,
        0.999121,
        0.999219,
        0.999316,
        0.999414,
        0.999512,
        0.999561,
        0.999609,
        0.999658,
        0.999707,
        0.999756,
        0.99978,
        0.999805,
        0.999829,
        0.999854,
        0.999878,
        0.99989,
        0.999902,
        0.999915,
        0.999927,
        0.999939,
        0.999945,
        0.999951,
        0.999957,
        0.999963,
        0.999969,
        1.0
      ]
    }
  ],
  "hps-conns-100-quic-regression": {
    "Baseline": 578.1999999999999,
    "BestResultCommit": "main",
    "BestResult": 826,
    "HasRegression": false,
    "AggregateFunction": "AVG",
    "CumulativeResult": 1594.6666666666667
  },