{
  "rps-up-512-down-4000-quic": [
    "228",
    "382",
    "649",
    "1688",
    "6008",
    "21682",
    "22764",
    "22764",
    "2150",
    "234",
    "372",
    "580",
    "1059",
    "3175",
    "8236",
    "9790",
    "9790",
    "2351",
    "219",
    "353",
    "601",
    "1085",
    "2740",
    "4552",
    "7497",
    "7497",
    "2416"
  ],
  "hps-conns-100-quic": [
    "837",
    "857",
    "812"
  ],
  "tput-down-tcp": [
    "1908212",
    "2579054",
    "2115953"
  ],
  "commit": "5b8d2b49b918c003c0ed5dbffe675ba965ea413e",
  "rps-up-512-down-4000-quic-lat": [
    {
      "Values": [
        228,
        299,
        317,
        336,
        357,
        382,
        397,
        414,
        434,
        456,
        482,
        498,
        517,
        539,
        566,
        601,
        623,
        649,
        681,
        719,
        764,
        792,
        822,
        860,
        902,
        957,
        989,
        1037,
        1094,
        1193,
        1366,
        1435,
        1521,
        1633,
        1752,
        1852,
        1929,
        1998,
        2073,
        2151,
        2285,
        2377,
        2467,
        2595,
        2807,
        3199,
        3453,
        4459,
        4971,
        5527,
        6531,
        7459,
        7543,
        7607,
        7691,
        7867,
        8067,
        8279,
        8863,
        8943,
        9183,
        9223,
        10031,
        19999,
        20143,
        20863,
        21695,
        21695,
        21775,
        21775,
        21887,
        21887,
        21887,
        22767,
        22767
      ],
      "Percentiles": [
        0.0,
        0.1,
        0.2,
        0.3,
        0.4,
        0.5,
        0.55,
        0.6,
        0.65,
        0.7,
        0.75,
        0.775,
        0.8,
        0.825,
        0.85,
        0.875,
        0.8875,
        0.9,
        0.9125,
        0.925,
        0.9375,
        0.94375,
        0.95,
        0.95625,
        0.9625,
        0.96875,
        0.971875,
        0.975,
        0.978125,
        0.98125,
        0.984375,
        0.985938,
        0.9875,
        0.989062,
        0.990625,
        0.992188,
        0.992969,
        0.99375,
        0.994531,
        0.995313,
        0.996094,
        0.996484,
        0.996875,
        0.997266,
        0.997656,
        0.998047,
        0.998242,
        0.998437,
        0.998633,
        0.998828,
        0.999023,
        0.999121,
        0.999219,
        0.999316,
        0.999414,
        0.999512,
        0.999561,
        0.999609,
        0.999658,
        0.999707,
        0.999756,
        0.99978,
        0.999805,
        0.999829,
        0.999854,
        0.999878,
        0.99989,
        0.999902,
        0.999915,
        0.999927,
        0.999939,
        0.999945,
        0.999951,
        0.999957,
        1.0
      ]
    },
    {
      "Values": [
        234,
        295,
        313,
        330,
        350,
        372,
        384,
        398,
        415,
        434,
        457,
        470,
        484,
        501,
        522,
        548,
        563,
        580,
        600,
        623,
        653,
        670,
        689,
        714,
        742,
        775,
        793,
        817,
        844,
        882,
        929,
        956,
        985,
        1030,
        1084,
        1169,
        1245,
        1338,
        1446,
        1588,
        1720,
        1776,
        1847,
        1960,
        2047,
        2161,
        2301,
        2529,
        2637,
        2857,
        3291,
        3407,
        3873,
        4715,
        4851,
        5251,
        5495,
        6879,
        7371,
        7515,
        7607,
        7703,
        7879,
        7923,
        8087,
        8091,
        8091,
        8239,
        8239,
        8239,
        8599,
        8599,
        8599,
        8599,
        8783,
        8783,
        8783,
        8783,
        8783,
        9791,
        9791
      ],
      "Percentiles": [
        0.0,
        0.1,
        0.2,
        0.3,
        0.4,
        0.5,
        0.55,
        0.6,
        0.65,
        0.7,
        0.75,
        0.775,
        0.8,
        0.825,
        0.85,
        0.875,
        0.8875,
        0.9,
        0.9125,
        0.925,
        0.9375,
        0.94375,
        0.95,
        0.95625,
        0.9625,
        0.96875,
        0.971875,
        0.975,
        0.978125,
        0.98125,
        0.984375,
        0.985938,
        0.9875,
        0.989062,
        0.990625,
        0.992188,
        0.992969,
        0.99375,
        0.994531,
        0.995313,
        0.996094,
        0.996484,
        0.996875,
        0.997266,
        0.997656,
        0.998047,
        0.998242,
        0.998437,
        0.998633,
        0.998828,
        0.999023,
        0.999121,
        0.999219,
        0.999316,
        0.999414,
        0.999512,
        0.999561,
        0.999609,
        0.999658,
        0.999707,
        0.999756,
        0.99978,
        0.999805,
        0.999829,
        0.999854,
        0.999878,
        0.99989,
        0.999902,
        0.999915,
        0.999927,
        0.999939,
        0.999945,
        0.999951,
        0.999957,
        0.999963,
        0.999969,
        0.999973,
        0.999976,
        0.999979,
        0.999982,
        1.0
      ]
    },
    {
      "Values": [
        219,
        277,
        293,
        310,
        329,
        353,
        368,
        386,
        405,
        429,
        455,
        472,
        490,
        509,
        533,
        564,
        582,
        601,
        624,
        650,
        683,
        702,
        723,
        749,
        777,
        814,
        837,
        859,
        885,
        922,
        966,
        990,
        1019,
        1058,
        1099,
        1161,
        1210,
        1304,
        1379,
        1473,
        1586,
        1647,
        1718,
        1798,
        1898,
        2079,
        2195,
        2347,
        2415,
        2571,
        2741,
        2943,
        3135,
        3347,
        3483,
        3535,
        3557,
        3853,
        3873,
        3967,
        4059,
        4067,
        4103,
        4199,
        4323,
        4379,
        4379,
        4555,
        4555,
        4575,
        4607,
        4607,
        4607,
        4607,
        4763,
        4763,
        4763,
        4763,
        4763,
        7499,
        7499
      ],