{
  "hps-conns-100-tcp": [
    "1105",
    "979"
  ],
  "hps-conns-100-quic": [
    "764",
    "664",
    "766"
  ],
  "os_version": "10.0.20348",
  "tput-up-quic": [
    "6144700",
    "7350302",
    "7335959"
  ],
  "rps-up-512-down-4000-tcp-lat": [
    {
      "Values": [
        98,
        106,
        106,
        107,
        108,
        108,
        109,
        109,
        109,
        110,
        110,
        111,
        111,
        111,
        112,
        113,
        113,
        114,
        115,
        116,
        117,
        118,
        119,
        120,
        121,
        123,
        125,
        126,
        128,
        130,
        132,
        133,
        135,
        137,
        140,
        143,
        146,
        150,
        155,
        164,
        182,
        196,
        210,
        224,
        247,
        284,
        303,
        325,
        349,
        375,
        408,
        448,
        504,
        598,
        678,
        779,
        838,
        911,
        985,
        1106,
        1454,
        1515,
        1705,
        1818,
        2006,
        2145,
        2295,
        2389,
        2525,
        3019,
        3325,
        3363,
        3437,
        3491,
        3867,
        4195,
        4211,
        4211,
        4231,
        4231,
        4543,
        4543,
        4543,
        4563,
        4563,
        4563,
        4563,
        4563,
        5091,
        5091
      ],
      "Percentiles": [
        0.0,
        0.1,
        0.2,
        0.3,
        0.4,
        0.5,
        0.55,
        0.6,
        0.65,
        0.7,
        0.75,
        0.775,
        0.8,
        0.825,
        0.85,
        0.875,
        0.8875,
        0.9,
        0.9125,
        0.925,
        0.9375,
        0.94375,
        0.95,
        0.95625,
        0.9625,
        0.96875,
        0.971875,
        0.975,
        0.978125,
        0.98125,
        0.984375,
        0.985938,
        0.9875,
        0.989062,
        0.990625,
        0.992188,
        0.992969,
        0.99375,
        0.994531,
        0.995313,
        0.996094,
        0.996484,
        0.996875,
        0.997266,
        0.997656,
        0.998047,
        0.998242,
        0.998437,
        0.998633,
        0.998828,
        0.999023,
        0.999121,
        0.999219,
        0.999316,
        0.999414,
        0.999512,
        0.999561,
        0.999609,
        0.999658,
        0.999707,
        0.999756,
        0.99978,
        0.999805,
        0.999829,
        0.999854,
        0.999878,
        0.99989,
        0.999902,
        0.999915,
        0.999927,
        0.999939,
        0.999945,
        0.999951,
        0.999957,
        0.999963,
        0.999969,
        0.999973,
        0.999976,
        0.999979,
        0.999982,
        0.999985,
        0.999986,
        0.999988,
        0.999989,
        0.999991,
        0.999992,
        0.999993,
        0.999994,
        0.999995,
        1.0
      ]
    },
    {
      "Values": [
        96,
        105,
        106,
        107,
        107,
        108,
        108,
        109,
        109,
        110,
        110,
        111,
        111,
        112,
        112,
        113,
        114,
        114,
        115,
        116,
        118,
        119,
        120,
        121,
        123,
        125,
        127,
        129,
        130,
        132,
        135,
        137,
        139,
        141,
        145,
        150,
        154,
        158,
        166,
        178,
        196,
        207,
        223,
        244,
        276,
        315,
        340,
        370,
        413,
        466,
        570,
        658,
        745,
        827,
        955,
        1067,
        1418,
        1538,
        1912,
        2133,
        2363,
        2963,
        3141,
        3459,
        3825,
        4037,
        4259,
        4327,
        4359,
        4495,
        4783,
        4915,
        4927,
        4963,
        5003,
        5187,
        5195,
        5195,
        5283,
        5283,
        5283,
        5283,
        5283,
        5295,
        5295,
        5295,
        5295,
        5295,
        7063,
        7063
      ],
      "Percentiles": [
        0.0,
        0.1,
        0.2,
        0.3,
        0.4,
        0.5,
        0.55,
        0.6,
        0.65,
        0.7,
        0.75,
        0.775,
        0.8,
        0.825,
        0.85,
        0.875,
        0.8875,
        0.9,
        0.9125,
        0.925,
        0.9375,
        0.94375,
        0.95,
        0.95625,
        0.9625,
        0.96875,
        0.971875,
        0.975,
        0.978125,
        0.98125,
        0.984375,
        0.985938,
        0.9875,
        0.989062,
        0.990625,
        0.992188,
        0.992969,
        0.99375,
        0.994531,
        0.995313,
        0.996094,
        0.996484,
        0.996875,
        0.997266,
        0.997656,
        0.998047,
        0.998242,
        0.998437,
        0.998633,
        0.998828,
        0.999023,
        0.999121,
        0.999219,
        0.999316,
        0.999414,
        0.999512,
        0.999561,
        0.999609,
        0.999658,
        0.999707,
        0.999756,
        0.99978,
        0.999805,
        0.999829,
        0.999854,
        0.999878,
        0.99989,
        0.999902,
        0.999915,
        0.999927,
        0.999939,
        0.999945,
        0.999951,
        0.999957,
        0.999963,
        0.999969,
        0.999973,
        0.999976,
        0.999979,
        0.999982,
        0.999985,
        0.999986,
        0.999988,
        0.999989,
        0.999991,
        0.999992,
        0.999993,
        0.999994,
        0.999995,
        1.0
      ]
    },
    {
      "Values": [
        99,
        108,
        109,
        110,
        111,
        112,
        113,
        113,
        114,
        115,
        115,
        116,
        116,
        117,
        118,
        119,
        119,
        120,
        121,
        122,
        124,
        125,
        126,
        127,
        129,
        132,
        133,
        135,
        136,
        138,
        141,
        143,
        146,
        149,
        154,
        161,
        167,
        174,
        183,
        195,
        215,
        227,
        243,
        264,
        286,
        316,
        330,
        355,
        382,
        428,
        472,
        508,
        566,
        658,
        758,
        825,
        915,
        955,
        1033,
        1383,
        1591,
        1743,
        1818,
        2169,
        2559,
        3001,
        3261,
        3303,
        3625,
        3749,
        3777,
        3889,
        4007,
        4155,
        4415,
        4711,
        4791,
        4791,
        4875,
        4875,
        4971,
        4971,
        4971,
        5351,
        5351,
        5351,
        5351,
        5351,
        5527,
        5527
      ],