{
  "tput-up-tcp": [
    "9497031",
    "9549128",
    "9560921"
  ],
  "commit": "5b8d2b49b918c003c0ed5dbffe675ba965ea413e",
  "tput-down-tcp": [
    "9554971",
    "9519026",
    "9425914"
  ],
  "rps-up-512-down-4000-quic": [
    "105",
    "120",
    "135",
    "176",
    "483",
    "2831",
    "5262",
    "6243",
    "7890",
    "104",
    "121",
    "136",
    "180",
    "681",
    "4279",
    "5396",
    "5597",
    "7769",
    "103",
    "120",
    "134",
    "175",
    "453",
    "2433",
    "4715",
    "4848",
    "7926"
  ],
  "rps-up-512-down-4000-quic-lat": [
    {
      "Values": [
        105,
        116,
        117,
        118,
        119,
        120,
        120,
        121,
        122,
        123,
        124,
        125,
        126,
        127,
        130,
        133,
        134,
        135,
        137,
        138,
        140,
        142,
        143,
        144,
        146,
        149,
        150,
        152,
        154,
        157,
        162,
        164,
        168,
        172,
        178,
        185,
        190,
        194,
        200,
        208,
        216,
        221,
        233,
        249,
        275,
        312,
        337,
        356,
        380,
        414,
        489,
        528,
        593,
        676,
        795,
        990,
        1284,
        1534,
        1596,
        1618,
        1652,
        1778,
        1840,
        2167,
        2351,
        2649,
        2765,
        2831,
        3231,
        3821,
        4343,
        4539,
        4659,
        4735,
        4755,
        4859,
        4859,
        4943,
        4943,
        5003,
        5003,
        5003,
        5263,
        5263,
        5263,
        5263,
        5263,
        6243,
        6243
      ],
      "Percentiles": [
        0.0,
        0.1,
        0.2,
        0.3,
        0.4,
        0.5,
        0.55,
        0.6,
        0.65,
        0.7,
        0.75,
        0.775,
        0.8,
        0.825,
        0.85,
        0.875,
        0.8875,
        0.9,
        0.9125,
        0.925,
        0.9375,
        0.94375,
        0.95,
        0.95625,
        0.9625,
        0.96875,
        0.971875,
        0.975,
        0.978125,
        0.98125,
        0.984375,
        0.985938,
        0.9875,
        0.989062,
        0.990625,
        0.992188,
        0.992969,
        0.99375,
        0.994531,
        0.995313,
        0.996094,
        0.996484,
        0.996875,
        0.997266,
        0.997656,
        0.998047,
        0.998242,
        0.998437,
        0.998633,
        0.998828,
        0.999023,
        0.999121,
        0.999219,
        0.999316,
        0.999414,
        0.999512,
        0.999561,
        0.999609,
        0.999658,
        0.999707,
        0.999756,
        0.99978,
        0.999805,
        0.999829,
        0.999854,
        0.999878,
        0.99989,
        0.999902,
        0.999915,
        0.999927,
        0.999939,
        0.999945,
        0.999951,
        0.999957,
        0.999963,
        0.999969,
        0.999973,
        0.999976,
        0.999979,
        0.999982,
        0.999985,
        0.999986,
        0.999988,
        0.999989,
        0.999991,
        0.999992,
        0.999993,
        0.999994,
        1.0
      ]
    },
    {
      "Values": [
        104,
        117,
        118,
        119,
        120,
        121,
        122,
        123,
        123,
        124,
        126,
        127,
        128,
        129,
        131,
        133,
        135,
        136,
        138,
        139,
        141,
        142,
        143,
        145,
        148,
        151,
        153,
        155,
        158,
        162,
        166,
        169,
        173,
        177,
        182,
        189,
        194,
        201,
        210,
        222,
        245,
        258,
        279,
        305,
        345,
        385,
        411,
        453,
        502,
        578,
        697,
        777,
        967,
        1049,
        1141,
        1472,
        1532,
        1588,
        1648,
        1841,
        2189,
        2297,
        2555,
        3053,
        3471,
        4131,
        4175,
        4279,
        4611,
        4707,
        4827,
        4843,
        4879,
        4935,
        4991,
        5123,
        5123,
        5135,
        5135,
        5187,
        5187,
        5187,
        5399,
        5399,
        5399,
        5399,
        5399,
        5599,
        5599
      ],
      "Percentiles": [
        0.0,
        0.1,
        0.2,
        0.3,
        0.4,
        0.5,
        0.55,
        0.6,
        0.65,
        0.7,
        0.75,
        0.775,
        0.8,
        0.825,
        0.85,
        0.875,
        0.8875,
        0.9,
        0.9125,
        0.925,
        0.9375,
        0.94375,
        0.95,
        0.95625,
        0.9625,
        0.96875,
        0.971875,
        0.975,
        0.978125,
        0.98125,
        0.984375,
        0.985938,
        0.9875,
        0.989062,
        0.990625,
        0.992188,
        0.992969,
        0.99375,
        0.994531,
        0.995313,
        0.996094,
        0.996484,
        0.996875,
        0.997266,
        0.997656,
        0.998047,
        0.998242,
        0.998437,
        0.998633,
        0.998828,
        0.999023,
        0.999121,
        0.999219,
        0.999316,
        0.999414,
        0.999512,
        0.999561,
        0.999609,
        0.999658,
        0.999707,
        0.999756,
        0.99978,
        0.999805,
        0.999829,
        0.999854,
        0.999878,
        0.99989,
        0.999902,
        0.999915,
        0.999927,
        0.999939,
        0.999945,
        0.999951,
        0.999957,
        0.999963,
        0.999969,
        0.999973,
        0.999976,
        0.999979,
        0.999982,
        0.999985,
        0.999986,
        0.999988,
        0.999989,
        0.999991,
        0.999992,
        0.999993,
        0.999994,
        1.0
      ]
    },
    {
      "Values": [
        103,
        116,
        117,
        118,
        119,
        120,
        120,
        121,
        122,
        123,
        124,
        125,
        126,
        127,
        129,
        132,
        133,
        134,
        136,
        137,
        139,
        140,
        141,
        143,
        145,
        147,
        149,
        151,
        154,
        157,
        162,
        164,
        168,
        172,
        177,
        182,
        187,
        191,
        199,
        206,
        216,
        225,
        236,
        250,
        267,
        297,
        325,
        348,
        375,
        402,
        459,
        498,
        567,
        648,
        780,
        949,
        1078,
        1302,
        1417,
        1565,
        1603,
        1658,
        1695,
        1762,
        1876,
        2008,
        2297,
        2433,
        3069,
        3269,
        3519,
        4057,
        4085,
        4499,
        4507,
        4575,
        4575,
        4643,
        4643,
        4667,
        4667,
        4667,
        4715,
        4715,
        4715,
        4715,
        4715,
        4851,
        4851
      ],