{
  "rps-up-512-down-4000-quic-lat": [
    {
      "Values": [
        103,
        118,
        124,
        130,
        134,
        138,
        139,
        141,
        142,
        145,
        147,
        149,
        151,
        153,
        155,
        159,
        160,
        162,
        164,
        167,
        170,
        172,
        174,
        176,
        179,
        183,
        185,
        188,
        191,
        194,
        198,
        201,
        203,
        206,
        209,
        213,
        216,
        218,
        221,
        225,
        231,
        234,
        237,
        241,
        245,
        251,
        255,
        260,
        273,
        296,
        316,
        337,
        362,
        383,
        427,
        511,
        538,
        562,
        615,
        757,
        1067,
        1247,
        1472,
        1534,
        1687,
        1727,
        1820,
        2083,
        2205,
        2227,
        2303,
        2337,
        2485,
        2529,
        2529,
        2555,
        2579,
        2579,
        2931,
        2931,
        2931,
        3323,
        3323,
        3323,
        3323,
        3323,
        3815,
        3815
      ],
      "Percentiles": [
        0.0,
        0.1,
        0.2,
        0.3,
        0.4,
        0.5,
        0.55,
        0.6,
        0.65,
        0.7,
        0.75,
        0.775,
        0.8,
        0.825,
        0.85,
        0.875,
        0.8875,
        0.9,
        0.9125,
        0.925,
        0.9375,
        0.94375,
        0.95,
        0.95625,
        0.9625,
        0.96875,
        0.971875,
        0.975,
        0.978125,
        0.98125,
        0.984375,
        0.985938,
        0.9875,
        0.989062,
        0.990625,
        0.992188,
        0.992969,
        0.99375,
        0.994531,
        0.995313,
        0.996094,
        0.996484,
        0.996875,
        0.997266,
        0.997656,
        0.998047,
        0.998242,
        0.998437,
        0.998633,
        0.998828,
        0.999023,
        0.999121,
        0.999219,
        0.999316,
        0.999414,
        0.999512,
        0.999561,
        0.999609,
        0.999658,
        0.999707,
        0.999756,
        0.99978,
        0.999805,
        0.999829,
        0.999854,
        0.999878,
        0.99989,
        0.999902,
        0.999915,
        0.999927,
        0.999939,
        0.999945,
        0.999951,
        0.999957,
        0.999963,
        0.999969,
        0.999973,
        0.999976,
        0.999979,
        0.999982,
        0.999985,
        0.999986,
        0.999988,
        0.999989,
        0.999991,
        0.999992,
        0.999993,
        1.0
      ]
    },
    {
      "Values": [
        103,
        116,
        118,
        120,
        125,
        130,
        132,
        134,
        136,
        137,
        139,
        140,
        141,
        143,
        144,
        146,
        147,
        149,
        151,
        153,
        156,
        157,
        159,
        162,
        166,
        175,
        183,
        189,
        194,
        200,
        205,
        207,
        209,
        211,
        213,
        216,
        217,
        220,
        223,
        226,
        230,
        233,
        236,
        241,
        249,
        263,
        271,
        284,
        306,
        337,
        377,
        397,
        414,
        471,
        507,
        604,
        710,
        831,
        981,
        1156,
        1544,
        1656,
        1689,
        1708,
        1751,
        1844,
        1927,
        2105,
        2189,
        2317,
        2785,
        2927,
        3123,
        3273,
        3323,
        3347,
        3347,
        3773,
        3773,
        4307,
        4307,
        4307,
        4359,
        4359,
        4359,
        4359,
        4359,
        4911,
        4911
      ],
      "Percentiles": [
        0.0,
        0.1,
        0.2,
        0.3,
        0.4,
        0.5,
        0.55,
        0.6,
        0.65,
        0.7,
        0.75,
        0.775,
        0.8,
        0.825,
        0.85,
        0.875,
        0.8875,
        0.9,
        0.9125,
        0.925,
        0.9375,
        0.94375,
        0.95,
        0.95625,
        0.9625,
        0.96875,
        0.971875,
        0.975,
        0.978125,
        0.98125,
        0.984375,
        0.985938,
        0.9875,
        0.989062,
        0.990625,
        0.992188,
        0.992969,
        0.99375,
        0.994531,
        0.995313,
        0.996094,
        0.996484,
        0.996875,
        0.997266,
        0.997656,
        0.998047,
        0.998242,
        0.998437,
        0.998633,
        0.998828,
        0.999023,
        0.999121,
        0.999219,
        0.999316,
        0.999414,
        0.999512,
        0.999561,
        0.999609,
        0.999658,
        0.999707,
        0.999756,
        0.99978,
        0.999805,
        0.999829,
        0.999854,
        0.999878,
        0.99989,
        0.999902,
        0.999915,
        0.999927,
        0.999939,
        0.999945,
        0.999951,
        0.999957,
        0.999963,
        0.999969,
        0.999973,
        0.999976,
        0.999979,
        0.999982,
        0.999985,
        0.999986,
        0.999988,
        0.999989,
        0.999991,
        0.999992,
        0.999993,
        0.999994,
        1.0
      ]
    },
    {
      "Values": [
        101,
        112,
        114,
        116,
        120,
        124,
        127,
        129,
        132,
        135,
        138,
        139,
        140,
        141,
        142,
        144,
        145,
        147,
        149,
        151,
        154,
        155,
        157,
        159,
        162,
        166,
        170,
        176,
        184,
        192,
        197,
        199,
        202,
        204,
        207,
        210,
        212,
        215,
        218,
        223,
        229,
        233,
        240,
        247,
        256,
        270,
        282,
        296,
        319,
        350,
        387,
        406,
        452,
        515,
        574,
        683,
        761,
        871,
        1170,
        1519,
        1616,
        1647,
        1694,
        1716,
        1732,
        1926,
        2016,
        2377,
        2633,
        3025,
        3473,
        3613,
        3749,
        3923,
        4311,
        4331,
        4331,
        4387,
        4387,
        4563,
        4563,
        4563,
        4915,
        4915,
        4915,
        4915,
        4915,
        5143,
        5143
      ],