{
  "tput-up-quic": [
    "7202858",
    "7201247",
    "4932294"
  ],
  "tput-down-tcp": [
    "9546180",
    "9573542",
    "9576189"
  ],
  "commit": "5d070d661c45979946615289e92bb6b822efe9e9",
  "rps-up-512-down-4000-quic-lat": [
    {
      "Values": [
        105,
        117,
        118,
        119,
        121,
        122,
        123,
        125,
        128,
        132,
        136,
        138,
        140,
        142,
        144,
        146,
        148,
        150,
        154,
        160,
        171,
        181,
        192,
        197,
        200,
        204,
        206,
        208,
        212,
        215,
        217,
        219,
        220,
        222,
        224,
        226,
        228,
        230,
        234,
        238,
        245,
        249,
        255,
        263,
        269,
        278,
        285,
        288,
        294,
        308,
        329,
        346,
        363,
        387,
        447,
        544,
        649,
        749,
        866,
        1080,
        1249,
        1410,
        1546,
        1578,
        1629,
        1639,
        1651,
        1654,
        1670,
        1685,
        1687,
        1727,
        1849,
        2153,
        2211,
        2449,
        2449,
        2463,
        2463,
        2673,
        2673,
        2673,
        3145,
        3145,
        3145,
        3145,
        3145,
        3435,
        3435
      ],
      "Percentiles": [
        0.0,
        0.1,
        0.2,
        0.3,
        0.4,
        0.5,
        0.55,
        0.6,
        0.65,
        0.7,
        0.75,
        0.775,
        0.8,
        0.825,
        0.85,
        0.875,
        0.8875,
        0.9,
        0.9125,
        0.925,
        0.9375,
        0.94375,
        0.95,
        0.95625,
        0.9625,
        0.96875,
        0.971875,
        0.975,
        0.978125,
        0.98125,
        0.984375,
        0.985938,
        0.9875,
        0.989062,
        0.990625,
        0.992188,
        0.992969,
        0.99375,
        0.994531,
        0.995313,
        0.996094,
        0.996484,
        0.996875,
        0.997266,
        0.997656,
        0.998047,
        0.998242,
        0.998437,
        0.998633,
        0.998828,
        0.999023,
        0.999121,
        0.999219,
        0.999316,
        0.999414,
        0.999512,
        0.999561,
        0.999609,
        0.999658,
        0.999707,
        0.999756,
        0.99978,
        0.999805,
        0.999829,
        0.999854,
        0.999878,
        0.99989,
        0.999902,
        0.999915,
        0.999927,
        0.999939,
        0.999945,
        0.999951,
        0.999957,
        0.999963,
        0.999969,
        0.999973,
        0.999976,
        0.999979,
        0.999982,
        0.999985,
        0.999986,
        0.999988,
        0.999989,
        0.999991,
        0.999992,
        0.999993,
        0.999994,
        1.0
      ]
    },
    {
      "Values": [
        100,
        118,
        119,
        119,
        120,
        121,
        122,
        122,
        123,
        125,
        127,
        130,
        132,
        134,
        137,
        140,
        142,
        146,
        152,
        160,
        176,
        186,
        194,
        203,
        205,
        207,
        207,
        209,
        210,
        213,
        217,
        218,
        220,
        222,
        224,
        229,
        233,
        238,
        244,
        254,
        266,
        269,
        272,
        275,
        284,
        289,
        293,
        300,
        313,
        329,
        357,
        371,
        404,
        468,
        535,
        688,
        804,
        926,
        1007,
        1141,
        1549,
        1593,
        1612,
        1640,
        1694,
        1745,
        1811,
        1861,
        1995,
        2077,
        2837,
        3343,
        3435,
        3529,
        3533,
        3773,
        3773,
        4179,
        4179,
        4903,
        4903,
        4903,
        4959,
        4959,
        4959,
        4959,
        4959,
        4963,
        4963
      ],
      "Percentiles": [
        0.0,
        0.1,
        0.2,
        0.3,
        0.4,
        0.5,
        0.55,
        0.6,
        0.65,
        0.7,
        0.75,
        0.775,
        0.8,
        0.825,
        0.85,
        0.875,
        0.8875,
        0.9,
        0.9125,
        0.925,
        0.9375,
        0.94375,
        0.95,
        0.95625,
        0.9625,
        0.96875,
        0.971875,
        0.975,
        0.978125,
        0.98125,
        0.984375,
        0.985938,
        0.9875,
        0.989062,
        0.990625,
        0.992188,
        0.992969,
        0.99375,
        0.994531,
        0.995313,
        0.996094,
        0.996484,
        0.996875,
        0.997266,
        0.997656,
        0.998047,
        0.998242,
        0.998437,
        0.998633,
        0.998828,
        0.999023,
        0.999121,
        0.999219,
        0.999316,
        0.999414,
        0.999512,
        0.999561,
        0.999609,
        0.999658,
        0.999707,
        0.999756,
        0.99978,
        0.999805,
        0.999829,
        0.999854,
        0.999878,
        0.99989,
        0.999902,
        0.999915,
        0.999927,
        0.999939,
        0.999945,
        0.999951,
        0.999957,
        0.999963,
        0.999969,
        0.999973,
        0.999976,
        0.999979,
        0.999982,
        0.999985,
        0.999986,
        0.999988,
        0.999989,
        0.999991,
        0.999992,
        0.999993,
        0.999994,
        1.0
      ]
    },
    {
      "Values": [
        103,
        116,
        117,
        118,
        119,
        120,
        121,
        123,
        125,
        129,
        134,
        136,
        139,
        141,
        143,
        146,
        147,
        151,
        158,
        175,
        193,
        197,
        199,
        202,
        205,
        210,
        213,
        214,
        216,
        217,
        219,
        220,
        222,
        223,
        226,
        230,
        233,
        238,
        244,
        250,
        259,
        264,
        267,
        269,
        273,
        283,
        285,
        288,
        293,
        305,
        324,
        345,
        373,
        400,
        449,
        550,
        600,
        642,
        708,
        915,
        1499,
        1557,
        1573,
        1616,
        1648,
        1681,
        1689,
        1748,
        1756,
        1880,
        2209,
        2413,
        2529,
        2929,
        2991,
        3761,
        3761,
        3995,
        3995,
        4763,
        4763,
        4763,
        5331,
        5331,
        5331,
        5331,
        5331,
        11919,
        11919
      ],