{
  "latency-quic-lat": [
    {
      "Values": [
        76,
        110,
        113,
        115,
        117,
        119,
        120,
        121,
        122,
        123,
        125,
        125,
        126,
        127,
        129,
        130,
        131,
        132,
        132,
        134,
        135,
        136,
        136,
        137,
        138,
        139,
        140,
        140,
        141,
        142,
        143,
        144,
        145,
        146,
        147,
        149,
        150,
        151,
        152,
        153,
        155,
        157,
        159,
        161,
        163,
        167,
        169,
        172,
        176,
        179,
        186,
        191,
        197,
        207,
        243,
        284,
        293,
        309,
        319,
        323,
        333,
        337,
        353,
        372,
        387,
        408,
        409,
        423,
        428,
        431,
        442,
        443,
        445,
        448,
        477,
        491,
        621,
        621,
        657,
        657,
        659,
        659,
        659,
        764,
        764,
        764,
        764,
        764,
        984,
        984
      ],
      "Percentiles": [
        0.0,
        0.1,
        0.2,
        0.3,
        0.4,
        0.5,
        0.55,
        0.6,
        0.65,
        0.7,
        0.75,
        0.775,
        0.8,
        0.825,
        0.85,
        0.875,
        0.8875,
        0.9,
        0.9125,
        0.925,
        0.9375,
        0.94375,
        0.95,
        0.95625,
        0.9625,
        0.96875,
        0.971875,
        0.975,
        0.978125,
        0.98125,
        0.984375,
        0.985938,
        0.9875,
        0.989062,
        0.990625,
        0.992188,
        0.992969,
        0.99375,
        0.994531,
        0.995313,
        0.996094,
        0.996484,
        0.996875,
        0.997266,
        0.997656,
        0.998047,
        0.998242,
        0.998437,
        0.998633,
        0.998828,
        0.999023,
        0.999121,
        0.999219,
        0.999316,
        0.999414,
        0.999512,
        0.999561,
        0.999609,
        0.999658,
        0.999707,
        0.999756,
        0.99978,
        0.999805,
        0.999829,
        0.999854,
        0.999878,
        0.99989,
        0.999902,
        0.999915,
        0.999927,
        0.999939,
        0.999945,
        0.999951,
        0.999957,
        0.999963,
        0.999969,
        0.999973,
        0.999976,
        0.999979,
        0.999982,
        0.999985,
        0.999986,
        0.999988,
        0.999989,
        0.999991,
        0.999992,
        0.999993,
        0.999994,
        0.999995,
        1.0
      ]
    },
    {
      "Values": [
        82,
        109,
        112,
        114,
        116,
        117,
        118,
        119,
        120,
        121,
        122,
        123,
        124,
        125,
        126,
        127,
        128,
        129,
        130,
        130,
        131,
        132,
        133,
        133,
        134,
        135,
        136,
        137,
        137,
        138,
        139,
        140,
        141,
        141,
        142,
        143,
        144,
        145,
        146,
        148,
        150,
        152,
        154,
        156,
        159,
        163,
        165,
        166,
        169,
        172,
        175,
        178,
        181,
        184,
        190,
        208,
        242,
        278,
        290,
        309,
        314,
        319,
        323,
        327,
        329,
        343,
        344,
        354,
        365,
        367,
        374,
        385,
        391,
        398,
        398,
        414,
        420,
        420,
        430,
        430,
        443,
        443,
        443,
        471,
        471,
        471,
        471,
        471,
        836,
        836
      ],
      "Percentiles": [
        0.0,
        0.1,
        0.2,
        0.3,
        0.4,
        0.5,
        0.55,
        0.6,
        0.65,
        0.7,
        0.75,
        0.775,
        0.8,
        0.825,
        0.85,
        0.875,
        0.8875,
        0.9,
        0.9125,
        0.925,
        0.9375,
        0.94375,
        0.95,
        0.95625,
        0.9625,
        0.96875,
        0.971875,
        0.975,
        0.978125,
        0.98125,
        0.984375,
        0.985938,
        0.9875,
        0.989062,
        0.990625,
        0.992188,
        0.992969,
        0.99375,
        0.994531,
        0.995313,
        0.996094,
        0.996484,
        0.996875,
        0.997266,
        0.997656,
        0.998047,
        0.998242,
        0.998437,
        0.998633,
        0.998828,
        0.999023,
        0.999121,
        0.999219,
        0.999316,
        0.999414,
        0.999512,
        0.999561,
        0.999609,
        0.999658,
        0.999707,
        0.999756,
        0.99978,
        0.999805,
        0.999829,
        0.999854,
        0.999878,
        0.99989,
        0.999902,
        0.999915,
        0.999927,
        0.999939,
        0.999945,
        0.999951,
        0.999957,
        0.999963,
        0.999969,
        0.999973,
        0.999976,
        0.999979,
        0.999982,
        0.999985,
        0.999986,
        0.999988,
        0.999989,
        0.999991,
        0.999992,
        0.999993,
        0.999994,
        0.999995,
        1.0
      ]
    },
    {
      "Values": [
        83,
        109,
        112,
        114,
        116,
        118,
        119,
        119,
        120,
        121,
        122,
        123,
        124,
        125,
        126,
        127,
        128,
        129,
        130,
        130,
        131,
        132,
        133,
        133,
        134,
        135,
        136,
        137,
        138,
        138,
        140,
        140,
        141,
        142,
        143,
        144,
        144,
        145,
        147,
        149,
        151,
        153,
        154,
        157,
        159,
        162,
        164,
        166,
        169,
        172,
        178,
        180,
        184,
        188,
        199,
        217,
        248,
        292,
        311,
        316,
        323,
        324,
        330,
        335,
        349,
        361,
        369,
        411,
        418,
        421,
        436,
        437,
        438,
        468,
        476,
        476,
        509,
        509,
        626,
        626,
        671,
        671,
        671,
        690,
        690,
        690,
        690,
        690,
        1007,
        1007
      ],