{
  "tput-up-quic-regression": {
    "HasRegression": true,
    "BestResult": 1591347.3333333333,
    "CumulativeResult": 106822.66666666667,
    "Baseline": 1113943.1333333333,
    "AggregateFunction": "AVG",
    "BestResultCommit": "main"
  },
  "hps-conns-100-quic-regression": {
    "HasRegression": false,
    "BestResult": 589,
    "CumulativeResult": 1269,
    "Baseline": 412.29999999999995,
    "AggregateFunction": "AVG",
    "BestResultCommit": "main"
  },
  "rps-up-512-down-4000-quic-lat": [
    {
      "Values": [
        77,
        90,
        91,
        92,
        94,
        96,
        97,
        98,
        99,
        101,
        103,
        103,
        104,
        105,
        106,
        108,
        108,
        109,
        110,
        111,
        112,
        112,
        113,
        114,
        114,
        115,
        116,
        117,
        117,
        118,
        119,
        120,
        120,
        121,
        122,
        124,
        125,
        126,
        127,
        129,
        131,
        133,
        136,
        139,
        145,
        156,
        165,
        178,
        187,
        209,
        227,
        248,
        265,
        288,
        313,
        348,
        364,
        392,
        425,
        439,
        506,
        513,
        526,
        541,
        563,
        671,
        747,
        897,
        1111,
        1372,
        1550,
        1730,
        1911,
        1949,
        1959,
        1971,
        2075,
        2727,
        2727,
        3325,
        3325,
        3525,
        3525,
        3525,
        3527,
        3527,
        3527,
        3527,
        3527,
        3603,
        3603
      ],
      "Percentiles": [
        0.0,
        0.1,
        0.2,
        0.3,
        0.4,
        0.5,
        0.55,
        0.6,
        0.65,
        0.7,
        0.75,
        0.775,
        0.8,
        0.825,
        0.85,
        0.875,
        0.8875,
        0.9,
        0.9125,
        0.925,
        0.9375,
        0.94375,
        0.95,
        0.95625,
        0.9625,
        0.96875,
        0.971875,
        0.975,
        0.978125,
        0.98125,
        0.984375,
        0.985938,
        0.9875,
        0.989062,
        0.990625,
        0.992188,
        0.992969,
        0.99375,
        0.994531,
        0.995313,
        0.996094,
        0.996484,
        0.996875,
        0.997266,
        0.997656,
        0.998047,
        0.998242,
        0.998437,
        0.998633,
        0.998828,
        0.999023,
        0.999121,
        0.999219,
        0.999316,
        0.999414,
        0.999512,
        0.999561,
        0.999609,
        0.999658,
        0.999707,
        0.999756,
        0.99978,
        0.999805,
        0.999829,
        0.999854,
        0.999878,
        0.99989,
        0.999902,
        0.999915,
        0.999927,
        0.999939,
        0.999945,
        0.999951,
        0.999957,
        0.999963,
        0.999969,
        0.999973,
        0.999976,
        0.999979,
        0.999982,
        0.999985,
        0.999986,
        0.999988,
        0.999989,
        0.999991,
        0.999992,
        0.999993,
        0.999994,
        0.999995,
        0.999995,
        1.0
      ]
    },
    {
      "Values": [
        73,
        89,
        90,
        91,
        92,
        92,
        92,
        93,
        93,
        94,
        94,
        94,
        95,
        95,
        96,
        96,
        97,
        97,
        98,
        99,
        100,
        101,
        101,
        102,
        103,
        104,
        105,
        105,
        106,
        107,
        108,
        109,
        110,
        111,
        112,
        114,
        115,
        118,
        120,
        123,
        127,
        130,
        134,
        139,
        144,
        152,
        157,
        163,
        170,
        179,
        197,
        206,
        213,
        221,
        237,
        258,
        281,
        300,
        329,
        355,
        384,
        408,
        454,
        505,
        573,
        691,
        816,
        876,
        938,
        1048,
        1402,
        1614,
        2036,
        2765,
        2987,
        3157,
        3197,
        3197,
        3259,
        3307,
        3307,
        3609,
        3609,
        3609,
        4071,
        4071,
        4071,
        4071,
        4071,
        4283,
        4283
      ],
      "Percentiles": [
        0.0,
        0.1,
        0.2,
        0.3,
        0.4,
        0.5,
        0.55,
        0.6,
        0.65,
        0.7,
        0.75,
        0.775,
        0.8,
        0.825,
        0.85,
        0.875,
        0.8875,
        0.9,
        0.9125,
        0.925,
        0.9375,
        0.94375,
        0.95,
        0.95625,
        0.9625,
        0.96875,
        0.971875,
        0.975,
        0.978125,
        0.98125,
        0.984375,
        0.985938,
        0.9875,
        0.989062,
        0.990625,
        0.992188,
        0.992969,
        0.99375,
        0.994531,
        0.995313,
        0.996094,
        0.996484,
        0.996875,
        0.997266,
        0.997656,
        0.998047,
        0.998242,
        0.998437,
        0.998633,
        0.998828,
        0.999023,
        0.999121,
        0.999219,
        0.999316,
        0.999414,
        0.999512,
        0.999561,
        0.999609,
        0.999658,
        0.999707,
        0.999756,
        0.99978,
        0.999805,
        0.999829,
        0.999854,
        0.999878,
        0.99989,
        0.999902,
        0.999915,
        0.999927,
        0.999939,
        0.999945,
        0.999951,
        0.999957,
        0.999963,
        0.999969,
        0.999973,
        0.999976,
        0.999979,
        0.999982,
        0.999985,
        0.999986,
        0.999988,
        0.999989,
        0.999991,
        0.999992,
        0.999993,
        0.999994,
        0.999995,
        0.999995,
        1.0
      ]
    },
    {
      "Values": [
        76,
        88,
        89,
        89,
        90,
        90,
        91,
        91,
        92,
        92,
        93,
        93,
        93,
        94,
        95,
        96,
        96,
        97,
        98,
        99,
        100,
        100,
        101,
        102,
        103,
        104,
        104,
        105,
        105,
        106,
        107,
        107,
        108,
        108,
        109,
        110,
        110,
        111,
        112,
        113,
        114,
        115,
        116,
        118,
        120,
        122,
        124,
        126,
        128,
        130,
        135,
        139,
        143,
        153,
        177,
        204,
        227,
        242,
        259,
        267,
        278,
        296,
        305,
        316,
        325,
        351,
        363,
        388,
        396,
        413,
        445,
        451,
        470,
        484,
        500,
        527,
        538,
        538,
        554,
        618,
        618,
        698,
        698,
        698,
        820,
        820,
        820,
        820,
        820,
        867,
        867
      ],