{
  "tput-down-quic": [
    "1332259",
    "1136343",
    "1119157"
  ],
  "os_version": "10.0.26055",
  "rps-up-512-down-4000-quic": [
    "177",
    "290",
    "497",
    "984",
    "3120",
    "18347",
    "26934",
    "26934",
    "2878",
    "167",
    "286",
    "487",
    "844",
    "1736",
    "5820",
    "9399",
    "9399",
    "3018",
    "169",
    "287",
    "488",
    "930",
    "2345",
    "20755",
    "22244",
    "22244",
    "2932"
  ],
  "rps-up-512-down-4000-quic-lat": [
    {
      "Values": [
        177,
        227,
        241,
        255,
        271,
        290,
        301,
        314,
        330,
        348,
        370,
        384,
        399,
        416,
        437,
        463,
        480,
        497,
        517,
        543,
        573,
        591,
        612,
        636,
        664,
        702,
        720,
        744,
        771,
        803,
        845,
        874,
        908,
        950,
        1007,
        1077,
        1114,
        1185,
        1329,
        1496,
        1613,
        1713,
        1802,
        1881,
        1951,
        2063,
        2121,
        2211,
        2377,
        2811,
        3161,
        3425,
        4447,
        4987,
        5511,
        6283,
        7139,
        7339,
        7399,
        7439,
        7575,
        7831,
        8151,
        8511,
        8791,
        9103,
        9799,
        18351,
        20543,
        20543,
        20607,
        20607,
        20879,
        20879,
        20879,
        21663,
        21663,
        21663,
        21663,
        21663,
        26943,
        26943
      ],
      "Percentiles": [
        0.0,
        0.1,
        0.2,
        0.3,
        0.4,
        0.5,
        0.55,
        0.6,
        0.65,
        0.7,
        0.75,
        0.775,
        0.8,
        0.825,
        0.85,
        0.875,
        0.8875,
        0.9,
        0.9125,
        0.925,
        0.9375,
        0.94375,
        0.95,
        0.95625,
        0.9625,
        0.96875,
        0.971875,
        0.975,
        0.978125,
        0.98125,
        0.984375,
        0.985938,
        0.9875,
        0.989062,
        0.990625,
        0.992188,
        0.992969,
        0.99375,
        0.994531,
        0.995313,
        0.996094,
        0.996484,
        0.996875,
        0.997266,
        0.997656,
        0.998047,
        0.998242,
        0.998437,
        0.998633,
        0.998828,
        0.999023,
        0.999121,
        0.999219,
        0.999316,
        0.999414,
        0.999512,
        0.999561,
        0.999609,
        0.999658,
        0.999707,
        0.999756,
        0.99978,
        0.999805,
        0.999829,
        0.999854,
        0.999878,
        0.99989,
        0.999902,
        0.999915,
        0.999927,
        0.999939,
        0.999945,
        0.999951,
        0.999957,
        0.999963,
        0.999969,
        0.999973,
        0.999976,
        0.999979,
        0.999982,
        0.999985,
        1.0
      ]
    },
    {
      "Values": [
        167,
        217,
        232,
        248,
        265,
        286,
        298,
        311,
        326,
        344,
        366,
        379,
        394,
        411,
        430,
        455,
        470,
        487,
        506,
        528,
        555,
        571,
        589,
        609,
        633,
        661,
        679,
        697,
        721,
        744,
        771,
        790,
        812,
        831,
        857,
        891,
        908,
        929,
        956,
        982,
        1028,
        1048,
        1085,
        1117,
        1155,
        1299,
        1362,
        1440,
        1513,
        1610,
        1755,
        1867,
        2111,
        2435,
        2939,
        3509,
        3863,
        4263,
        4383,
        4879,
        4951,
        5091,
        5111,
        5359,
        5755,
        5771,
        5823,
        5935,
        5935,
        9191,
        9231,
        9231,
        9231,
        9231,
        9231,
        9239,
        9239,
        9239,
        9239,
        9239,
        9399,
        9399
      ],
      "Percentiles": [
        0.0,
        0.1,
        0.2,
        0.3,
        0.4,
        0.5,
        0.55,
        0.6,
        0.65,
        0.7,
        0.75,
        0.775,
        0.8,
        0.825,
        0.85,
        0.875,
        0.8875,
        0.9,
        0.9125,
        0.925,
        0.9375,
        0.94375,
        0.95,
        0.95625,
        0.9625,
        0.96875,
        0.971875,
        0.975,
        0.978125,
        0.98125,
        0.984375,
        0.985938,
        0.9875,
        0.989062,
        0.990625,
        0.992188,
        0.992969,
        0.99375,
        0.994531,
        0.995313,
        0.996094,
        0.996484,
        0.996875,
        0.997266,
        0.997656,
        0.998047,
        0.998242,
        0.998437,
        0.998633,
        0.998828,
        0.999023,
        0.999121,
        0.999219,
        0.999316,
        0.999414,
        0.999512,
        0.999561,
        0.999609,
        0.999658,
        0.999707,
        0.999756,
        0.99978,
        0.999805,
        0.999829,
        0.999854,
        0.999878,
        0.99989,
        0.999902,
        0.999915,
        0.999927,
        0.999939,
        0.999945,
        0.999951,
        0.999957,
        0.999963,
        0.999969,
        0.999973,
        0.999976,
        0.999979,
        0.999982,
        0.999985,
        1.0
      ]
    },
    {
      "Values": [
        169,
        225,
        238,
        252,
        268,
        287,
        298,
        311,
        326,
        344,
        367,
        379,
        394,
        411,
        431,
        456,
        471,
        488,
        508,
        531,
        560,
        576,
        595,
        618,
        644,
        677,
        694,
        716,
        742,
        777,
        819,
        840,
        870,
        905,
        949,
        1010,
        1069,
        1128,
        1255,
        1455,
        1631,
        1682,
        1748,
        1818,
        1895,
        1978,
        2023,
        2095,
        2141,
        2267,
        2407,
        2767,
        2959,
        3339,
        3815,
        5191,
        5491,
        6963,
        7003,
        7315,
        7387,
        7511,
        7587,
        7691,
        7871,
        7891,
        7899,
        20767,
        20767,
        21039,
        21215,
        21215,
        22015,
        22015,
        22015,
        22207,
        22207,
        22207,
        22207,
        22207,
        22255,
        22255
      ],