{
  "latency-quic-lat": [
    {
      "Values": [
        72,
        109,
        113,
        116,
        118,
        121,
        122,
        123,
        124,
        125,
        126,
        127,
        128,
        129,
        130,
        131,
        132,
        132,
        133,
        134,
        135,
        136,
        137,
        138,
        138,
        139,
        140,
        140,
        141,
        141,
        142,
        143,
        143,
        144,
        145,
        146,
        146,
        147,
        148,
        149,
        150,
        150,
        151,
        152,
        153,
        154,
        155,
        156,
        158,
        160,
        162,
        163,
        165,
        168,
        171,
        174,
        175,
        178,
        180,
        185,
        192,
        198,
        202,
        213,
        240,
        266,
        286,
        287,
        300,
        328,
        380,
        421,
        438,
        453,
        466,
        493,
        493,
        551,
        551,
        553,
        553,
        553,
        623,
        623,
        623,
        623,
        623,
        826,
        826
      ],
      "Percentiles": [
        0.0,
        0.1,
        0.2,
        0.3,
        0.4,
        0.5,
        0.55,
        0.6,
        0.65,
        0.7,
        0.75,
        0.775,
        0.8,
        0.825,
        0.85,
        0.875,
        0.8875,
        0.9,
        0.9125,
        0.925,
        0.9375,
        0.94375,
        0.95,
        0.95625,
        0.9625,
        0.96875,
        0.971875,
        0.975,
        0.978125,
        0.98125,
        0.984375,
        0.985938,
        0.9875,
        0.989062,
        0.990625,
        0.992188,
        0.992969,
        0.99375,
        0.994531,
        0.995313,
        0.996094,
        0.996484,
        0.996875,
        0.997266,
        0.997656,
        0.998047,
        0.998242,
        0.998437,
        0.998633,
        0.998828,
        0.999023,
        0.999121,
        0.999219,
        0.999316,
        0.999414,
        0.999512,
        0.999561,
        0.999609,
        0.999658,
        0.999707,
        0.999756,
        0.99978,
        0.999805,
        0.999829,
        0.999854,
        0.999878,
        0.99989,
        0.999902,
        0.999915,
        0.999927,
        0.999939,
        0.999945,
        0.999951,
        0.999957,
        0.999963,
        0.999969,
        0.999973,
        0.999976,
        0.999979,
        0.999982,
        0.999985,
        0.999986,
        0.999988,
        0.999989,
        0.999991,
        0.999992,
        0.999993,
        0.999994,
        1.0
      ]
    },
    {
      "Values": [
        72,
        111,
        114,
        116,
        118,
        120,
        122,
        123,
        124,
        125,
        126,
        126,
        127,
        128,
        129,
        130,
        131,
        131,
        131,
        132,
        132,
        133,
        133,
        134,
        134,
        135,
        136,
        137,
        137,
        138,
        140,
        140,
        141,
        142,
        143,
        144,
        144,
        145,
        145,
        146,
        148,
        149,
        150,
        151,
        152,
        154,
        155,
        157,
        159,
        160,
        162,
        163,
        164,
        166,
        168,
        170,
        171,
        172,
        174,
        176,
        180,
        180,
        183,
        187,
        191,
        196,
        197,
        200,
        208,
        212,
        218,
        243,
        251,
        253,
        274,
        284,
        284,
        287,
        287,
        289,
        289,
        289,
        289,
        289,
        289,
        289,
        289,
        695,
        695
      ],
      "Percentiles": [
        0.0,
        0.1,
        0.2,
        0.3,
        0.4,
        0.5,
        0.55,
        0.6,
        0.65,
        0.7,
        0.75,
        0.775,
        0.8,
        0.825,
        0.85,
        0.875,
        0.8875,
        0.9,
        0.9125,
        0.925,
        0.9375,
        0.94375,
        0.95,
        0.95625,
        0.9625,
        0.96875,
        0.971875,
        0.975,
        0.978125,
        0.98125,
        0.984375,
        0.985938,
        0.9875,
        0.989062,
        0.990625,
        0.992188,
        0.992969,
        0.99375,
        0.994531,
        0.995313,
        0.996094,
        0.996484,
        0.996875,
        0.997266,
        0.997656,
        0.998047,
        0.998242,
        0.998437,
        0.998633,
        0.998828,
        0.999023,
        0.999121,
        0.999219,
        0.999316,
        0.999414,
        0.999512,
        0.999561,
        0.999609,
        0.999658,
        0.999707,
        0.999756,
        0.99978,
        0.999805,
        0.999829,
        0.999854,
        0.999878,
        0.99989,
        0.999902,
        0.999915,
        0.999927,
        0.999939,
        0.999945,
        0.999951,
        0.999957,
        0.999963,
        0.999969,
        0.999973,
        0.999976,
        0.999979,
        0.999982,
        0.999985,
        0.999986,
        0.999988,
        0.999989,
        0.999991,
        0.999992,
        0.999993,
        0.999994,
        1.0
      ]
    }
  ],
  "latency-quic-regression": {
    "AggregateFunction": "N/A",
    "CumulativeResult": "N/A",
    "BestResultCommit": "N/A",
    "BestResult": "N/A",
    "Baseline": "N/A",
    "HasRegression": false
  },
  "os_version": "10.0.26415",
  "rps-multi-quic": [
    "223",
    "10099",
    "13891",
    "18471",
    "31369",
    "69397",
    "106581",
    "108470",
    "122934"
  ],
  "hps-quic": [
    "4",
    "1",
    "0"
  ],
  "rps-quic": [
    "610",
    "835",
    "924",
    "1115",
    "1348",
    "2199",
    "4771",
    "5209",
    "101778",
    "610",
    "829",
    "922",
    "1150",
    "1561",
    "2546",
    "3540",
    "3742",
    "120633",
    "383",
    "819",
    "929",
    "1294",
    "2339",
    "3246",
    "4019",
    "4334",
    "113433"
  ],
  "rps-quic-regression": {
    "AggregateFunction": "N/A",
    "CumulativeResult": "N/A",
    "BestResultCommit": "N/A",
    "BestResult": "N/A",
    "Baseline": "N/A",
    "HasRegression": false
  },
  "download-quic": [
    "7548605"
  ],
  "upload-quic-regression": {
    "AggregateFunction": "N/A",
    "CumulativeResult": "N/A",
    "BestResultCommit": "N/A",
    "BestResult": "N/A",
    "Baseline": "N/A",
    "HasRegression": false
  },
  "hps-quic-regression": {
    "AggregateFunction": "N/A",
    "CumulativeResult": "N/A",
    "BestResultCommit": "N/A",
    "BestResult": "N/A",
    "Baseline": "N/A",
    "HasRegression": false
  },
  "upload-quic": [
    "7806066",
    "7923490",
    "8119257"
  ],
  "commit": "main",
  "rps-multi-quic-regression": {
    "AggregateFunction": "N/A",
    "CumulativeResult": "N/A",
    "BestResultCommit": "N/A",
    "BestResult": "N/A",
    "Baseline": "N/A",
    "HasRegression": false
  },
  "download-quic-regression": {
    "AggregateFunction": "N/A",
    "CumulativeResult": "N/A",
    "BestResultCommit": "N/A",
    "BestResult": "N/A",
    "Baseline": "N/A",
    "HasRegression": false
  },