{
  "rps-up-512-down-4000-quic-lat": [
    {
      "Values": [
        73,
        97,
        98,
        99,
        99,
        100,
        100,
        100,
        101,
        101,
        102,
        102,
        102,
        102,
        103,
        103,
        104,
        104,
        105,
        105,
        106,
        107,
        108,
        108,
        109,
        111,
        111,
        112,
        113,
        113,
        114,
        115,
        115,
        116,
        116,
        117,
        118,
        118,
        119,
        120,
        121,
        123,
        124,
        126,
        128,
        131,
        133,
        135,
        138,
        143,
        148,
        156,
        176,
        197,
        224,
        243,
        248,
        257,
        261,
        268,
        276,
        279,
        287,
        291,
        297,
        304,
        310,
        317,
        326,
        326,
        346,
        369,
        381,
        412,
        426,
        555,
        565,
        602,
        602,
        602,
        602,
        717,
        717,
        717,
        828,
        828,
        828,
        828,
        828,
        1080,
        1080
      ],
      "Percentiles": [
        0.0,
        0.1,
        0.2,
        0.3,
        0.4,
        0.5,
        0.55,
        0.6,
        0.65,
        0.7,
        0.75,
        0.775,
        0.8,
        0.825,
        0.85,
        0.875,
        0.8875,
        0.9,
        0.9125,
        0.925,
        0.9375,
        0.94375,
        0.95,
        0.95625,
        0.9625,
        0.96875,
        0.971875,
        0.975,
        0.978125,
        0.98125,
        0.984375,
        0.985938,
        0.9875,
        0.989062,
        0.990625,
        0.992188,
        0.992969,
        0.99375,
        0.994531,
        0.995313,
        0.996094,
        0.996484,
        0.996875,
        0.997266,
        0.997656,
        0.998047,
        0.998242,
        0.998437,
        0.998633,
        0.998828,
        0.999023,
        0.999121,
        0.999219,
        0.999316,
        0.999414,
        0.999512,
        0.999561,
        0.999609,
        0.999658,
        0.999707,
        0.999756,
        0.99978,
        0.999805,
        0.999829,
        0.999854,
        0.999878,
        0.99989,
        0.999902,
        0.999915,
        0.999927,
        0.999939,
        0.999945,
        0.999951,
        0.999957,
        0.999963,
        0.999969,
        0.999973,
        0.999976,
        0.999979,
        0.999982,
        0.999985,
        0.999986,
        0.999988,
        0.999989,
        0.999991,
        0.999992,
        0.999993,
        0.999994,
        0.999995,
        0.999995,
        1.0
      ]
    },
    {
      "Values": [
        69,
        96,
        98,
        99,
        100,
        101,
        101,
        102,
        102,
        103,
        104,
        105,
        106,
        107,
        108,
        109,
        110,
        111,
        112,
        112,
        113,
        114,
        114,
        115,
        116,
        117,
        118,
        118,
        119,
        120,
        122,
        123,
        124,
        126,
        130,
        136,
        140,
        146,
        157,
        172,
        194,
        207,
        222,
        239,
        259,
        282,
        294,
        312,
        340,
        364,
        402,
        416,
        441,
        467,
        516,
        620,
        654,
        691,
        729,
        773,
        825,
        848,
        890,
        941,
        1022,
        1099,
        1152,
        1235,
        1272,
        1321,
        1531,
        1602,
        1729,
        1768,
        1898,
        2008,
        2008,
        2155,
        2155,
        2583,
        2719,
        2719,
        2719,
        2719,
        4483,
        4483,
        4483,
        4483,
        4483,
        8447,
        8447
      ],
      "Percentiles": [
        0.0,
        0.1,
        0.2,
        0.3,
        0.4,
        0.5,
        0.55,
        0.6,
        0.65,
        0.7,
        0.75,
        0.775,
        0.8,
        0.825,
        0.85,
        0.875,
        0.8875,
        0.9,
        0.9125,
        0.925,
        0.9375,
        0.94375,
        0.95,
        0.95625,
        0.9625,
        0.96875,
        0.971875,
        0.975,
        0.978125,
        0.98125,
        0.984375,
        0.985938,
        0.9875,
        0.989062,
        0.990625,
        0.992188,
        0.992969,
        0.99375,
        0.994531,
        0.995313,
        0.996094,
        0.996484,
        0.996875,
        0.997266,
        0.997656,
        0.998047,
        0.998242,
        0.998437,
        0.998633,
        0.998828,
        0.999023,
        0.999121,
        0.999219,
        0.999316,
        0.999414,
        0.999512,
        0.999561,
        0.999609,
        0.999658,
        0.999707,
        0.999756,
        0.99978,
        0.999805,
        0.999829,
        0.999854,
        0.999878,
        0.99989,
        0.999902,
        0.999915,
        0.999927,
        0.999939,
        0.999945,
        0.999951,
        0.999957,
        0.999963,
        0.999969,
        0.999973,
        0.999976,
        0.999979,
        0.999982,
        0.999985,
        0.999986,
        0.999988,
        0.999989,
        0.999991,
        0.999992,
        0.999993,
        0.999994,
        0.999995,
        0.999995,
        1.0
      ]
    },
    {
      "Values": [
        71,
        97,
        98,
        99,
        99,
        100,
        100,
        101,
        101,
        101,
        102,
        102,
        102,
        103,
        103,
        104,
        105,
        105,
        106,
        107,
        108,
        109,
        110,
        111,
        112,
        113,
        113,
        114,
        114,
        115,
        116,
        116,
        116,
        117,
        118,
        118,
        119,
        119,
        120,
        121,
        122,
        123,
        125,
        127,
        129,
        133,
        136,
        139,
        143,
        150,
        166,
        183,
        199,
        220,
        237,
        252,
        259,
        266,
        279,
        292,
        297,
        308,
        324,
        340,
        364,
        383,
        395,
        402,
        412,
        419,
        439,
        468,
        471,
        477,
        532,
        535,
        560,
        568,
        568,
        630,
        630,
        657,
        657,
        657,
        892,
        892,
        892,
        892,
        892,
        921,
        921
      ],