{
  "rps-up-512-down-4000-quic-regression": {
    "CumulativeResult": 9402.333333333334,
    "HasRegression": false,
    "BestResultCommit": "main",
    "Baseline": 2539.133333333333,
    "AggregateFunction": "AVG",
    "BestResult": 3627.3333333333335
  },
  "rps-up-512-down-4000-quic-lat": [
    {
      "Values": [
        73,
        102,
        104,
        104,
        105,
        106,
        106,
        106,
        107,
        107,
        107,
        108,
        108,
        108,
        109,
        109,
        110,
        110,
        111,
        112,
        114,
        115,
        115,
        117,
        118,
        119,
        119,
        120,
        121,
        121,
        122,
        123,
        123,
        124,
        125,
        126,
        127,
        127,
        128,
        130,
        131,
        132,
        133,
        134,
        136,
        139,
        140,
        143,
        147,
        156,
        169,
        186,
        220,
        234,
        243,
        256,
        262,
        270,
        280,
        295,
        309,
        311,
        314,
        320,
        341,
        357,
        373,
        380,
        403,
        416,
        429,
        435,
        435,
        460,
        554,
        574,
        574,
        605,
        605,
        628,
        634,
        634,
        634,
        634,
        675,
        675,
        675,
        675,
        675,
        969,
        969
      ],
      "Percentiles": [
        0.0,
        0.1,
        0.2,
        0.3,
        0.4,
        0.5,
        0.55,
        0.6,
        0.65,
        0.7,
        0.75,
        0.775,
        0.8,
        0.825,
        0.85,
        0.875,
        0.8875,
        0.9,
        0.9125,
        0.925,
        0.9375,
        0.94375,
        0.95,
        0.95625,
        0.9625,
        0.96875,
        0.971875,
        0.975,
        0.978125,
        0.98125,
        0.984375,
        0.985938,
        0.9875,
        0.989062,
        0.990625,
        0.992188,
        0.992969,
        0.99375,
        0.994531,
        0.995313,
        0.996094,
        0.996484,
        0.996875,
        0.997266,
        0.997656,
        0.998047,
        0.998242,
        0.998437,
        0.998633,
        0.998828,
        0.999023,
        0.999121,
        0.999219,
        0.999316,
        0.999414,
        0.999512,
        0.999561,
        0.999609,
        0.999658,
        0.999707,
        0.999756,
        0.99978,
        0.999805,
        0.999829,
        0.999854,
        0.999878,
        0.99989,
        0.999902,
        0.999915,
        0.999927,
        0.999939,
        0.999945,
        0.999951,
        0.999957,
        0.999963,
        0.999969,
        0.999973,
        0.999976,
        0.999979,
        0.999982,
        0.999985,
        0.999986,
        0.999988,
        0.999989,
        0.999991,
        0.999992,
        0.999993,
        0.999994,
        0.999995,
        0.999995,
        1.0
      ]
    },
    {
      "Values": [
        71,
        102,
        103,
        104,
        105,
        106,
        106,
        106,
        107,
        107,
        108,
        108,
        109,
        110,
        111,
        112,
        113,
        114,
        115,
        116,
        117,
        117,
        118,
        118,
        119,
        120,
        120,
        121,
        121,
        122,
        122,
        123,
        123,
        123,
        124,
        125,
        125,
        126,
        126,
        127,
        128,
        129,
        130,
        132,
        134,
        137,
        139,
        144,
        148,
        155,
        173,
        183,
        203,
        221,
        235,
        248,
        258,
        266,
        276,
        287,
        296,
        306,
        318,
        322,
        329,
        352,
        372,
        375,
        389,
        396,
        407,
        423,
        428,
        435,
        437,
        444,
        444,
        491,
        530,
        530,
        617,
        617,
        617,
        629,
        629,
        629,
        629,
        629,
        876,
        876
      ],
      "Percentiles": [
        0.0,
        0.1,
        0.2,
        0.3,
        0.4,
        0.5,
        0.55,
        0.6,
        0.65,
        0.7,
        0.75,
        0.775,
        0.8,
        0.825,
        0.85,
        0.875,
        0.8875,
        0.9,
        0.9125,
        0.925,
        0.9375,
        0.94375,
        0.95,
        0.95625,
        0.9625,
        0.96875,
        0.971875,
        0.975,
        0.978125,
        0.98125,
        0.984375,
        0.985938,
        0.9875,
        0.989062,
        0.990625,
        0.992188,
        0.992969,
        0.99375,
        0.994531,
        0.995313,
        0.996094,
        0.996484,
        0.996875,
        0.997266,
        0.997656,
        0.998047,
        0.998242,
        0.998437,
        0.998633,
        0.998828,
        0.999023,
        0.999121,
        0.999219,
        0.999316,
        0.999414,
        0.999512,
        0.999561,
        0.999609,
        0.999658,
        0.999707,
        0.999756,
        0.99978,
        0.999805,
        0.999829,
        0.999854,
        0.999878,
        0.99989,
        0.999902,
        0.999915,
        0.999927,
        0.999939,
        0.999945,
        0.999951,
        0.999957,
        0.999963,
        0.999969,
        0.999973,
        0.999976,
        0.999979,
        0.999982,
        0.999985,
        0.999986,
        0.999988,
        0.999989,
        0.999991,
        0.999992,
        0.999993,
        0.999994,
        0.999995,
        1.0
      ]
    },
    {
      "Values": [
        73,
        102,
        104,
        104,
        105,
        105,
        106,
        106,
        106,
        106,
        107,
        107,
        107,
        107,
        108,
        108,
        108,
        109,
        109,
        109,
        110,
        110,
        111,
        111,
        112,
        113,
        114,
        114,
        115,
        116,
        118,
        118,
        119,
        119,
        120,
        121,
        121,
        121,
        122,
        123,
        124,
        124,
        125,
        127,
        129,
        134,
        136,
        140,
        147,
        158,
        184,
        198,
        214,
        229,
        240,
        249,
        253,
        262,
        272,
        280,
        290,
        295,
        303,
        313,
        320,
        334,
        345,
        366,
        379,
        387,
        413,
        433,
        444,
        458,
        499,
        573,
        573,
        574,
        574,
        616,
        700,
        700,
        700,
        700,
        854,
        854,
        854,
        854,
        854,
        1249,
        1249
      ],