{
  "upload-quic": [
    "6344257",
    "6515976",
    "6674388"
  ],
  "latency-quic-lat": [
    {
      "Values": [
        80,
        112,
        116,
        118,
        119,
        121,
        122,
        123,
        124,
        125,
        126,
        126,
        127,
        128,
        129,
        131,
        131,
        132,
        133,
        134,
        136,
        136,
        137,
        137,
        138,
        139,
        139,
        140,
        141,
        141,
        142,
        143,
        144,
        144,
        145,
        147,
        148,
        149,
        151,
        153,
        156,
        157,
        159,
        161,
        163,
        165,
        166,
        167,
        169,
        171,
        172,
        174,
        176,
        179,
        183,
        192,
        195,
        206,
        230,
        280,
        296,
        307,
        312,
        320,
        328,
        329,
        331,
        335,
        338,
        342,
        345,
        371,
        373,
        377,
        380,
        381,
        381,
        398,
        398,
        406,
        406,
        406,
        535,
        535,
        535,
        535,
        535,
        852,
        852
      ],
      "Percentiles": [
        0.0,
        0.1,
        0.2,
        0.3,
        0.4,
        0.5,
        0.55,
        0.6,
        0.65,
        0.7,
        0.75,
        0.775,
        0.8,
        0.825,
        0.85,
        0.875,
        0.8875,
        0.9,
        0.9125,
        0.925,
        0.9375,
        0.94375,
        0.95,
        0.95625,
        0.9625,
        0.96875,
        0.971875,
        0.975,
        0.978125,
        0.98125,
        0.984375,
        0.985938,
        0.9875,
        0.989062,
        0.990625,
        0.992188,
        0.992969,
        0.99375,
        0.994531,
        0.995313,
        0.996094,
        0.996484,
        0.996875,
        0.997266,
        0.997656,
        0.998047,
        0.998242,
        0.998437,
        0.998633,
        0.998828,
        0.999023,
        0.999121,
        0.999219,
        0.999316,
        0.999414,
        0.999512,
        0.999561,
        0.999609,
        0.999658,
        0.999707,
        0.999756,
        0.99978,
        0.999805,
        0.999829,
        0.999854,
        0.999878,
        0.99989,
        0.999902,
        0.999915,
        0.999927,
        0.999939,
        0.999945,
        0.999951,
        0.999957,
        0.999963,
        0.999969,
        0.999973,
        0.999976,
        0.999979,
        0.999982,
        0.999985,
        0.999986,
        0.999988,
        0.999989,
        0.999991,
        0.999992,
        0.999993,
        0.999994,
        1.0
      ]
    },
    {
      "Values": [
        78,
        112,
        116,
        118,
        120,
        122,
        123,
        124,
        125,
        126,
        127,
        127,
        128,
        129,
        131,
        132,
        133,
        134,
        135,
        136,
        137,
        137,
        138,
        139,
        139,
        140,
        141,
        141,
        142,
        143,
        144,
        145,
        146,
        147,
        148,
        150,
        151,
        152,
        154,
        156,
        159,
        161,
        162,
        164,
        166,
        168,
        171,
        173,
        175,
        178,
        184,
        186,
        189,
        196,
        205,
        239,
        267,
        294,
        300,
        309,
        320,
        323,
        328,
        331,
        334,
        341,
        358,
        363,
        367,
        375,
        378,
        385,
        391,
        396,
        396,
        397,
        397,
        477,
        477,
        635,
        635,
        635,
        763,
        763,
        763,
        763,
        763,
        783,
        783
      ],
      "Percentiles": [
        0.0,
        0.1,
        0.2,
        0.3,
        0.4,
        0.5,
        0.55,
        0.6,
        0.65,
        0.7,
        0.75,
        0.775,
        0.8,
        0.825,
        0.85,
        0.875,
        0.8875,
        0.9,
        0.9125,
        0.925,
        0.9375,
        0.94375,
        0.95,
        0.95625,
        0.9625,
        0.96875,
        0.971875,
        0.975,
        0.978125,
        0.98125,
        0.984375,
        0.985938,
        0.9875,
        0.989062,
        0.990625,
        0.992188,
        0.992969,
        0.99375,
        0.994531,
        0.995313,
        0.996094,
        0.996484,
        0.996875,
        0.997266,
        0.997656,
        0.998047,
        0.998242,
        0.998437,
        0.998633,
        0.998828,
        0.999023,
        0.999121,
        0.999219,
        0.999316,
        0.999414,
        0.999512,
        0.999561,
        0.999609,
        0.999658,
        0.999707,
        0.999756,
        0.99978,
        0.999805,
        0.999829,
        0.999854,
        0.999878,
        0.99989,
        0.999902,
        0.999915,
        0.999927,
        0.999939,
        0.999945,
        0.999951,
        0.999957,
        0.999963,
        0.999969,
        0.999973,
        0.999976,
        0.999979,
        0.999982,
        0.999985,
        0.999986,
        0.999988,
        0.999989,
        0.999991,
        0.999992,
        0.999993,
        0.999994,
        1.0
      ]
    },
    {
      "Values": [
        81,
        112,
        116,
        117,
        119,
        121,
        122,
        123,
        124,
        125,
        126,
        126,
        127,
        128,
        129,
        131,
        131,
        132,
        133,
        134,
        135,
        136,
        137,
        137,
        138,
        139,
        140,
        140,
        141,
        142,
        143,
        143,
        144,
        145,
        146,
        147,
        148,
        149,
        151,
        153,
        156,
        157,
        159,
        161,
        164,
        166,
        168,
        169,
        171,
        175,
        180,
        182,
        185,
        191,
        197,
        205,
        223,
        244,
        265,
        291,
        305,
        313,
        325,
        332,
        342,
        344,
        346,
        351,
        377,
        379,
        393,
        396,
        411,
        798,
        824,
        824,
        824,
        1114,
        1114,
        1211,
        1211,
        1211,
        15023,
        15023,
        15023,
        15023,
        15023,
        15511,
        15511
      ],