{
  "rps-up-512-down-4000-quic-lat": [
    {
      "Values": [
        71,
        98,
        101,
        102,
        103,
        104,
        104,
        105,
        107,
        108,
        109,
        109,
        110,
        111,
        112,
        112,
        113,
        113,
        114,
        115,
        116,
        116,
        117,
        118,
        118,
        119,
        120,
        120,
        121,
        121,
        122,
        123,
        124,
        125,
        126,
        128,
        130,
        132,
        135,
        139,
        146,
        151,
        159,
        176,
        194,
        200,
        202,
        206,
        210,
        215,
        221,
        225,
        230,
        236,
        245,
        258,
        264,
        272,
        301,
        310,
        332,
        362,
        415,
        426,
        500,
        582,
        625,
        726,
        751,
        910,
        965,
        968,
        1047,
        1066,
        1282,
        1480,
        1480,
        1707,
        1707,
        1877,
        2625,
        2625,
        2625,
        2625,
        5027,
        5027,
        5027,
        5027,
        5027,
        5111,
        5111
      ],
      "Percentiles": [
        0.0,
        0.1,
        0.2,
        0.3,
        0.4,
        0.5,
        0.55,
        0.6,
        0.65,
        0.7,
        0.75,
        0.775,
        0.8,
        0.825,
        0.85,
        0.875,
        0.8875,
        0.9,
        0.9125,
        0.925,
        0.9375,
        0.94375,
        0.95,
        0.95625,
        0.9625,
        0.96875,
        0.971875,
        0.975,
        0.978125,
        0.98125,
        0.984375,
        0.985938,
        0.9875,
        0.989062,
        0.990625,
        0.992188,
        0.992969,
        0.99375,
        0.994531,
        0.995313,
        0.996094,
        0.996484,
        0.996875,
        0.997266,
        0.997656,
        0.998047,
        0.998242,
        0.998437,
        0.998633,
        0.998828,
        0.999023,
        0.999121,
        0.999219,
        0.999316,
        0.999414,
        0.999512,
        0.999561,
        0.999609,
        0.999658,
        0.999707,
        0.999756,
        0.99978,
        0.999805,
        0.999829,
        0.999854,
        0.999878,
        0.99989,
        0.999902,
        0.999915,
        0.999927,
        0.999939,
        0.999945,
        0.999951,
        0.999957,
        0.999963,
        0.999969,
        0.999973,
        0.999976,
        0.999979,
        0.999982,
        0.999985,
        0.999986,
        0.999988,
        0.999989,
        0.999991,
        0.999992,
        0.999993,
        0.999994,
        0.999995,
        0.999995,
        1.0
      ]
    },
    {
      "Values": [
        76,
        99,
        101,
        101,
        102,
        102,
        103,
        103,
        104,
        104,
        105,
        105,
        106,
        106,
        107,
        108,
        108,
        108,
        109,
        109,
        110,
        110,
        110,
        111,
        111,
        112,
        112,
        113,
        114,
        114,
        115,
        116,
        116,
        117,
        118,
        120,
        120,
        121,
        123,
        125,
        128,
        131,
        136,
        142,
        149,
        157,
        165,
        181,
        194,
        205,
        215,
        218,
        223,
        229,
        241,
        254,
        269,
        283,
        311,
        322,
        340,
        350,
        368,
        390,
        408,
        430,
        465,
        503,
        553,
        609,
        633,
        635,
        640,
        641,
        723,
        984,
        984,
        1091,
        1091,
        3073,
        3085,
        3085,
        3085,
        3085,
        3707,
        3707,
        3707,
        3707,
        3707,
        5267,
        5267
      ],
      "Percentiles": [
        0.0,
        0.1,
        0.2,
        0.3,
        0.4,
        0.5,
        0.55,
        0.6,
        0.65,
        0.7,
        0.75,
        0.775,
        0.8,
        0.825,
        0.85,
        0.875,
        0.8875,
        0.9,
        0.9125,
        0.925,
        0.9375,
        0.94375,
        0.95,
        0.95625,
        0.9625,
        0.96875,
        0.971875,
        0.975,
        0.978125,
        0.98125,
        0.984375,
        0.985938,
        0.9875,
        0.989062,
        0.990625,
        0.992188,
        0.992969,
        0.99375,
        0.994531,
        0.995313,
        0.996094,
        0.996484,
        0.996875,
        0.997266,
        0.997656,
        0.998047,
        0.998242,
        0.998437,
        0.998633,
        0.998828,
        0.999023,
        0.999121,
        0.999219,
        0.999316,
        0.999414,
        0.999512,
        0.999561,
        0.999609,
        0.999658,
        0.999707,
        0.999756,
        0.99978,
        0.999805,
        0.999829,
        0.999854,
        0.999878,
        0.99989,
        0.999902,
        0.999915,
        0.999927,
        0.999939,
        0.999945,
        0.999951,
        0.999957,
        0.999963,
        0.999969,
        0.999973,
        0.999976,
        0.999979,
        0.999982,
        0.999985,
        0.999986,
        0.999988,
        0.999989,
        0.999991,
        0.999992,
        0.999993,
        0.999994,
        0.999995,
        0.999995,
        1.0
      ]
    },
    {
      "Values": [
        74,
        99,
        101,
        102,
        102,
        103,
        103,
        104,
        104,
        105,
        106,
        106,
        107,
        108,
        108,
        109,
        109,
        110,
        110,
        111,
        112,
        112,
        113,
        113,
        114,
        115,
        115,
        116,
        117,
        118,
        119,
        119,
        120,
        120,
        121,
        123,
        124,
        125,
        127,
        130,
        136,
        140,
        145,
        151,
        161,
        186,
        193,
        198,
        202,
        210,
        219,
        223,
        231,
        241,
        251,
        267,
        296,
        320,
        332,
        352,
        392,
        405,
        425,
        461,
        497,
        538,
        583,
        607,
        620,
        783,
        934,
        960,
        1063,
        1107,
        1792,
        2587,
        2587,
        2985,
        2985,
        3389,
        3777,
        3777,
        3777,
        3777,
        4023,
        4023,
        4023,
        4023,
        4023,
        12207,
        12207
      ],