{
  "hps-quic": [
    "862",
    "890",
    "823"
  ],
  "latency-quic-lat": [
    {
      "Values": [
        79,
        112,
        114,
        116,
        118,
        120,
        121,
        122,
        123,
        124,
        125,
        126,
        127,
        128,
        129,
        130,
        130,
        131,
        132,
        132,
        133,
        134,
        135,
        135,
        136,
        138,
        138,
        139,
        140,
        141,
        141,
        142,
        142,
        143,
        144,
        145,
        146,
        146,
        148,
        149,
        151,
        153,
        155,
        157,
        159,
        162,
        164,
        167,
        170,
        173,
        177,
        181,
        184,
        187,
        192,
        212,
        224,
        251,
        278,
        307,
        318,
        322,
        332,
        341,
        345,
        350,
        356,
        360,
        366,
        385,
        417,
        425,
        430,
        441,
        446,
        453,
        453,
        459,
        459,
        504,
        504,
        504,
        831,
        831,
        831,
        831,
        831,
        1674,
        1674
      ],
      "Percentiles": [
        0.0,
        0.1,
        0.2,
        0.3,
        0.4,
        0.5,
        0.55,
        0.6,
        0.65,
        0.7,
        0.75,
        0.775,
        0.8,
        0.825,
        0.85,
        0.875,
        0.8875,
        0.9,
        0.9125,
        0.925,
        0.9375,
        0.94375,
        0.95,
        0.95625,
        0.9625,
        0.96875,
        0.971875,
        0.975,
        0.978125,
        0.98125,
        0.984375,
        0.985938,
        0.9875,
        0.989062,
        0.990625,
        0.992188,
        0.992969,
        0.99375,
        0.994531,
        0.995313,
        0.996094,
        0.996484,
        0.996875,
        0.997266,
        0.997656,
        0.998047,
        0.998242,
        0.998437,
        0.998633,
        0.998828,
        0.999023,
        0.999121,
        0.999219,
        0.999316,
        0.999414,
        0.999512,
        0.999561,
        0.999609,
        0.999658,
        0.999707,
        0.999756,
        0.99978,
        0.999805,
        0.999829,
        0.999854,
        0.999878,
        0.99989,
        0.999902,
        0.999915,
        0.999927,
        0.999939,
        0.999945,
        0.999951,
        0.999957,
        0.999963,
        0.999969,
        0.999973,
        0.999976,
        0.999979,
        0.999982,
        0.999985,
        0.999986,
        0.999988,
        0.999989,
        0.999991,
        0.999992,
        0.999993,
        0.999994,
        1.0
      ]
    },
    {
      "Values": [
        80,
        112,
        114,
        116,
        118,
        120,
        120,
        121,
        122,
        123,
        124,
        125,
        126,
        127,
        128,
        129,
        129,
        130,
        130,
        131,
        132,
        133,
        133,
        134,
        135,
        136,
        137,
        137,
        138,
        139,
        140,
        141,
        142,
        142,
        143,
        144,
        145,
        146,
        147,
        148,
        151,
        152,
        154,
        156,
        159,
        162,
        163,
        166,
        169,
        172,
        176,
        179,
        182,
        188,
        193,
        204,
        215,
        256,
        302,
        317,
        326,
        336,
        345,
        358,
        365,
        375,
        406,
        430,
        450,
        454,
        466,
        482,
        490,
        519,
        690,
        851,
        851,
        867,
        867,
        871,
        871,
        871,
        1385,
        1385,
        1385,
        1385,
        1385,
        2831,
        2831
      ],
      "Percentiles": [
        0.0,
        0.1,
        0.2,
        0.3,
        0.4,
        0.5,
        0.55,
        0.6,
        0.65,
        0.7,
        0.75,
        0.775,
        0.8,
        0.825,
        0.85,
        0.875,
        0.8875,
        0.9,
        0.9125,
        0.925,
        0.9375,
        0.94375,
        0.95,
        0.95625,
        0.9625,
        0.96875,
        0.971875,
        0.975,
        0.978125,
        0.98125,
        0.984375,
        0.985938,
        0.9875,
        0.989062,
        0.990625,
        0.992188,
        0.992969,
        0.99375,
        0.994531,
        0.995313,
        0.996094,
        0.996484,
        0.996875,
        0.997266,
        0.997656,
        0.998047,
        0.998242,
        0.998437,
        0.998633,
        0.998828,
        0.999023,
        0.999121,
        0.999219,
        0.999316,
        0.999414,
        0.999512,
        0.999561,
        0.999609,
        0.999658,
        0.999707,
        0.999756,
        0.99978,
        0.999805,
        0.999829,
        0.999854,
        0.999878,
        0.99989,
        0.999902,
        0.999915,
        0.999927,
        0.999939,
        0.999945,
        0.999951,
        0.999957,
        0.999963,
        0.999969,
        0.999973,
        0.999976,
        0.999979,
        0.999982,
        0.999985,
        0.999986,
        0.999988,
        0.999989,
        0.999991,
        0.999992,
        0.999993,
        0.999994,
        1.0
      ]
    },
    {
      "Values": [
        83,
        115,
        118,
        120,
        122,
        124,
        125,
        126,
        128,
        129,
        131,
        132,
        133,
        134,
        135,
        136,
        137,
        138,
        138,
        139,
        140,
        140,
        141,
        142,
        142,
        143,
        144,
        145,
        145,
        147,
        148,
        149,
        150,
        151,
        151,
        152,
        153,
        153,
        154,
        155,
        156,
        157,
        158,
        159,
        161,
        162,
        163,
        165,
        167,
        169,
        172,
        174,
        176,
        178,
        182,
        185,
        190,
        194,
        198,
        207,
        242,
        262,
        281,
        295,
        305,
        316,
        321,
        326,
        338,
        349,
        355,
        365,
        369,
        372,
        400,
        403,
        403,
        426,
        426,
        428,
        428,
        428,
        432,
        432,
        432,
        432,
        432,
        816,
        816
      ],