{
  "commit": "5d070d661c45979946615289e92bb6b822efe9e9",
  "rps-up-512-down-4000-quic-lat": [
    {
      "Values": [
        156,
        230,
        254,
        281,
        313,
        352,
        376,
        404,
        437,
        476,
        522,
        549,
        584,
        624,
        670,
        727,
        762,
        799,
        845,
        897,
        965,
        1001,
        1049,
        1107,
        1216,
        1392,
        1449,
        1513,
        1578,
        1646,
        1725,
        1771,
        1828,
        1883,
        1952,
        2051,
        2091,
        2149,
        2243,
        2349,
        2481,
        2611,
        2721,
        2903,
        3067,
        3451,
        3893,
        4927,
        5683,
        6223,
        6735,
        7027,
        7911,
        8199,
        8271,
        8471,
        8591,
        9455,
        10679,
        10863,
        11071,
        11231,
        12287,
        13367,
        13463,
        13823,
        13991,
        13991,
        14079,
        14079,
        14271,
        14271,
        14271,
        14519,
        14519,
        14519,
        14519,
        14519,
        14791,
        14791
      ],
      "Percentiles": [
        0.0,
        0.1,
        0.2,
        0.3,
        0.4,
        0.5,
        0.55,
        0.6,
        0.65,
        0.7,
        0.75,
        0.775,
        0.8,
        0.825,
        0.85,
        0.875,
        0.8875,
        0.9,
        0.9125,
        0.925,
        0.9375,
        0.94375,
        0.95,
        0.95625,
        0.9625,
        0.96875,
        0.971875,
        0.975,
        0.978125,
        0.98125,
        0.984375,
        0.985938,
        0.9875,
        0.989062,
        0.990625,
        0.992188,
        0.992969,
        0.99375,
        0.994531,
        0.995313,
        0.996094,
        0.996484,
        0.996875,
        0.997266,
        0.997656,
        0.998047,
        0.998242,
        0.998437,
        0.998633,
        0.998828,
        0.999023,
        0.999121,
        0.999219,
        0.999316,
        0.999414,
        0.999512,
        0.999561,
        0.999609,
        0.999658,
        0.999707,
        0.999756,
        0.99978,
        0.999805,
        0.999829,
        0.999854,
        0.999878,
        0.99989,
        0.999902,
        0.999915,
        0.999927,
        0.999939,
        0.999945,
        0.999951,
        0.999957,
        0.999963,
        0.999969,
        0.999973,
        0.999976,
        0.999979,
        1.0
      ]
    },
    {
      "Values": [
        155,
        218,
        237,
        255,
        276,
        301,
        314,
        330,
        349,
        371,
        397,
        413,
        433,
        456,
        483,
        519,
        539,
        564,
        596,
        632,
        680,
        708,
        739,
        778,
        820,
        875,
        905,
        947,
        990,
        1040,
        1109,
        1153,
        1267,
        1379,
        1456,
        1535,
        1584,
        1635,
        1685,
        1737,
        1801,
        1854,
        1912,
        1968,
        2035,
        2109,
        2153,
        2239,
        2315,
        2423,
        2565,
        2697,
        2759,
        2993,
        3163,
        6463,
        6507,
        6787,
        7103,
        11543,
        11599,
        11887,
        11911,
        12223,
        13367,
        13391,
        13879,
        13879,
        13943,
        13967,
        13967,
        14375,
        14375,
        14375,
        14431,
        14431,
        14431,
        14431,
        14431,
        15487,
        15487
      ],
      "Percentiles": [
        0.0,
        0.1,
        0.2,
        0.3,
        0.4,
        0.5,
        0.55,
        0.6,
        0.65,
        0.7,
        0.75,
        0.775,
        0.8,
        0.825,
        0.85,
        0.875,
        0.8875,
        0.9,
        0.9125,
        0.925,
        0.9375,
        0.94375,
        0.95,
        0.95625,
        0.9625,
        0.96875,
        0.971875,
        0.975,
        0.978125,
        0.98125,
        0.984375,
        0.985938,
        0.9875,
        0.989062,
        0.990625,
        0.992188,
        0.992969,
        0.99375,
        0.994531,
        0.995313,
        0.996094,
        0.996484,
        0.996875,
        0.997266,
        0.997656,
        0.998047,
        0.998242,
        0.998437,
        0.998633,
        0.998828,
        0.999023,
        0.999121,
        0.999219,
        0.999316,
        0.999414,
        0.999512,
        0.999561,
        0.999609,
        0.999658,
        0.999707,
        0.999756,
        0.99978,
        0.999805,
        0.999829,
        0.999854,
        0.999878,
        0.99989,
        0.999902,
        0.999915,
        0.999927,
        0.999939,
        0.999945,
        0.999951,
        0.999957,
        0.999963,
        0.999969,
        0.999973,
        0.999976,
        0.999979,
        0.999982,
        1.0
      ]
    },
    {
      "Values": [
        171,
        231,
        258,
        285,
        315,
        349,
        369,
        391,
        417,
        448,
        485,
        505,
        530,
        559,
        593,
        635,
        661,
        691,
        725,
        764,
        810,
        839,
        874,
        913,
        961,
        1019,
        1054,
        1096,
        1145,
        1324,
        1444,
        1485,
        1529,
        1573,
        1630,
        1722,
        1770,
        1822,
        1904,
        1989,
        2089,
        2155,
        2251,
        2379,
        2521,
        2657,
        2703,
        2741,
        2843,
        2963,
        3097,
        3295,
        3411,
        3797,
        3941,
        4171,
        4435,
        8147,
        8335,
        8351,
        8447,
        8455,
        8487,
        8663,
        8839,
        8871,
        8871,
        8919,
        10215,
        10215,
        10935,
        10935,
        10935,
        11239,
        11239,
        11239,
        11239,
        11239,
        12767,
        12767
      ],