{
  "rps-multi-quic": [
    "3502",
    "65265",
    "85211",
    "104255",
    "130623",
    "201619",
    "241845",
    "259904",
    "96395",
    "5742",
    "65099",
    "84503",
    "101609",
    "124258",
    "197155",
    "276713",
    "298926",
    "96987",
    "2829",
    "65756",
    "85048",
    "101769",
    "127937",
    "205105",
    "294936",
    "309563",
    "95549"
  ],
  "os_version": "10.0.26543",
  "latency-quic-lat": [
    {
      "Values": [
        106,
        141,
        144,
        147,
        149,
        151,
        152,
        153,
        154,
        156,
        157,
        158,
        159,
        160,
        161,
        162,
        163,
        164,
        165,
        165,
        166,
        167,
        167,
        168,
        169,
        170,
        170,
        171,
        172,
        173,
        174,
        175,
        176,
        177,
        178,
        179,
        180,
        181,
        182,
        184,
        186,
        188,
        190,
        192,
        195,
        199,
        201,
        204,
        207,
        210,
        214,
        218,
        223,
        230,
        249,
        276,
        300,
        309,
        319,
        324,
        343,
        359,
        374,
        385,
        399,
        412,
        419,
        429,
        430,
        456,
        480,
        480,
        537,
        563,
        612,
        932,
        932,
        932,
        1029,
        1029,
        1207,
        1207,
        1207,
        1207,
        1207,
        1468,
        1468
      ],
      "Percentiles": [
        0.0,
        0.1,
        0.2,
        0.3,
        0.4,
        0.5,
        0.55,
        0.6,
        0.65,
        0.7,
        0.75,
        0.775,
        0.8,
        0.825,
        0.85,
        0.875,
        0.8875,
        0.9,
        0.9125,
        0.925,
        0.9375,
        0.94375,
        0.95,
        0.95625,
        0.9625,
        0.96875,
        0.971875,
        0.975,
        0.978125,
        0.98125,
        0.984375,
        0.985938,
        0.9875,
        0.989062,
        0.990625,
        0.992188,
        0.992969,
        0.99375,
        0.994531,
        0.995313,
        0.996094,
        0.996484,
        0.996875,
        0.997266,
        0.997656,
        0.998047,
        0.998242,
        0.998437,
        0.998633,
        0.998828,
        0.999023,
        0.999121,
        0.999219,
        0.999316,
        0.999414,
        0.999512,
        0.999561,
        0.999609,
        0.999658,
        0.999707,
        0.999756,
        0.99978,
        0.999805,
        0.999829,
        0.999854,
        0.999878,
        0.99989,
        0.999902,
        0.999915,
        0.999927,
        0.999939,
        0.999945,
        0.999951,
        0.999957,
        0.999963,
        0.999969,
        0.999973,
        0.999976,
        0.999979,
        0.999982,
        0.999985,
        0.999986,
        0.999988,
        0.999989,
        0.999991,
        0.999992,
        1.0
      ]
    },
    {
      "Values": [
        101,
        138,
        142,
        144,
        146,
        148,
        148,
        149,
        150,
        151,
        152,
        153,
        154,
        154,
        155,
        156,
        157,
        158,
        158,
        159,
        160,
        161,
        162,
        163,
        164,
        165,
        166,
        166,
        167,
        168,
        169,
        170,
        171,
        172,
        173,
        175,
        176,
        178,
        180,
        182,
        185,
        187,
        189,
        192,
        195,
        198,
        200,
        203,
        206,
        210,
        216,
        219,
        224,
        234,
        275,
        310,
        316,
        322,
        328,
        333,
        339,
        347,
        357,
        365,
        370,
        373,
        376,
        379,
        391,
        407,
        408,
        411,
        412,
        456,
        459,
        459,
        840,
        840,
        870,
        870,
        870,
        904,
        904,
        904,
        904,
        904,
        1282,
        1282
      ],
      "Percentiles": [
        0.0,
        0.1,
        0.2,
        0.3,
        0.4,
        0.5,
        0.55,
        0.6,
        0.65,
        0.7,
        0.75,
        0.775,
        0.8,
        0.825,
        0.85,
        0.875,
        0.8875,
        0.9,
        0.9125,
        0.925,
        0.9375,
        0.94375,
        0.95,
        0.95625,
        0.9625,
        0.96875,
        0.971875,
        0.975,
        0.978125,
        0.98125,
        0.984375,
        0.985938,
        0.9875,
        0.989062,
        0.990625,
        0.992188,
        0.992969,
        0.99375,
        0.994531,
        0.995313,
        0.996094,
        0.996484,
        0.996875,
        0.997266,
        0.997656,
        0.998047,
        0.998242,
        0.998437,
        0.998633,
        0.998828,
        0.999023,
        0.999121,
        0.999219,
        0.999316,
        0.999414,
        0.999512,
        0.999561,
        0.999609,
        0.999658,
        0.999707,
        0.999756,
        0.99978,
        0.999805,
        0.999829,
        0.999854,
        0.999878,
        0.99989,
        0.999902,
        0.999915,
        0.999927,
        0.999939,
        0.999945,
        0.999951,
        0.999957,
        0.999963,
        0.999969,
        0.999973,
        0.999976,
        0.999979,
        0.999982,
        0.999985,
        0.999986,
        0.999988,
        0.999989,
        0.999991,
        0.999992,
        0.999993,
        1.0
      ]
    },
    {
      "Values": [
        105,
        141,
        145,
        147,
        149,
        151,
        152,
        153,
        155,
        156,
        157,
        158,
        159,
        160,
        161,
        162,
        163,
        164,
        165,
        166,
        167,
        167,
        168,
        169,
        169,
        170,
        170,
        171,
        172,
        172,
        174,
        175,
        175,
        176,
        177,
        179,
        180,
        180,
        182,
        183,
        185,
        187,
        188,
        190,
        193,
        197,
        199,
        202,
        204,
        208,
        211,
        214,
        218,
        221,
        229,
        242,
        286,
        305,
        325,
        331,
        344,
        346,
        351,
        356,
        366,
        374,
        376,
        380,
        380,
        394,
        415,
        415,
        417,
        462,
        466,
        475,
        475,
        475,
        489,
        489,
        845,
        845,
        845,
        845,
        845,
        1183,
        1183
      ],