{
  "tput-down-quic": [
    "4895613",
    "4416499",
    "3608014"
  ],
  "rps-up-512-down-4000-quic-lat": [
    {
      "Values": [
        75,
        103,
        109,
        111,
        112,
        112,
        113,
        113,
        113,
        114,
        114,
        114,
        114,
        115,
        115,
        116,
        116,
        116,
        117,
        117,
        118,
        119,
        119,
        120,
        121,
        122,
        123,
        124,
        125,
        126,
        127,
        127,
        128,
        129,
        131,
        133,
        135,
        137,
        140,
        143,
        150,
        156,
        164,
        179,
        204,
        235,
        250,
        262,
        281,
        295,
        316,
        329,
        343,
        360,
        381,
        398,
        413,
        431,
        449,
        463,
        522,
        527,
        589,
        721,
        972,
        1027,
        1182,
        1303,
        1316,
        1363,
        1506,
        1543,
        1568,
        1609,
        1656,
        2877,
        3101,
        3101,
        5035,
        5035,
        5095,
        5095,
        5095,
        7027,
        7027,
        7027,
        7027,
        7027,
        16751,
        16751
      ],
      "Percentiles": [
        0.0,
        0.1,
        0.2,
        0.3,
        0.4,
        0.5,
        0.55,
        0.6,
        0.65,
        0.7,
        0.75,
        0.775,
        0.8,
        0.825,
        0.85,
        0.875,
        0.8875,
        0.9,
        0.9125,
        0.925,
        0.9375,
        0.94375,
        0.95,
        0.95625,
        0.9625,
        0.96875,
        0.971875,
        0.975,
        0.978125,
        0.98125,
        0.984375,
        0.985938,
        0.9875,
        0.989062,
        0.990625,
        0.992188,
        0.992969,
        0.99375,
        0.994531,
        0.995313,
        0.996094,
        0.996484,
        0.996875,
        0.997266,
        0.997656,
        0.998047,
        0.998242,
        0.998437,
        0.998633,
        0.998828,
        0.999023,
        0.999121,
        0.999219,
        0.999316,
        0.999414,
        0.999512,
        0.999561,
        0.999609,
        0.999658,
        0.999707,
        0.999756,
        0.99978,
        0.999805,
        0.999829,
        0.999854,
        0.999878,
        0.99989,
        0.999902,
        0.999915,
        0.999927,
        0.999939,
        0.999945,
        0.999951,
        0.999957,
        0.999963,
        0.999969,
        0.999973,
        0.999976,
        0.999979,
        0.999982,
        0.999985,
        0.999986,
        0.999988,
        0.999989,
        0.999991,
        0.999992,
        0.999993,
        0.999994,
        0.999995,
        1.0
      ]
    },
    {
      "Values": [
        77,
        103,
        109,
        110,
        111,
        112,
        112,
        112,
        112,
        113,
        113,
        113,
        113,
        113,
        114,
        114,
        114,
        115,
        115,
        115,
        116,
        116,
        117,
        118,
        118,
        119,
        120,
        121,
        122,
        123,
        124,
        125,
        126,
        126,
        127,
        129,
        130,
        131,
        134,
        138,
        143,
        146,
        149,
        155,
        162,
        174,
        183,
        198,
        220,
        241,
        265,
        278,
        295,
        305,
        325,
        339,
        347,
        366,
        378,
        397,
        430,
        440,
        448,
        463,
        473,
        513,
        541,
        577,
        654,
        801,
        859,
        876,
        902,
        993,
        1052,
        1122,
        1138,
        1138,
        1220,
        1220,
        1434,
        1434,
        1434,
        1646,
        1646,
        1646,
        1646,
        1646,
        2835,
        2835
      ],
      "Percentiles": [
        0.0,
        0.1,
        0.2,
        0.3,
        0.4,
        0.5,
        0.55,
        0.6,
        0.65,
        0.7,
        0.75,
        0.775,
        0.8,
        0.825,
        0.85,
        0.875,
        0.8875,
        0.9,
        0.9125,
        0.925,
        0.9375,
        0.94375,
        0.95,
        0.95625,
        0.9625,
        0.96875,
        0.971875,
        0.975,
        0.978125,
        0.98125,
        0.984375,
        0.985938,
        0.9875,
        0.989062,
        0.990625,
        0.992188,
        0.992969,
        0.99375,
        0.994531,
        0.995313,
        0.996094,
        0.996484,
        0.996875,
        0.997266,
        0.997656,
        0.998047,
        0.998242,
        0.998437,
        0.998633,
        0.998828,
        0.999023,
        0.999121,
        0.999219,
        0.999316,
        0.999414,
        0.999512,
        0.999561,
        0.999609,
        0.999658,
        0.999707,
        0.999756,
        0.99978,
        0.999805,
        0.999829,
        0.999854,
        0.999878,
        0.99989,
        0.999902,
        0.999915,
        0.999927,
        0.999939,
        0.999945,
        0.999951,
        0.999957,
        0.999963,
        0.999969,
        0.999973,
        0.999976,
        0.999979,
        0.999982,
        0.999985,
        0.999986,
        0.999988,
        0.999989,
        0.999991,
        0.999992,
        0.999993,
        0.999994,
        0.999995,
        1.0
      ]
    },
    {
      "Values": [
        84,
        109,
        111,
        112,
        112,
        113,
        113,
        114,
        114,
        115,
        115,
        116,
        116,
        116,
        117,
        117,
        117,
        118,
        118,
        119,
        120,
        121,
        122,
        123,
        124,
        126,
        127,
        128,
        129,
        132,
        136,
        139,
        142,
        147,
        154,
        163,
        170,
        178,
        186,
        198,
        223,
        237,
        251,
        268,
        290,
        316,
        336,
        353,
        386,
        425,
        464,
        475,
        495,
        518,
        547,
        590,
        607,
        645,
        686,
        755,
        869,
        883,
        1020,
        1099,
        1175,
        1214,
        1346,
        1427,
        1528,
        1653,
        1825,
        1855,
        2021,
        2081,
        2155,
        2403,
        2413,
        2413,
        2587,
        2587,
        3291,
        3291,
        3291,
        3613,
        3613,
        3613,
        3613,
        3613,
        4643,
        4643
      ],