{
  "latency-quic-lat": [
    {
      "Values": [
        78,
        114,
        116,
        118,
        120,
        122,
        123,
        124,
        125,
        126,
        128,
        128,
        129,
        130,
        131,
        132,
        133,
        134,
        134,
        135,
        136,
        137,
        138,
        138,
        139,
        140,
        141,
        142,
        143,
        144,
        145,
        145,
        146,
        146,
        148,
        149,
        150,
        152,
        154,
        158,
        161,
        163,
        166,
        169,
        175,
        181,
        188,
        197,
        220,
        249,
        290,
        303,
        313,
        328,
        341,
        363,
        390,
        407,
        435,
        469,
        597,
        680,
        720,
        787,
        813,
        885,
        959,
        1064,
        1201,
        1271,
        1347,
        1601,
        2089,
        2389,
        3267,
        4635,
        4635,
        5143,
        5143,
        7187,
        7187,
        7187,
        8375,
        8375,
        8375,
        8375,
        8375,
        15575,
        15575
      ],
      "Percentiles": [
        0.0,
        0.1,
        0.2,
        0.3,
        0.4,
        0.5,
        0.55,
        0.6,
        0.65,
        0.7,
        0.75,
        0.775,
        0.8,
        0.825,
        0.85,
        0.875,
        0.8875,
        0.9,
        0.9125,
        0.925,
        0.9375,
        0.94375,
        0.95,
        0.95625,
        0.9625,
        0.96875,
        0.971875,
        0.975,
        0.978125,
        0.98125,
        0.984375,
        0.985938,
        0.9875,
        0.989062,
        0.990625,
        0.992188,
        0.992969,
        0.99375,
        0.994531,
        0.995313,
        0.996094,
        0.996484,
        0.996875,
        0.997266,
        0.997656,
        0.998047,
        0.998242,
        0.998437,
        0.998633,
        0.998828,
        0.999023,
        0.999121,
        0.999219,
        0.999316,
        0.999414,
        0.999512,
        0.999561,
        0.999609,
        0.999658,
        0.999707,
        0.999756,
        0.99978,
        0.999805,
        0.999829,
        0.999854,
        0.999878,
        0.99989,
        0.999902,
        0.999915,
        0.999927,
        0.999939,
        0.999945,
        0.999951,
        0.999957,
        0.999963,
        0.999969,
        0.999973,
        0.999976,
        0.999979,
        0.999982,
        0.999985,
        0.999986,
        0.999988,
        0.999989,
        0.999991,
        0.999992,
        0.999993,
        0.999994,
        1.0
      ]
    },
    {
      "Values": [
        79,
        112,
        114,
        116,
        117,
        119,
        120,
        121,
        122,
        123,
        124,
        125,
        126,
        127,
        128,
        129,
        129,
        130,
        131,
        132,
        133,
        133,
        134,
        135,
        136,
        137,
        138,
        138,
        139,
        140,
        141,
        142,
        142,
        143,
        144,
        145,
        146,
        146,
        148,
        150,
        152,
        154,
        156,
        157,
        159,
        162,
        164,
        166,
        170,
        172,
        175,
        178,
        182,
        185,
        189,
        200,
        207,
        234,
        261,
        296,
        311,
        320,
        324,
        333,
        339,
        344,
        351,
        361,
        369,
        384,
        396,
        415,
        415,
        418,
        435,
        436,
        441,
        441,
        538,
        538,
        615,
        615,
        615,
        700,
        700,
        700,
        700,
        700,
        831,
        831
      ],
      "Percentiles": [
        0.0,
        0.1,
        0.2,
        0.3,
        0.4,
        0.5,
        0.55,
        0.6,
        0.65,
        0.7,
        0.75,
        0.775,
        0.8,
        0.825,
        0.85,
        0.875,
        0.8875,
        0.9,
        0.9125,
        0.925,
        0.9375,
        0.94375,
        0.95,
        0.95625,
        0.9625,
        0.96875,
        0.971875,
        0.975,
        0.978125,
        0.98125,
        0.984375,
        0.985938,
        0.9875,
        0.989062,
        0.990625,
        0.992188,
        0.992969,
        0.99375,
        0.994531,
        0.995313,
        0.996094,
        0.996484,
        0.996875,
        0.997266,
        0.997656,
        0.998047,
        0.998242,
        0.998437,
        0.998633,
        0.998828,
        0.999023,
        0.999121,
        0.999219,
        0.999316,
        0.999414,
        0.999512,
        0.999561,
        0.999609,
        0.999658,
        0.999707,
        0.999756,
        0.99978,
        0.999805,
        0.999829,
        0.999854,
        0.999878,
        0.99989,
        0.999902,
        0.999915,
        0.999927,
        0.999939,
        0.999945,
        0.999951,
        0.999957,
        0.999963,
        0.999969,
        0.999973,
        0.999976,
        0.999979,
        0.999982,
        0.999985,
        0.999986,
        0.999988,
        0.999989,
        0.999991,
        0.999992,
        0.999993,
        0.999994,
        0.999995,
        1.0
      ]
    },
    {
      "Values": [
        83,
        115,
        118,
        120,
        122,
        124,
        125,
        127,
        128,
        129,
        131,
        132,
        133,
        134,
        136,
        137,
        138,
        139,
        139,
        140,
        141,
        142,
        142,
        143,
        144,
        145,
        146,
        147,
        148,
        149,
        150,
        151,
        152,
        153,
        153,
        154,
        155,
        156,
        157,
        158,
        160,
        161,
        163,
        164,
        166,
        169,
        171,
        173,
        175,
        178,
        182,
        185,
        190,
        194,
        199,
        211,
        226,
        263,
        294,
        308,
        317,
        323,
        328,
        333,
        342,
        344,
        346,
        370,
        375,
        383,
        384,
        397,
        436,
        452,
        494,
        522,
        522,
        776,
        776,
        872,
        872,
        872,
        1519,
        1519,
        1519,
        1519,
        1519,
        8279,
        8279
      ],