{
  "rps-multi-quic": [
    "4334",
    "66703",
    "87008",
    "109557",
    "142858",
    "195724",
    "251801",
    "272517",
    "94043",
    "2468",
    "66029",
    "84355",
    "102743",
    "142771",
    "267665",
    "361741",
    "379933",
    "95599",
    "3483",
    "65608",
    "84174",
    "102287",
    "139387",
    "219688",
    "314594",
    "338144",
    "96373"
  ],
  "latency-quic-lat": [
    {
      "Values": [
        108,
        143,
        146,
        149,
        151,
        153,
        154,
        155,
        156,
        157,
        159,
        159,
        160,
        161,
        163,
        164,
        165,
        166,
        167,
        168,
        169,
        169,
        170,
        170,
        171,
        172,
        172,
        173,
        173,
        174,
        176,
        177,
        178,
        179,
        180,
        182,
        183,
        183,
        185,
        186,
        188,
        190,
        192,
        194,
        198,
        201,
        204,
        206,
        210,
        213,
        218,
        222,
        225,
        230,
        241,
        270,
        299,
        307,
        321,
        326,
        339,
        344,
        351,
        362,
        371,
        382,
        386,
        431,
        507,
        512,
        587,
        587,
        705,
        747,
        759,
        792,
        792,
        792,
        814,
        814,
        900,
        900,
        900,
        900,
        900,
        2337,
        2337
      ],
      "Percentiles": [
        0.0,
        0.1,
        0.2,
        0.3,
        0.4,
        0.5,
        0.55,
        0.6,
        0.65,
        0.7,
        0.75,
        0.775,
        0.8,
        0.825,
        0.85,
        0.875,
        0.8875,
        0.9,
        0.9125,
        0.925,
        0.9375,
        0.94375,
        0.95,
        0.95625,
        0.9625,
        0.96875,
        0.971875,
        0.975,
        0.978125,
        0.98125,
        0.984375,
        0.985938,
        0.9875,
        0.989062,
        0.990625,
        0.992188,
        0.992969,
        0.99375,
        0.994531,
        0.995313,
        0.996094,
        0.996484,
        0.996875,
        0.997266,
        0.997656,
        0.998047,
        0.998242,
        0.998437,
        0.998633,
        0.998828,
        0.999023,
        0.999121,
        0.999219,
        0.999316,
        0.999414,
        0.999512,
        0.999561,
        0.999609,
        0.999658,
        0.999707,
        0.999756,
        0.99978,
        0.999805,
        0.999829,
        0.999854,
        0.999878,
        0.99989,
        0.999902,
        0.999915,
        0.999927,
        0.999939,
        0.999945,
        0.999951,
        0.999957,
        0.999963,
        0.999969,
        0.999973,
        0.999976,
        0.999979,
        0.999982,
        0.999985,
        0.999986,
        0.999988,
        0.999989,
        0.999991,
        0.999992,
        1.0
      ]
    },
    {
      "Values": [
        105,
        141,
        145,
        147,
        150,
        151,
        152,
        153,
        154,
        155,
        157,
        158,
        159,
        159,
        161,
        162,
        163,
        164,
        165,
        166,
        167,
        167,
        168,
        169,
        170,
        171,
        171,
        172,
        172,
        173,
        174,
        175,
        176,
        177,
        179,
        181,
        182,
        183,
        184,
        186,
        189,
        191,
        193,
        195,
        197,
        202,
        205,
        207,
        211,
        214,
        219,
        231,
        256,
        300,
        328,
        344,
        352,
        358,
        367,
        375,
        391,
        394,
        398,
        406,
        416,
        438,
        438,
        445,
        445,
        460,
        478,
        478,
        485,
        495,
        519,
        536,
        536,
        536,
        820,
        820,
        868,
        868,
        868,
        868,
        868,
        871,
        871
      ],
      "Percentiles": [
        0.0,
        0.1,
        0.2,
        0.3,
        0.4,
        0.5,
        0.55,
        0.6,
        0.65,
        0.7,
        0.75,
        0.775,
        0.8,
        0.825,
        0.85,
        0.875,
        0.8875,
        0.9,
        0.9125,
        0.925,
        0.9375,
        0.94375,
        0.95,
        0.95625,
        0.9625,
        0.96875,
        0.971875,
        0.975,
        0.978125,
        0.98125,
        0.984375,
        0.985938,
        0.9875,
        0.989062,
        0.990625,
        0.992188,
        0.992969,
        0.99375,
        0.994531,
        0.995313,
        0.996094,
        0.996484,
        0.996875,
        0.997266,
        0.997656,
        0.998047,
        0.998242,
        0.998437,
        0.998633,
        0.998828,
        0.999023,
        0.999121,
        0.999219,
        0.999316,
        0.999414,
        0.999512,
        0.999561,
        0.999609,
        0.999658,
        0.999707,
        0.999756,
        0.99978,
        0.999805,
        0.999829,
        0.999854,
        0.999878,
        0.99989,
        0.999902,
        0.999915,
        0.999927,
        0.999939,
        0.999945,
        0.999951,
        0.999957,
        0.999963,
        0.999969,
        0.999973,
        0.999976,
        0.999979,
        0.999982,
        0.999985,
        0.999986,
        0.999988,
        0.999989,
        0.999991,
        0.999992,
        1.0
      ]
    },
    {
      "Values": [
        105,
        141,
        145,
        147,
        149,
        151,
        152,
        153,
        154,
        156,
        157,
        158,
        159,
        160,
        161,
        162,
        163,
        164,
        165,
        166,
        167,
        167,
        168,
        169,
        169,
        170,
        171,
        171,
        172,
        173,
        174,
        175,
        176,
        178,
        179,
        180,
        181,
        182,
        183,
        185,
        187,
        189,
        191,
        192,
        195,
        199,
        202,
        204,
        207,
        210,
        214,
        217,
        225,
        242,
        263,
        306,
        322,
        332,
        338,
        348,
        356,
        364,
        366,
        371,
        387,
        401,
        403,
        415,
        422,
        431,
        444,
        444,
        445,
        466,
        468,
        481,
        481,
        481,
        621,
        621,
        866,
        866,
        866,
        866,
        866,
        1268,
        1268
      ],