{
  "latency-quic-lat": [
    {
      "Values": [
        52,
        57,
        57,
        57,
        57,
        58,
        58,
        58,
        58,
        58,
        58,
        58,
        58,
        58,
        58,
        59,
        59,
        59,
        59,
        59,
        60,
        60,
        60,
        60,
        60,
        61,
        61,
        62,
        63,
        64,
        65,
        66,
        68,
        70,
        73,
        77,
        78,
        80,
        82,
        85,
        87,
        89,
        91,
        93,
        97,
        109,
        120,
        132,
        149,
        189,
        236,
        276,
        301,
        339,
        387,
        415,
        446,
        482,
        506,
        517,
        540,
        551,
        570,
        583,
        692,
        734,
        746,
        762,
        793,
        881,
        981,
        1034,
        1054,
        1084,
        1104,
        1155,
        1186,
        1264,
        1305,
        1312,
        1314,
        1465,
        1465,
        1484,
        1484,
        1777,
        1777,
        1777,
        4375,
        4375,
        4375,
        4375,
        4375,
        4507,
        4507
      ],
      "Percentiles": [
        0.0,
        0.1,
        0.2,
        0.3,
        0.4,
        0.5,
        0.55,
        0.6,
        0.65,
        0.7,
        0.75,
        0.775,
        0.8,
        0.825,
        0.85,
        0.875,
        0.8875,
        0.9,
        0.9125,
        0.925,
        0.9375,
        0.94375,
        0.95,
        0.95625,
        0.9625,
        0.96875,
        0.971875,
        0.975,
        0.978125,
        0.98125,
        0.984375,
        0.985938,
        0.9875,
        0.989062,
        0.990625,
        0.992188,
        0.992969,
        0.99375,
        0.994531,
        0.995313,
        0.996094,
        0.996484,
        0.996875,
        0.997266,
        0.997656,
        0.998047,
        0.998242,
        0.998437,
        0.998633,
        0.998828,
        0.999023,
        0.999121,
        0.999219,
        0.999316,
        0.999414,
        0.999512,
        0.999561,
        0.999609,
        0.999658,
        0.999707,
        0.999756,
        0.99978,
        0.999805,
        0.999829,
        0.999854,
        0.999878,
        0.99989,
        0.999902,
        0.999915,
        0.999927,
        0.999939,
        0.999945,
        0.999951,
        0.999957,
        0.999963,
        0.999969,
        0.999973,
        0.999976,
        0.999979,
        0.999982,
        0.999985,
        0.999986,
        0.999988,
        0.999989,
        0.999991,
        0.999992,
        0.999993,
        0.999994,
        0.999995,
        0.999995,
        0.999996,
        0.999997,
        0.999997,
        0.999997,
        1.0
      ]
    },
    {
      "Values": [
        44,
        48,
        49,
        49,
        49,
        50,
        50,
        50,
        51,
        57,
        58,
        58,
        58,
        58,
        58,
        58,
        58,
        58,
        58,
        59,
        59,
        59,
        59,
        59,
        59,
        59,
        59,
        60,
        60,
        60,
        61,
        62,
        63,
        64,
        67,
        71,
        74,
        76,
        79,
        81,
        83,
        84,
        84,
        86,
        88,
        93,
        96,
        103,
        112,
        123,
        137,
        166,
        249,
        299,
        344,
        458,
        471,
        481,
        488,
        499,
        518,
        522,
        525,
        531,
        539,
        550,
        555,
        557,
        569,
        589,
        638,
        651,
        681,
        709,
        753,
        816,
        828,
        830,
        900,
        927,
        941,
        941,
        997,
        1034,
        1034,
        1238,
        1238,
        1238,
        3345,
        3345,
        3345,
        3345,
        3345,
        4519,
        4519
      ],
      "Percentiles": [
        0.0,
        0.1,
        0.2,
        0.3,
        0.4,
        0.5,
        0.55,
        0.6,
        0.65,
        0.7,
        0.75,
        0.775,
        0.8,
        0.825,
        0.85,
        0.875,
        0.8875,
        0.9,
        0.9125,
        0.925,
        0.9375,
        0.94375,
        0.95,
        0.95625,
        0.9625,
        0.96875,
        0.971875,
        0.975,
        0.978125,
        0.98125,
        0.984375,
        0.985938,
        0.9875,
        0.989062,
        0.990625,
        0.992188,
        0.992969,
        0.99375,
        0.994531,
        0.995313,
        0.996094,
        0.996484,
        0.996875,
        0.997266,
        0.997656,
        0.998047,
        0.998242,
        0.998437,
        0.998633,
        0.998828,
        0.999023,
        0.999121,
        0.999219,
        0.999316,
        0.999414,
        0.999512,
        0.999561,
        0.999609,
        0.999658,
        0.999707,
        0.999756,
        0.99978,
        0.999805,
        0.999829,
        0.999854,
        0.999878,
        0.99989,
        0.999902,
        0.999915,
        0.999927,
        0.999939,
        0.999945,
        0.999951,
        0.999957,
        0.999963,
        0.999969,
        0.999973,
        0.999976,
        0.999979,
        0.999982,
        0.999985,
        0.999986,
        0.999988,
        0.999989,
        0.999991,
        0.999992,
        0.999993,
        0.999994,
        0.999995,
        0.999995,
        0.999996,
        0.999997,
        0.999997,
        0.999997,
        1.0
      ]
    },
    {
      "Values": [
        51,
        56,
        56,
        57,
        57,
        57,
        57,
        57,
        57,
        58,
        58,
        58,
        58,
        59,
        59,
        59,
        59,
        59,
        59,
        60,
        60,
        60,
        60,
        60,
        61,
        61,
        62,
        63,
        64,
        66,
        70,
        72,
        73,
        75,
        78,
        81,
        83,
        84,
        86,
        88,
        92,
        96,
        108,
        180,
        215,
        226,
        230,
        235,
        241,
        246,
        252,
        255,
        259,
        262,
        273,
        317,
        332,
        350,
        387,
        428,
        467,
        585,
        695,
        749,
        805,
        977,
        1003,
        1020,
        1028,
        1043,
        1228,
        1519,
        1834,
        1859,
        1887,
        4355,
        4395,
        4427,
        4439,
        4443,
        4447,
        4451,
        4451,
        4475,
        4475,
        4475,
        4475,
        4475,
        4527,
        4527,
        4527,
        4527,
        4527,
        4607,
        4607
      ],