{
  "rps-multi-quic": [
    "5497",
    "184546",
    "367305",
    "637485",
    "1020926",
    "1329404",
    "1698608",
    "2110396",
    "585617",
    "1563",
    "187605",
    "339108",
    "602194",
    "902319",
    "1246630",
    "1572123",
    "1943949",
    "612438",
    "2276",
    "199158",
    "413786",
    "717857",
    "1149601",
    "1498529",
    "1901732",
    "2273191",
    "538085"
  ],
  "latency-quic-lat": [
    {
      "Values": [
        37,
        46,
        47,
        50,
        56,
        56,
        57,
        57,
        57,
        57,
        57,
        57,
        57,
        57,
        57,
        57,
        57,
        57,
        58,
        58,
        58,
        58,
        58,
        58,
        58,
        58,
        59,
        59,
        59,
        61,
        62,
        63,
        63,
        64,
        68,
        74,
        77,
        81,
        88,
        96,
        104,
        108,
        111,
        115,
        119,
        124,
        127,
        130,
        134,
        139,
        150,
        160,
        172,
        185,
        202,
        223,
        233,
        239,
        253,
        260,
        272,
        277,
        281,
        290,
        299,
        306,
        311,
        313,
        318,
        325,
        334,
        340,
        344,
        345,
        351,
        375,
        388,
        393,
        394,
        403,
        415,
        451,
        451,
        475,
        475,
        490,
        490,
        490,
        1331,
        1331,
        1331,
        1331,
        1331,
        3255,
        3255
      ],
      "Percentiles": [
        0.0,
        0.1,
        0.2,
        0.3,
        0.4,
        0.5,
        0.55,
        0.6,
        0.65,
        0.7,
        0.75,
        0.775,
        0.8,
        0.825,
        0.85,
        0.875,
        0.8875,
        0.9,
        0.9125,
        0.925,
        0.9375,
        0.94375,
        0.95,
        0.95625,
        0.9625,
        0.96875,
        0.971875,
        0.975,
        0.978125,
        0.98125,
        0.984375,
        0.985938,
        0.9875,
        0.989062,
        0.990625,
        0.992188,
        0.992969,
        0.99375,
        0.994531,
        0.995313,
        0.996094,
        0.996484,
        0.996875,
        0.997266,
        0.997656,
        0.998047,
        0.998242,
        0.998437,
        0.998633,
        0.998828,
        0.999023,
        0.999121,
        0.999219,
        0.999316,
        0.999414,
        0.999512,
        0.999561,
        0.999609,
        0.999658,
        0.999707,
        0.999756,
        0.99978,
        0.999805,
        0.999829,
        0.999854,
        0.999878,
        0.99989,
        0.999902,
        0.999915,
        0.999927,
        0.999939,
        0.999945,
        0.999951,
        0.999957,
        0.999963,
        0.999969,
        0.999973,
        0.999976,
        0.999979,
        0.999982,
        0.999985,
        0.999986,
        0.999988,
        0.999989,
        0.999991,
        0.999992,
        0.999993,
        0.999994,
        0.999995,
        0.999995,
        0.999996,
        0.999997,
        0.999997,
        0.999997,
        1.0
      ]
    },
    {
      "Values": [
        34,
        36,
        46,
        47,
        47,
        47,
        47,
        47,
        47,
        47,
        47,
        47,
        48,
        48,
        48,
        48,
        48,
        48,
        48,
        48,
        48,
        48,
        48,
        48,
        49,
        49,
        49,
        49,
        50,
        51,
        53,
        54,
        54,
        55,
        57,
        61,
        64,
        69,
        75,
        86,
        97,
        101,
        104,
        108,
        111,
        115,
        117,
        120,
        123,
        127,
        133,
        139,
        145,
        152,
        165,
        184,
        193,
        204,
        212,
        226,
        246,
        255,
        263,
        269,
        281,
        286,
        294,
        298,
        314,
        320,
        326,
        328,
        333,
        350,
        352,
        371,
        372,
        379,
        411,
        413,
        419,
        424,
        424,
        436,
        452,
        452,
        454,
        454,
        454,
        533,
        533,
        533,
        533,
        533,
        675,
        675
      ],
      "Percentiles": [
        0.0,
        0.1,
        0.2,
        0.3,
        0.4,
        0.5,
        0.55,
        0.6,
        0.65,
        0.7,
        0.75,
        0.775,
        0.8,
        0.825,
        0.85,
        0.875,
        0.8875,
        0.9,
        0.9125,
        0.925,
        0.9375,
        0.94375,
        0.95,
        0.95625,
        0.9625,
        0.96875,
        0.971875,
        0.975,
        0.978125,
        0.98125,
        0.984375,
        0.985938,
        0.9875,
        0.989062,
        0.990625,
        0.992188,
        0.992969,
        0.99375,
        0.994531,
        0.995313,
        0.996094,
        0.996484,
        0.996875,
        0.997266,
        0.997656,
        0.998047,
        0.998242,
        0.998437,
        0.998633,
        0.998828,
        0.999023,
        0.999121,
        0.999219,
        0.999316,
        0.999414,
        0.999512,
        0.999561,
        0.999609,
        0.999658,
        0.999707,
        0.999756,
        0.99978,
        0.999805,
        0.999829,
        0.999854,
        0.999878,
        0.99989,
        0.999902,
        0.999915,
        0.999927,
        0.999939,
        0.999945,
        0.999951,
        0.999957,
        0.999963,
        0.999969,
        0.999973,
        0.999976,
        0.999979,
        0.999982,
        0.999985,
        0.999986,
        0.999988,
        0.999989,
        0.999991,
        0.999992,
        0.999993,
        0.999994,
        0.999995,
        0.999995,
        0.999996,
        0.999997,
        0.999997,
        0.999997,
        0.999998,
        1.0
      ]
    },
    {
      "Values": [
        45,
        49,
        50,
        50,
        56,
        56,
        57,
        57,
        57,
        57,
        57,
        57,
        57,
        57,
        57,
        57,
        58,
        58,
        58,
        58,
        58,
        58,
        58,
        58,
        58,
        58,
        59,
        59,
        59,
        60,
        62,
        63,
        63,
        65,
        68,
        72,
        76,
        80,
        88,
        97,
        104,
        107,
        111,
        114,
        118,
        123,
        125,
        130,
        135,
        142,
        157,
        166,
        181,
        198,
        213,
        233,
        244,
        259,
        268,
        277,
        287,
        291,
        296,
        301,
        305,
        310,
        313,
        324,
        330,
        333,
        337,
        339,
        345,
        355,
        356,
        359,
        364,
        369,
        372,
        377,
        379,
        380,
        380,
        389,
        389,
        397,
        397,
        397,
        479,
        479,
        479,
        479,
        479,
        681,
        681
      ],