{
  "latency-quic-lat": [
    {
      "Values": [
        94,
        101,
        101,
        101,
        102,
        102,
        103,
        104,
        116,
        117,
        118,
        118,
        118,
        119,
        119,
        119,
        119,
        120,
        120,
        120,
        120,
        120,
        121,
        121,
        121,
        122,
        122,
        122,
        123,
        125,
        127,
        129,
        133,
        136,
        139,
        148,
        154,
        160,
        167,
        174,
        185,
        194,
        205,
        216,
        230,
        245,
        256,
        269,
        287,
        300,
        318,
        329,
        342,
        356,
        371,
        387,
        392,
        403,
        414,
        428,
        456,
        460,
        466,
        471,
        476,
        481,
        509,
        515,
        526,
        657,
        676,
        1376,
        1399,
        1556,
        3417,
        6283,
        6875,
        6875,
        8807,
        8807,
        10071,
        10071,
        10071,
        10087,
        10087,
        10087,
        10087,
        10087,
        10207,
        10207
      ],
      "Percentiles": [
        0.0,
        0.1,
        0.2,
        0.3,
        0.4,
        0.5,
        0.55,
        0.6,
        0.65,
        0.7,
        0.75,
        0.775,
        0.8,
        0.825,
        0.85,
        0.875,
        0.8875,
        0.9,
        0.9125,
        0.925,
        0.9375,
        0.94375,
        0.95,
        0.95625,
        0.9625,
        0.96875,
        0.971875,
        0.975,
        0.978125,
        0.98125,
        0.984375,
        0.985938,
        0.9875,
        0.989062,
        0.990625,
        0.992188,
        0.992969,
        0.99375,
        0.994531,
        0.995313,
        0.996094,
        0.996484,
        0.996875,
        0.997266,
        0.997656,
        0.998047,
        0.998242,
        0.998437,
        0.998633,
        0.998828,
        0.999023,
        0.999121,
        0.999219,
        0.999316,
        0.999414,
        0.999512,
        0.999561,
        0.999609,
        0.999658,
        0.999707,
        0.999756,
        0.99978,
        0.999805,
        0.999829,
        0.999854,
        0.999878,
        0.99989,
        0.999902,
        0.999915,
        0.999927,
        0.999939,
        0.999945,
        0.999951,
        0.999957,
        0.999963,
        0.999969,
        0.999973,
        0.999976,
        0.999979,
        0.999982,
        0.999985,
        0.999986,
        0.999988,
        0.999989,
        0.999991,
        0.999992,
        0.999993,
        0.999994,
        0.999995,
        1.0
      ]
    },
    {
      "Values": [
        91,
        100,
        100,
        101,
        101,
        101,
        101,
        102,
        102,
        102,
        102,
        102,
        102,
        102,
        103,
        103,
        103,
        103,
        103,
        104,
        104,
        105,
        105,
        106,
        107,
        108,
        109,
        110,
        112,
        114,
        119,
        122,
        127,
        137,
        147,
        157,
        163,
        174,
        192,
        227,
        255,
        266,
        276,
        285,
        293,
        304,
        308,
        312,
        317,
        321,
        325,
        327,
        329,
        332,
        336,
        340,
        344,
        348,
        354,
        366,
        375,
        389,
        404,
        422,
        569,
        811,
        851,
        1202,
        1622,
        2555,
        3195,
        3493,
        3873,
        4911,
        7019,
        7219,
        7219,
        8823,
        8823,
        9095,
        10071,
        10071,
        10071,
        10071,
        10159,
        10159,
        10159,
        10159,
        10159,
        10199,
        10199
      ],
      "Percentiles": [
        0.0,
        0.1,
        0.2,
        0.3,
        0.4,
        0.5,
        0.55,
        0.6,
        0.65,
        0.7,
        0.75,
        0.775,
        0.8,
        0.825,
        0.85,
        0.875,
        0.8875,
        0.9,
        0.9125,
        0.925,
        0.9375,
        0.94375,
        0.95,
        0.95625,
        0.9625,
        0.96875,
        0.971875,
        0.975,
        0.978125,
        0.98125,
        0.984375,
        0.985938,
        0.9875,
        0.989062,
        0.990625,
        0.992188,
        0.992969,
        0.99375,
        0.994531,
        0.995313,
        0.996094,
        0.996484,
        0.996875,
        0.997266,
        0.997656,
        0.998047,
        0.998242,
        0.998437,
        0.998633,
        0.998828,
        0.999023,
        0.999121,
        0.999219,
        0.999316,
        0.999414,
        0.999512,
        0.999561,
        0.999609,
        0.999658,
        0.999707,
        0.999756,
        0.99978,
        0.999805,
        0.999829,
        0.999854,
        0.999878,
        0.99989,
        0.999902,
        0.999915,
        0.999927,
        0.999939,
        0.999945,
        0.999951,
        0.999957,
        0.999963,
        0.999969,
        0.999973,
        0.999976,
        0.999979,
        0.999982,
        0.999985,
        0.999986,
        0.999988,
        0.999989,
        0.999991,
        0.999992,
        0.999993,
        0.999994,
        0.999995,
        0.999995,
        1.0
      ]
    },
    {
      "Values": [
        91,
        100,
        101,
        101,
        101,
        102,
        102,
        102,
        102,
        102,
        103,
        103,
        103,
        103,
        103,
        103,
        103,
        104,
        104,
        104,
        106,
        107,
        108,
        110,
        112,
        115,
        117,
        119,
        121,
        122,
        124,
        127,
        136,
        146,
        156,
        173,
        184,
        202,
        228,
        253,
        268,
        278,
        287,
        295,
        305,
        315,
        320,
        324,
        328,
        332,
        338,
        344,
        351,
        359,
        371,
        389,
        393,
        410,
        424,
        433,
        444,
        447,
        458,
        467,
        497,
        515,
        552,
        643,
        682,
        943,
        1086,
        1200,
        1390,
        1802,
        2085,
        2801,
        2801,
        4475,
        4475,
        4751,
        5983,
        5983,
        5983,
        5983,
        7643,
        7643,
        7643,
        7643,
        7643,
        10167,
        10167
      ],