{
  "latency-quic": [
    "41",
    "47",
    "50",
    "56",
    "119",
    "332",
    "1529",
    "1720",
    "20084",
    "45",
    "51",
    "57",
    "64",
    "272",
    "343",
    "724",
    "1613",
    "18234",
    "40",
    "48",
    "50",
    "58",
    "124",
    "296",
    "450",
    "631",
    "19945"
  ],
  "latency-quic-lat": [
    {
      "Values": [
        41,
        46,
        47,
        47,
        47,
        47,
        48,
        48,
        49,
        49,
        49,
        49,
        49,
        49,
        49,
        49,
        50,
        50,
        50,
        50,
        50,
        50,
        50,
        50,
        50,
        50,
        50,
        51,
        51,
        52,
        53,
        54,
        55,
        56,
        57,
        60,
        63,
        66,
        69,
        73,
        78,
        81,
        86,
        92,
        96,
        100,
        103,
        106,
        109,
        113,
        120,
        130,
        149,
        171,
        196,
        220,
        238,
        247,
        261,
        275,
        288,
        294,
        301,
        306,
        314,
        323,
        330,
        332,
        339,
        349,
        355,
        365,
        374,
        378,
        410,
        472,
        530,
        1292,
        1313,
        1339,
        1398,
        1521,
        1529,
        1529,
        1529,
        1529,
        1531,
        1531,
        1531,
        1633,
        1633,
        1633,
        1633,
        1633,
        1720,
        1720
      ],
      "Percentiles": [
        0.0,
        0.1,
        0.2,
        0.3,
        0.4,
        0.5,
        0.55,
        0.6,
        0.65,
        0.7,
        0.75,
        0.775,
        0.8,
        0.825,
        0.85,
        0.875,
        0.8875,
        0.9,
        0.9125,
        0.925,
        0.9375,
        0.94375,
        0.95,
        0.95625,
        0.9625,
        0.96875,
        0.971875,
        0.975,
        0.978125,
        0.98125,
        0.984375,
        0.985938,
        0.9875,
        0.989062,
        0.990625,
        0.992188,
        0.992969,
        0.99375,
        0.994531,
        0.995313,
        0.996094,
        0.996484,
        0.996875,
        0.997266,
        0.997656,
        0.998047,
        0.998242,
        0.998437,
        0.998633,
        0.998828,
        0.999023,
        0.999121,
        0.999219,
        0.999316,
        0.999414,
        0.999512,
        0.999561,
        0.999609,
        0.999658,
        0.999707,
        0.999756,
        0.99978,
        0.999805,
        0.999829,
        0.999854,
        0.999878,
        0.99989,
        0.999902,
        0.999915,
        0.999927,
        0.999939,
        0.999945,
        0.999951,
        0.999957,
        0.999963,
        0.999969,
        0.999973,
        0.999976,
        0.999979,
        0.999982,
        0.999985,
        0.999986,
        0.999988,
        0.999989,
        0.999991,
        0.999992,
        0.999993,
        0.999994,
        0.999995,
        0.999995,
        0.999996,
        0.999997,
        0.999997,
        0.999997,
        0.999998,
        1.0
      ]
    },
    {
      "Values": [
        45,
        50,
        50,
        50,
        50,
        51,
        51,
        51,
        53,
        56,
        57,
        57,
        57,
        57,
        57,
        57,
        57,
        57,
        57,
        58,
        58,
        58,
        58,
        58,
        58,
        58,
        58,
        58,
        58,
        59,
        59,
        60,
        61,
        63,
        64,
        69,
        72,
        77,
        82,
        89,
        100,
        107,
        113,
        125,
        214,
        246,
        253,
        258,
        263,
        268,
        272,
        275,
        276,
        280,
        282,
        285,
        287,
        290,
        293,
        297,
        304,
        311,
        319,
        327,
        331,
        338,
        341,
        343,
        346,
        349,
        358,
        369,
        386,
        390,
        391,
        393,
        394,
        398,
        411,
        433,
        437,
        437,
        439,
        724,
        724,
        1050,
        1050,
        1050,
        1303,
        1303,
        1303,
        1303,
        1303,
        1613,
        1613
      ],
      "Percentiles": [
        0.0,
        0.1,
        0.2,
        0.3,
        0.4,
        0.5,
        0.55,
        0.6,
        0.65,
        0.7,
        0.75,
        0.775,
        0.8,
        0.825,
        0.85,
        0.875,
        0.8875,
        0.9,
        0.9125,
        0.925,
        0.9375,
        0.94375,
        0.95,
        0.95625,
        0.9625,
        0.96875,
        0.971875,
        0.975,
        0.978125,
        0.98125,
        0.984375,
        0.985938,
        0.9875,
        0.989062,
        0.990625,
        0.992188,
        0.992969,
        0.99375,
        0.994531,
        0.995313,
        0.996094,
        0.996484,
        0.996875,
        0.997266,
        0.997656,
        0.998047,
        0.998242,
        0.998437,
        0.998633,
        0.998828,
        0.999023,
        0.999121,
        0.999219,
        0.999316,
        0.999414,
        0.999512,
        0.999561,
        0.999609,
        0.999658,
        0.999707,
        0.999756,
        0.99978,
        0.999805,
        0.999829,
        0.999854,
        0.999878,
        0.99989,
        0.999902,
        0.999915,
        0.999927,
        0.999939,
        0.999945,
        0.999951,
        0.999957,
        0.999963,
        0.999969,
        0.999973,
        0.999976,
        0.999979,
        0.999982,
        0.999985,
        0.999986,
        0.999988,
        0.999989,
        0.999991,
        0.999992,
        0.999993,
        0.999994,
        0.999995,
        0.999995,
        0.999996,
        0.999997,
        0.999997,
        0.999997,
        1.0
      ]
    },
    {
      "Values": [
        40,
        46,
        47,
        47,
        47,
        48,
        48,
        49,
        49,
        49,
        49,
        49,
        49,
        49,
        49,
        50,
        50,
        50,
        50,
        53,
        54,
        54,
        54,
        54,
        54,
        55,
        55,
        55,
        56,
        57,
        57,
        57,
        58,
        58,
        58,
        60,
        62,
        64,
        68,
        71,
        76,
        80,
        83,
        89,
        96,
        102,
        106,
        110,
        114,
        120,
        125,
        127,
        131,
        138,
        154,
        181,
        199,
        214,
        237,
        249,
        267,
        274,
        279,
        282,
        285,
        289,
        292,
        298,
        302,
        313,
        319,
        321,
        324,
        327,
        336,
        354,
        359,
        361,
        362,
        375,
        389,
        397,
        403,
        403,
        450,
        450,
        489,
        489,
        489,
        592,
        592,
        592,
        592,
        592,
        631,
        631
      ],