{
  "latency-quic-lat": [
    {
      "Values": [
        43,
        46,
        46,
        54,
        54,
        55,
        55,
        55,
        55,
        55,
        56,
        56,
        56,
        56,
        56,
        57,
        57,
        57,
        57,
        57,
        57,
        57,
        57,
        57,
        57,
        58,
        58,
        58,
        58,
        59,
        61,
        61,
        62,
        63,
        66,
        71,
        76,
        80,
        89,
        97,
        105,
        109,
        112,
        116,
        119,
        123,
        125,
        128,
        131,
        136,
        147,
        152,
        165,
        180,
        196,
        213,
        219,
        226,
        236,
        249,
        262,
        273,
        281,
        283,
        291,
        300,
        306,
        310,
        314,
        323,
        328,
        333,
        339,
        342,
        344,
        350,
        353,
        354,
        364,
        382,
        398,
        404,
        404,
        415,
        415,
        415,
        415,
        415,
        610,
        610,
        610,
        610,
        610,
        1284,
        1284
      ],
      "Percentiles": [
        0.0,
        0.1,
        0.2,
        0.3,
        0.4,
        0.5,
        0.55,
        0.6,
        0.65,
        0.7,
        0.75,
        0.775,
        0.8,
        0.825,
        0.85,
        0.875,
        0.8875,
        0.9,
        0.9125,
        0.925,
        0.9375,
        0.94375,
        0.95,
        0.95625,
        0.9625,
        0.96875,
        0.971875,
        0.975,
        0.978125,
        0.98125,
        0.984375,
        0.985938,
        0.9875,
        0.989062,
        0.990625,
        0.992188,
        0.992969,
        0.99375,
        0.994531,
        0.995313,
        0.996094,
        0.996484,
        0.996875,
        0.997266,
        0.997656,
        0.998047,
        0.998242,
        0.998437,
        0.998633,
        0.998828,
        0.999023,
        0.999121,
        0.999219,
        0.999316,
        0.999414,
        0.999512,
        0.999561,
        0.999609,
        0.999658,
        0.999707,
        0.999756,
        0.99978,
        0.999805,
        0.999829,
        0.999854,
        0.999878,
        0.99989,
        0.999902,
        0.999915,
        0.999927,
        0.999939,
        0.999945,
        0.999951,
        0.999957,
        0.999963,
        0.999969,
        0.999973,
        0.999976,
        0.999979,
        0.999982,
        0.999985,
        0.999986,
        0.999988,
        0.999989,
        0.999991,
        0.999992,
        0.999993,
        0.999994,
        0.999995,
        0.999995,
        0.999996,
        0.999997,
        0.999997,
        0.999997,
        1.0
      ]
    },
    {
      "Values": [
        42,
        48,
        48,
        48,
        48,
        49,
        49,
        52,
        58,
        58,
        58,
        58,
        59,
        59,
        59,
        59,
        59,
        59,
        59,
        59,
        59,
        59,
        59,
        59,
        59,
        60,
        60,
        60,
        60,
        60,
        61,
        61,
        63,
        64,
        65,
        72,
        80,
        91,
        111,
        129,
        145,
        154,
        167,
        188,
        231,
        247,
        252,
        257,
        262,
        267,
        272,
        274,
        278,
        282,
        287,
        298,
        305,
        324,
        342,
        357,
        384,
        401,
        413,
        425,
        442,
        452,
        455,
        462,
        469,
        481,
        488,
        492,
        499,
        508,
        511,
        514,
        519,
        522,
        523,
        525,
        526,
        526,
        553,
        563,
        563,
        611,
        611,
        611,
        624,
        624,
        624,
        624,
        624,
        752,
        752
      ],
      "Percentiles": [
        0.0,
        0.1,
        0.2,
        0.3,
        0.4,
        0.5,
        0.55,
        0.6,
        0.65,
        0.7,
        0.75,
        0.775,
        0.8,
        0.825,
        0.85,
        0.875,
        0.8875,
        0.9,
        0.9125,
        0.925,
        0.9375,
        0.94375,
        0.95,
        0.95625,
        0.9625,
        0.96875,
        0.971875,
        0.975,
        0.978125,
        0.98125,
        0.984375,
        0.985938,
        0.9875,
        0.989062,
        0.990625,
        0.992188,
        0.992969,
        0.99375,
        0.994531,
        0.995313,
        0.996094,
        0.996484,
        0.996875,
        0.997266,
        0.997656,
        0.998047,
        0.998242,
        0.998437,
        0.998633,
        0.998828,
        0.999023,
        0.999121,
        0.999219,
        0.999316,
        0.999414,
        0.999512,
        0.999561,
        0.999609,
        0.999658,
        0.999707,
        0.999756,
        0.99978,
        0.999805,
        0.999829,
        0.999854,
        0.999878,
        0.99989,
        0.999902,
        0.999915,
        0.999927,
        0.999939,
        0.999945,
        0.999951,
        0.999957,
        0.999963,
        0.999969,
        0.999973,
        0.999976,
        0.999979,
        0.999982,
        0.999985,
        0.999986,
        0.999988,
        0.999989,
        0.999991,
        0.999992,
        0.999993,
        0.999994,
        0.999995,
        0.999995,
        0.999996,
        0.999997,
        0.999997,
        0.999997,
        1.0
      ]
    },
    {
      "Values": [
        43,
        48,
        48,
        48,
        48,
        48,
        48,
        48,
        49,
        49,
        49,
        49,
        49,
        49,
        49,
        49,
        49,
        49,
        49,
        49,
        49,
        50,
        50,
        50,
        50,
        50,
        51,
        51,
        52,
        54,
        55,
        55,
        56,
        57,
        59,
        63,
        66,
        70,
        76,
        84,
        94,
        98,
        101,
        104,
        107,
        111,
        113,
        116,
        120,
        127,
        150,
        170,
        191,
        213,
        230,
        248,
        257,
        271,
        284,
        295,
        310,
        317,
        323,
        330,
        336,
        348,
        351,
        355,
        362,
        365,
        372,
        374,
        376,
        381,
        383,
        387,
        390,
        390,
        392,
        393,
        401,
        404,
        406,
        406,
        425,
        425,
        442,
        442,
        442,
        560,
        560,
        560,
        560,
        560,
        712,
        712
      ],