{
  "rps-up-512-down-4000-quic-lat": [
    {
      "Values": [
        93,
        104,
        104,
        105,
        105,
        105,
        106,
        106,
        106,
        106,
        106,
        107,
        107,
        107,
        107,
        107,
        108,
        108,
        108,
        109,
        111,
        112,
        113,
        114,
        115,
        116,
        117,
        117,
        118,
        119,
        121,
        123,
        125,
        130,
        136,
        143,
        147,
        151,
        155,
        161,
        169,
        176,
        183,
        195,
        209,
        229,
        238,
        249,
        258,
        271,
        285,
        292,
        299,
        308,
        320,
        330,
        335,
        341,
        357,
        374,
        393,
        414,
        424,
        459,
        519,
        567,
        606,
        952,
        1301,
        3037,
        4131,
        5131,
        5471,
        5675,
        6447,
        7823,
        7823,
        9151,
        9175,
        9175,
        10151,
        10151,
        10151,
        10199,
        10199,
        10199,
        10199,
        10199,
        10471,
        10471
      ],
      "Percentiles": [
        0.0,
        0.1,
        0.2,
        0.3,
        0.4,
        0.5,
        0.55,
        0.6,
        0.65,
        0.7,
        0.75,
        0.775,
        0.8,
        0.825,
        0.85,
        0.875,
        0.8875,
        0.9,
        0.9125,
        0.925,
        0.9375,
        0.94375,
        0.95,
        0.95625,
        0.9625,
        0.96875,
        0.971875,
        0.975,
        0.978125,
        0.98125,
        0.984375,
        0.985938,
        0.9875,
        0.989062,
        0.990625,
        0.992188,
        0.992969,
        0.99375,
        0.994531,
        0.995313,
        0.996094,
        0.996484,
        0.996875,
        0.997266,
        0.997656,
        0.998047,
        0.998242,
        0.998437,
        0.998633,
        0.998828,
        0.999023,
        0.999121,
        0.999219,
        0.999316,
        0.999414,
        0.999512,
        0.999561,
        0.999609,
        0.999658,
        0.999707,
        0.999756,
        0.99978,
        0.999805,
        0.999829,
        0.999854,
        0.999878,
        0.99989,
        0.999902,
        0.999915,
        0.999927,
        0.999939,
        0.999945,
        0.999951,
        0.999957,
        0.999963,
        0.999969,
        0.999973,
        0.999976,
        0.999979,
        0.999982,
        0.999985,
        0.999986,
        0.999988,
        0.999989,
        0.999991,
        0.999992,
        0.999993,
        0.999994,
        0.999995,
        1.0
      ]
    },
    {
      "Values": [
        101,
        107,
        108,
        110,
        110,
        111,
        111,
        111,
        111,
        112,
        112,
        112,
        113,
        113,
        114,
        115,
        115,
        115,
        116,
        116,
        116,
        116,
        117,
        117,
        118,
        120,
        122,
        124,
        127,
        132,
        141,
        149,
        156,
        169,
        201,
        243,
        276,
        319,
        609,
        2753,
        5435,
        6039,
        6363,
        6395,
        6411,
        7447,
        8847,
        9007,
        9087,
        9119,
        9127,
        9191,
        9215,
        9223,
        9223,
        9231,
        9239,
        9255,
        9255,
        9255,
        9263,
        9263,
        9263,
        9263,
        9263,
        9271,
        9271,
        9271,
        9287,
        9311,
        9335,
        9343,
        9367,
        9431,
        9455,
        9455,
        9471,
        9471,
        9607,
        9607,
        9607,
        9679,
        9679,
        9679,
        9679,
        9679,
        10191,
        10191
      ],
      "Percentiles": [
        0.0,
        0.1,
        0.2,
        0.3,
        0.4,
        0.5,
        0.55,
        0.6,
        0.65,
        0.7,
        0.75,
        0.775,
        0.8,
        0.825,
        0.85,
        0.875,
        0.8875,
        0.9,
        0.9125,
        0.925,
        0.9375,
        0.94375,
        0.95,
        0.95625,
        0.9625,
        0.96875,
        0.971875,
        0.975,
        0.978125,
        0.98125,
        0.984375,
        0.985938,
        0.9875,
        0.989062,
        0.990625,
        0.992188,
        0.992969,
        0.99375,
        0.994531,
        0.995313,
        0.996094,
        0.996484,
        0.996875,
        0.997266,
        0.997656,
        0.998047,
        0.998242,
        0.998437,
        0.998633,
        0.998828,
        0.999023,
        0.999121,
        0.999219,
        0.999316,
        0.999414,
        0.999512,
        0.999561,
        0.999609,
        0.999658,
        0.999707,
        0.999756,
        0.99978,
        0.999805,
        0.999829,
        0.999854,
        0.999878,
        0.99989,
        0.999902,
        0.999915,
        0.999927,
        0.999939,
        0.999945,
        0.999951,
        0.999957,
        0.999963,
        0.999969,
        0.999973,
        0.999976,
        0.999979,
        0.999982,
        0.999985,
        0.999986,
        0.999988,
        0.999989,
        0.999991,
        0.999992,
        0.999993,
        1.0
      ]
    },
    {
      "Values": [
        96,
        105,
        105,
        105,
        106,
        106,
        106,
        106,
        106,
        107,
        107,
        107,
        107,
        107,
        107,
        108,
        108,
        108,
        108,
        109,
        109,
        110,
        110,
        111,
        112,
        114,
        115,
        117,
        118,
        120,
        122,
        123,
        125,
        131,
        141,
        153,
        159,
        168,
        182,
        197,
        214,
        221,
        229,
        237,
        247,
        262,
        271,
        282,
        291,
        302,
        319,
        329,
        337,
        350,
        364,
        374,
        380,
        390,
        402,
        410,
        425,
        437,
        450,
        459,
        478,
        505,
        522,
        674,
        738,
        791,
        890,
        1120,
        1968,
        1989,
        2993,
        3765,
        3765,
        3971,
        4139,
        4139,
        4535,
        4535,
        4535,
        4891,
        4891,
        4891,
        4891,
        4891,
        5435,
        5435
      ],