{
  "commit": "5d070d661c45979946615289e92bb6b822efe9e9",
  "tput-down-quic": [
    "7707110",
    "7329755",
    "7882345"
  ],
  "hps-conns-100-quic": [
    "5283",
    "5445",
    "5450"
  ],
  "rps-up-512-down-4000-quic-lat": [
    {
      "Values": [
        61,
        72,
        73,
        74,
        76,
        77,
        78,
        80,
        81,
        82,
        84,
        85,
        86,
        88,
        89,
        91,
        92,
        93,
        95,
        96,
        97,
        98,
        100,
        103,
        115,
        159,
        238,
        295,
        302,
        339,
        575,
        582,
        590,
        595,
        599,
        602,
        604,
        606,
        608,
        610,
        613,
        615,
        618,
        621,
        626,
        631,
        636,
        648,
        660,
        672,
        688,
        703,
        722,
        756,
        797,
        858,
        904,
        949,
        994,
        1012,
        1076,
        1084,
        1106,
        1125,
        1155,
        1187,
        1209,
        1242,
        1284,
        1318,
        1359,
        1424,
        1434,
        1452,
        1549,
        1568,
        1576,
        1576,
        1639,
        1702,
        1702,
        1707,
        1707,
        1707,
        2055,
        2055,
        2055,
        2055,
        2055,
        4639,
        4639
      ],
      "Percentiles": [
        0.0,
        0.1,
        0.2,
        0.3,
        0.4,
        0.5,
        0.55,
        0.6,
        0.65,
        0.7,
        0.75,
        0.775,
        0.8,
        0.825,
        0.85,
        0.875,
        0.8875,
        0.9,
        0.9125,
        0.925,
        0.9375,
        0.94375,
        0.95,
        0.95625,
        0.9625,
        0.96875,
        0.971875,
        0.975,
        0.978125,
        0.98125,
        0.984375,
        0.985938,
        0.9875,
        0.989062,
        0.990625,
        0.992188,
        0.992969,
        0.99375,
        0.994531,
        0.995313,
        0.996094,
        0.996484,
        0.996875,
        0.997266,
        0.997656,
        0.998047,
        0.998242,
        0.998437,
        0.998633,
        0.998828,
        0.999023,
        0.999121,
        0.999219,
        0.999316,
        0.999414,
        0.999512,
        0.999561,
        0.999609,
        0.999658,
        0.999707,
        0.999756,
        0.99978,
        0.999805,
        0.999829,
        0.999854,
        0.999878,
        0.99989,
        0.999902,
        0.999915,
        0.999927,
        0.999939,
        0.999945,
        0.999951,
        0.999957,
        0.999963,
        0.999969,
        0.999973,
        0.999976,
        0.999979,
        0.999982,
        0.999985,
        0.999986,
        0.999988,
        0.999989,
        0.999991,
        0.999992,
        0.999993,
        0.999994,
        0.999995,
        0.999995,
        1.0
      ]
    },
    {
      "Values": [
        45,
        53,
        55,
        57,
        59,
        61,
        62,
        63,
        64,
        65,
        67,
        68,
        69,
        70,
        71,
        72,
        73,
        74,
        74,
        75,
        77,
        78,
        79,
        80,
        81,
        83,
        84,
        85,
        87,
        89,
        92,
        94,
        97,
        101,
        108,
        116,
        122,
        127,
        137,
        164,
        177,
        195,
        217,
        234,
        250,
        272,
        288,
        293,
        296,
        302,
        309,
        315,
        321,
        346,
        390,
        451,
        468,
        476,
        482,
        500,
        525,
        550,
        567,
        584,
        627,
        681,
        690,
        745,
        899,
        2091,
        2409,
        2463,
        2469,
        2521,
        2599,
        2619,
        2621,
        2649,
        2659,
        2693,
        2767,
        2767,
        4271,
        4271,
        4911,
        4911,
        4911,
        5463,
        5463,
        5463,
        5463,
        5463,
        5959,
        5959
      ],
      "Percentiles": [
        0.0,
        0.1,
        0.2,
        0.3,
        0.4,
        0.5,
        0.55,
        0.6,
        0.65,
        0.7,
        0.75,
        0.775,
        0.8,
        0.825,
        0.85,
        0.875,
        0.8875,
        0.9,
        0.9125,
        0.925,
        0.9375,
        0.94375,
        0.95,
        0.95625,
        0.9625,
        0.96875,
        0.971875,
        0.975,
        0.978125,
        0.98125,
        0.984375,
        0.985938,
        0.9875,
        0.989062,
        0.990625,
        0.992188,
        0.992969,
        0.99375,
        0.994531,
        0.995313,
        0.996094,
        0.996484,
        0.996875,
        0.997266,
        0.997656,
        0.998047,
        0.998242,
        0.998437,
        0.998633,
        0.998828,
        0.999023,
        0.999121,
        0.999219,
        0.999316,
        0.999414,
        0.999512,
        0.999561,
        0.999609,
        0.999658,
        0.999707,
        0.999756,
        0.99978,
        0.999805,
        0.999829,
        0.999854,
        0.999878,
        0.99989,
        0.999902,
        0.999915,
        0.999927,
        0.999939,
        0.999945,
        0.999951,
        0.999957,
        0.999963,
        0.999969,
        0.999973,
        0.999976,
        0.999979,
        0.999982,
        0.999985,
        0.999986,
        0.999988,
        0.999989,
        0.999991,
        0.999992,
        0.999993,
        0.999994,
        0.999995,
        0.999995,
        0.999996,
        0.999997,
        0.999997,
        1.0
      ]
    },
    {
      "Values": [
        44,
        53,
        55,
        57,
        59,
        60,
        61,
        62,
        63,
        64,
        65,
        66,
        66,
        68,
        69,
        71,
        72,
        73,
        76,
        77,
        79,
        80,
        81,
        82,
        83,
        84,
        85,
        86,
        88,
        90,
        93,
        95,
        98,
        101,
        107,
        116,
        123,
        131,
        154,
        175,
        180,
        188,
        200,
        222,
        261,
        325,
        336,
        340,
        343,
        350,
        386,
        434,
        438,
        440,
        443,
        447,
        449,
        454,
        459,
        467,
        484,
        494,
        513,
        534,
        564,
        593,
        603,
        639,
        663,
        696,
        730,
        750,
        767,
        787,
        817,
        982,
        1069,
        1254,
        1525,
        1592,
        2569,
        2569,
        2739,
        2739,
        2821,
        2821,
        2821,
        2967,
        2967,
        2967,
        2967,
        2967,
        3247,
        3247
      ],