{
  "hps-conns-100-quic-regression": {
    "BestResult": 8823.666666666666,
    "CumulativeResult": 5916,
    "Baseline": 6176.566666666666,
    "BestResultCommit": "28cceb22010564caed3add0d0ec6fe8ef24ad69c",
    "AggregateFunction": "AVG",
    "HasRegression": true
  },
  "rps-up-512-down-4000-quic-lat": [
    {
      "Values": [
        41,
        43,
        43,
        44,
        44,
        45,
        47,
        50,
        50,
        51,
        51,
        51,
        51,
        51,
        51,
        51,
        52,
        52,
        52,
        52,
        53,
        53,
        53,
        53,
        53,
        53,
        53,
        54,
        54,
        54,
        55,
        56,
        57,
        58,
        60,
        64,
        66,
        70,
        74,
        79,
        88,
        104,
        127,
        173,
        232,
        252,
        258,
        264,
        270,
        275,
        282,
        284,
        287,
        290,
        297,
        311,
        325,
        356,
        390,
        439,
        533,
        563,
        732,
        825,
        1038,
        1263,
        1268,
        1271,
        1272,
        1273,
        1276,
        1277,
        1279,
        1280,
        1281,
        1283,
        1290,
        1339,
        1343,
        1369,
        1527,
        2725,
        3975,
        3975,
        4663,
        4663,
        4695,
        4695,
        4695,
        4795,
        4795,
        4795,
        4795,
        4795,
        4835,
        4835
      ],
      "Percentiles": [
        0.0,
        0.1,
        0.2,
        0.3,
        0.4,
        0.5,
        0.55,
        0.6,
        0.65,
        0.7,
        0.75,
        0.775,
        0.8,
        0.825,
        0.85,
        0.875,
        0.8875,
        0.9,
        0.9125,
        0.925,
        0.9375,
        0.94375,
        0.95,
        0.95625,
        0.9625,
        0.96875,
        0.971875,
        0.975,
        0.978125,
        0.98125,
        0.984375,
        0.985938,
        0.9875,
        0.989062,
        0.990625,
        0.992188,
        0.992969,
        0.99375,
        0.994531,
        0.995313,
        0.996094,
        0.996484,
        0.996875,
        0.997266,
        0.997656,
        0.998047,
        0.998242,
        0.998437,
        0.998633,
        0.998828,
        0.999023,
        0.999121,
        0.999219,
        0.999316,
        0.999414,
        0.999512,
        0.999561,
        0.999609,
        0.999658,
        0.999707,
        0.999756,
        0.99978,
        0.999805,
        0.999829,
        0.999854,
        0.999878,
        0.99989,
        0.999902,
        0.999915,
        0.999927,
        0.999939,
        0.999945,
        0.999951,
        0.999957,
        0.999963,
        0.999969,
        0.999973,
        0.999976,
        0.999979,
        0.999982,
        0.999985,
        0.999986,
        0.999988,
        0.999989,
        0.999991,
        0.999992,
        0.999993,
        0.999994,
        0.999995,
        0.999995,
        0.999996,
        0.999997,
        0.999997,
        0.999997,
        0.999998,
        1.0
      ]
    },
    {
      "Values": [
        48,
        58,
        58,
        59,
        59,
        60,
        60,
        60,
        60,
        60,
        61,
        61,
        61,
        61,
        61,
        61,
        61,
        61,
        61,
        61,
        62,
        62,
        62,
        62,
        63,
        64,
        65,
        65,
        66,
        68,
        71,
        74,
        77,
        81,
        84,
        87,
        88,
        90,
        93,
        98,
        107,
        117,
        131,
        157,
        196,
        239,
        263,
        295,
        325,
        357,
        466,
        477,
        489,
        506,
        522,
        542,
        557,
        585,
        662,
        715,
        750,
        773,
        846,
        946,
        1024,
        1132,
        1217,
        1230,
        1274,
        1403,
        1462,
        1888,
        2567,
        3933,
        4527,
        4563,
        4643,
        4715,
        4719,
        4727,
        4727,
        4727,
        4735,
        4735,
        4779,
        4779,
        4779,
        4827,
        4827,
        4827,
        4827,
        4827,
        4891,
        4891
      ],
      "Percentiles": [
        0.0,
        0.1,
        0.2,
        0.3,
        0.4,
        0.5,
        0.55,
        0.6,
        0.65,
        0.7,
        0.75,
        0.775,
        0.8,
        0.825,
        0.85,
        0.875,
        0.8875,
        0.9,
        0.9125,
        0.925,
        0.9375,
        0.94375,
        0.95,
        0.95625,
        0.9625,
        0.96875,
        0.971875,
        0.975,
        0.978125,
        0.98125,
        0.984375,
        0.985938,
        0.9875,
        0.989062,
        0.990625,
        0.992188,
        0.992969,
        0.99375,
        0.994531,
        0.995313,
        0.996094,
        0.996484,
        0.996875,
        0.997266,
        0.997656,
        0.998047,
        0.998242,
        0.998437,
        0.998633,
        0.998828,
        0.999023,
        0.999121,
        0.999219,
        0.999316,
        0.999414,
        0.999512,
        0.999561,
        0.999609,
        0.999658,
        0.999707,
        0.999756,
        0.99978,
        0.999805,
        0.999829,
        0.999854,
        0.999878,
        0.99989,
        0.999902,
        0.999915,
        0.999927,
        0.999939,
        0.999945,
        0.999951,
        0.999957,
        0.999963,
        0.999969,
        0.999973,
        0.999976,
        0.999979,
        0.999982,
        0.999985,
        0.999986,
        0.999988,
        0.999989,
        0.999991,
        0.999992,
        0.999993,
        0.999994,
        0.999995,
        0.999995,
        0.999996,
        0.999997,
        0.999997,
        1.0
      ]
    },
    {
      "Values": [
        37,
        41,
        41,
        42,
        47,
        48,
        48,
        48,
        48,
        48,
        49,
        49,
        49,
        49,
        49,
        49,
        49,
        49,
        49,
        49,
        50,
        50,
        50,
        50,
        50,
        50,
        50,
        51,
        51,
        52,
        53,
        53,
        54,
        54,
        55,
        56,
        58,
        60,
        62,
        65,
        69,
        71,
        72,
        74,
        76,
        79,
        80,
        81,
        82,
        84,
        93,
        101,
        118,
        135,
        164,
        226,
        256,
        272,
        304,
        328,
        365,
        408,
        427,
        456,
        499,
        532,
        546,
        564,
        582,
        619,
        688,
        731,
        735,
        776,
        895,
        1086,
        1087,
        1097,
        1111,
        1151,
        4707,
        4739,
        4739,
        4751,
        4775,
        4775,
        4839,
        4839,
        4839,
        4871,
        4871,
        4871,
        4871,
        4871,
        4935,
        4935
      ],