{
  "hps-conns-100-quic": [
    "8563",
    "8895",
    "8901"
  ],
  "rps-up-512-down-4000-quic-lat": [
    {
      "Values": [
        52,
        58,
        58,
        58,
        58,
        58,
        58,
        58,
        59,
        59,
        59,
        59,
        59,
        59,
        59,
        60,
        60,
        60,
        60,
        61,
        61,
        61,
        61,
        61,
        62,
        63,
        63,
        64,
        65,
        67,
        70,
        72,
        74,
        76,
        79,
        83,
        85,
        89,
        93,
        103,
        140,
        193,
        247,
        256,
        262,
        269,
        272,
        277,
        284,
        294,
        341,
        367,
        395,
        434,
        473,
        508,
        532,
        554,
        589,
        635,
        702,
        794,
        908,
        926,
        1126,
        1274,
        1279,
        1281,
        1296,
        1306,
        1308,
        1318,
        1347,
        1437,
        1457,
        1539,
        1546,
        1595,
        1807,
        1883,
        2329,
        2329,
        3125,
        3125,
        4599,
        4599,
        4599,
        5047,
        5047,
        5047,
        5047,
        5047,
        8687,
        8687
      ],
      "Percentiles": [
        0.0,
        0.1,
        0.2,
        0.3,
        0.4,
        0.5,
        0.55,
        0.6,
        0.65,
        0.7,
        0.75,
        0.775,
        0.8,
        0.825,
        0.85,
        0.875,
        0.8875,
        0.9,
        0.9125,
        0.925,
        0.9375,
        0.94375,
        0.95,
        0.95625,
        0.9625,
        0.96875,
        0.971875,
        0.975,
        0.978125,
        0.98125,
        0.984375,
        0.985938,
        0.9875,
        0.989062,
        0.990625,
        0.992188,
        0.992969,
        0.99375,
        0.994531,
        0.995313,
        0.996094,
        0.996484,
        0.996875,
        0.997266,
        0.997656,
        0.998047,
        0.998242,
        0.998437,
        0.998633,
        0.998828,
        0.999023,
        0.999121,
        0.999219,
        0.999316,
        0.999414,
        0.999512,
        0.999561,
        0.999609,
        0.999658,
        0.999707,
        0.999756,
        0.99978,
        0.999805,
        0.999829,
        0.999854,
        0.999878,
        0.99989,
        0.999902,
        0.999915,
        0.999927,
        0.999939,
        0.999945,
        0.999951,
        0.999957,
        0.999963,
        0.999969,
        0.999973,
        0.999976,
        0.999979,
        0.999982,
        0.999985,
        0.999986,
        0.999988,
        0.999989,
        0.999991,
        0.999992,
        0.999993,
        0.999994,
        0.999995,
        0.999995,
        0.999996,
        0.999997,
        0.999997,
        1.0
      ]
    },
    {
      "Values": [
        50,
        57,
        57,
        58,
        59,
        59,
        59,
        59,
        60,
        60,
        60,
        60,
        60,
        60,
        60,
        60,
        60,
        60,
        61,
        61,
        61,
        61,
        61,
        62,
        62,
        63,
        64,
        65,
        66,
        68,
        71,
        74,
        77,
        79,
        82,
        87,
        90,
        94,
        110,
        145,
        195,
        222,
        245,
        281,
        315,
        396,
        445,
        500,
        584,
        725,
        937,
        1075,
        1204,
        1305,
        1336,
        1479,
        1520,
        1597,
        1706,
        1903,
        2269,
        2347,
        2457,
        2591,
        2699,
        2915,
        2965,
        3827,
        3891,
        3999,
        4135,
        4159,
        4299,
        4395,
        4487,
        4583,
        4735,
        4751,
        4815,
        4867,
        4967,
        4967,
        5027,
        5027,
        5391,
        5391,
        5391,
        5891,
        5891,
        5891,
        5891,
        5891,
        7019,
        7019
      ],
      "Percentiles": [
        0.0,
        0.1,
        0.2,
        0.3,
        0.4,
        0.5,
        0.55,
        0.6,
        0.65,
        0.7,
        0.75,
        0.775,
        0.8,
        0.825,
        0.85,
        0.875,
        0.8875,
        0.9,
        0.9125,
        0.925,
        0.9375,
        0.94375,
        0.95,
        0.95625,
        0.9625,
        0.96875,
        0.971875,
        0.975,
        0.978125,
        0.98125,
        0.984375,
        0.985938,
        0.9875,
        0.989062,
        0.990625,
        0.992188,
        0.992969,
        0.99375,
        0.994531,
        0.995313,
        0.996094,
        0.996484,
        0.996875,
        0.997266,
        0.997656,
        0.998047,
        0.998242,
        0.998437,
        0.998633,
        0.998828,
        0.999023,
        0.999121,
        0.999219,
        0.999316,
        0.999414,
        0.999512,
        0.999561,
        0.999609,
        0.999658,
        0.999707,
        0.999756,
        0.99978,
        0.999805,
        0.999829,
        0.999854,
        0.999878,
        0.99989,
        0.999902,
        0.999915,
        0.999927,
        0.999939,
        0.999945,
        0.999951,
        0.999957,
        0.999963,
        0.999969,
        0.999973,
        0.999976,
        0.999979,
        0.999982,
        0.999985,
        0.999986,
        0.999988,
        0.999989,
        0.999991,
        0.999992,
        0.999993,
        0.999994,
        0.999995,
        0.999995,
        0.999996,
        0.999997,
        0.999997,
        1.0
      ]
    },
    {
      "Values": [
        41,
        56,
        56,
        57,
        57,
        57,
        57,
        57,
        57,
        57,
        57,
        58,
        58,
        58,
        58,
        58,
        59,
        59,
        59,
        59,
        59,
        59,
        60,
        60,
        60,
        61,
        61,
        62,
        63,
        64,
        67,
        68,
        70,
        73,
        76,
        79,
        81,
        84,
        87,
        92,
        107,
        129,
        211,
        252,
        262,
        269,
        272,
        275,
        278,
        282,
        286,
        288,
        291,
        293,
        296,
        302,
        304,
        310,
        344,
        378,
        432,
        456,
        487,
        505,
        523,
        543,
        548,
        566,
        608,
        628,
        679,
        683,
        685,
        708,
        795,
        1099,
        1114,
        1303,
        1311,
        1312,
        1453,
        1472,
        1472,
        1494,
        1494,
        1592,
        1592,
        1592,
        1599,
        1599,
        1599,
        1599,
        1599,
        8171,
        8171
      ],