{
  "latency-quic-lat": [
    {
      "Values": [
        36,
        41,
        46,
        46,
        46,
        46,
        47,
        47,
        47,
        47,
        47,
        47,
        47,
        47,
        48,
        49,
        49,
        51,
        54,
        55,
        56,
        56,
        56,
        56,
        56,
        56,
        56,
        57,
        57,
        57,
        57,
        58,
        60,
        63,
        67,
        69,
        70,
        72,
        74,
        77,
        79,
        81,
        82,
        86,
        91,
        96,
        99,
        102,
        105,
        107,
        110,
        111,
        113,
        115,
        118,
        122,
        124,
        129,
        132,
        139,
        150,
        155,
        160,
        167,
        180,
        189,
        199,
        205,
        217,
        223,
        234,
        239,
        249,
        255,
        257,
        264,
        264,
        267,
        274,
        275,
        291,
        293,
        293,
        307,
        314,
        314,
        364,
        364,
        364,
        575,
        575,
        575,
        575,
        575,
        1314,
        1314
      ],
      "Percentiles": [
        0.0,
        0.1,
        0.2,
        0.3,
        0.4,
        0.5,
        0.55,
        0.6,
        0.65,
        0.7,
        0.75,
        0.775,
        0.8,
        0.825,
        0.85,
        0.875,
        0.8875,
        0.9,
        0.9125,
        0.925,
        0.9375,
        0.94375,
        0.95,
        0.95625,
        0.9625,
        0.96875,
        0.971875,
        0.975,
        0.978125,
        0.98125,
        0.984375,
        0.985938,
        0.9875,
        0.989062,
        0.990625,
        0.992188,
        0.992969,
        0.99375,
        0.994531,
        0.995313,
        0.996094,
        0.996484,
        0.996875,
        0.997266,
        0.997656,
        0.998047,
        0.998242,
        0.998437,
        0.998633,
        0.998828,
        0.999023,
        0.999121,
        0.999219,
        0.999316,
        0.999414,
        0.999512,
        0.999561,
        0.999609,
        0.999658,
        0.999707,
        0.999756,
        0.99978,
        0.999805,
        0.999829,
        0.999854,
        0.999878,
        0.99989,
        0.999902,
        0.999915,
        0.999927,
        0.999939,
        0.999945,
        0.999951,
        0.999957,
        0.999963,
        0.999969,
        0.999973,
        0.999976,
        0.999979,
        0.999982,
        0.999985,
        0.999986,
        0.999988,
        0.999989,
        0.999991,
        0.999992,
        0.999993,
        0.999994,
        0.999995,
        0.999995,
        0.999996,
        0.999997,
        0.999997,
        0.999997,
        0.999998,
        1.0
      ]
    },
    {
      "Values": [
        44,
        47,
        47,
        47,
        48,
        49,
        49,
        49,
        49,
        49,
        50,
        50,
        50,
        50,
        50,
        50,
        50,
        50,
        50,
        50,
        50,
        50,
        50,
        51,
        51,
        52,
        52,
        53,
        54,
        55,
        57,
        58,
        60,
        63,
        68,
        72,
        76,
        78,
        80,
        83,
        94,
        103,
        110,
        117,
        127,
        167,
        223,
        239,
        248,
        254,
        258,
        261,
        263,
        266,
        269,
        272,
        273,
        274,
        276,
        278,
        279,
        280,
        282,
        284,
        284,
        286,
        288,
        288,
        289,
        291,
        293,
        295,
        296,
        312,
        317,
        322,
        330,
        330,
        331,
        335,
        335,
        344,
        548,
        548,
        576,
        576,
        683,
        683,
        683,
        701,
        701,
        701,
        701,
        701,
        846,
        846
      ],
      "Percentiles": [
        0.0,
        0.1,
        0.2,
        0.3,
        0.4,
        0.5,
        0.55,
        0.6,
        0.65,
        0.7,
        0.75,
        0.775,
        0.8,
        0.825,
        0.85,
        0.875,
        0.8875,
        0.9,
        0.9125,
        0.925,
        0.9375,
        0.94375,
        0.95,
        0.95625,
        0.9625,
        0.96875,
        0.971875,
        0.975,
        0.978125,
        0.98125,
        0.984375,
        0.985938,
        0.9875,
        0.989062,
        0.990625,
        0.992188,
        0.992969,
        0.99375,
        0.994531,
        0.995313,
        0.996094,
        0.996484,
        0.996875,
        0.997266,
        0.997656,
        0.998047,
        0.998242,
        0.998437,
        0.998633,
        0.998828,
        0.999023,
        0.999121,
        0.999219,
        0.999316,
        0.999414,
        0.999512,
        0.999561,
        0.999609,
        0.999658,
        0.999707,
        0.999756,
        0.99978,
        0.999805,
        0.999829,
        0.999854,
        0.999878,
        0.99989,
        0.999902,
        0.999915,
        0.999927,
        0.999939,
        0.999945,
        0.999951,
        0.999957,
        0.999963,
        0.999969,
        0.999973,
        0.999976,
        0.999979,
        0.999982,
        0.999985,
        0.999986,
        0.999988,
        0.999989,
        0.999991,
        0.999992,
        0.999993,
        0.999994,
        0.999995,
        0.999995,
        0.999996,
        0.999997,
        0.999997,
        0.999997,
        0.999998,
        1.0
      ]
    },
    {
      "Values": [
        45,
        55,
        55,
        55,
        55,
        55,
        56,
        56,
        56,
        56,
        56,
        56,
        56,
        56,
        56,
        56,
        56,
        56,
        56,
        57,
        57,
        57,
        57,
        57,
        58,
        58,
        59,
        59,
        61,
        63,
        68,
        73,
        77,
        84,
        88,
        91,
        93,
        94,
        96,
        98,
        105,
        110,
        115,
        126,
        213,
        254,
        261,
        268,
        272,
        277,
        281,
        284,
        285,
        288,
        290,
        293,
        294,
        296,
        298,
        301,
        306,
        308,
        313,
        317,
        321,
        326,
        328,
        332,
        335,
        346,
        348,
        354,
        356,
        362,
        368,
        370,
        381,
        391,
        392,
        392,
        398,
        410,
        410,
        415,
        415,
        415,
        415,
        415,
        420,
        420,
        420,
        420,
        420,
        696,
        696
      ],