{
  "latency-quic-lat": [
    {
      "Values": [
        46,
        53,
        58,
        58,
        58,
        59,
        59,
        59,
        60,
        60,
        60,
        60,
        60,
        61,
        61,
        61,
        61,
        61,
        61,
        61,
        61,
        62,
        62,
        62,
        62,
        63,
        63,
        64,
        64,
        65,
        66,
        67,
        69,
        70,
        73,
        78,
        81,
        84,
        86,
        89,
        93,
        96,
        103,
        118,
        137,
        164,
        191,
        227,
        265,
        302,
        347,
        373,
        410,
        447,
        505,
        564,
        594,
        658,
        746,
        877,
        1007,
        1028,
        1066,
        1203,
        1396,
        1744,
        1814,
        2021,
        2561,
        2601,
        2781,
        2913,
        3007,
        3561,
        3817,
        4163,
        4183,
        4363,
        4371,
        4411,
        4767,
        4767,
        5019,
        5019,
        5063,
        5063,
        5063,
        5067,
        5067,
        5067,
        5067,
        5067,
        5187,
        5187
      ],
      "Percentiles": [
        0.0,
        0.1,
        0.2,
        0.3,
        0.4,
        0.5,
        0.55,
        0.6,
        0.65,
        0.7,
        0.75,
        0.775,
        0.8,
        0.825,
        0.85,
        0.875,
        0.8875,
        0.9,
        0.9125,
        0.925,
        0.9375,
        0.94375,
        0.95,
        0.95625,
        0.9625,
        0.96875,
        0.971875,
        0.975,
        0.978125,
        0.98125,
        0.984375,
        0.985938,
        0.9875,
        0.989062,
        0.990625,
        0.992188,
        0.992969,
        0.99375,
        0.994531,
        0.995313,
        0.996094,
        0.996484,
        0.996875,
        0.997266,
        0.997656,
        0.998047,
        0.998242,
        0.998437,
        0.998633,
        0.998828,
        0.999023,
        0.999121,
        0.999219,
        0.999316,
        0.999414,
        0.999512,
        0.999561,
        0.999609,
        0.999658,
        0.999707,
        0.999756,
        0.99978,
        0.999805,
        0.999829,
        0.999854,
        0.999878,
        0.99989,
        0.999902,
        0.999915,
        0.999927,
        0.999939,
        0.999945,
        0.999951,
        0.999957,
        0.999963,
        0.999969,
        0.999973,
        0.999976,
        0.999979,
        0.999982,
        0.999985,
        0.999986,
        0.999988,
        0.999989,
        0.999991,
        0.999992,
        0.999993,
        0.999994,
        0.999995,
        0.999995,
        0.999996,
        0.999997,
        0.999997,
        1.0
      ]
    },
    {
      "Values": [
        52,
        57,
        57,
        58,
        58,
        58,
        58,
        58,
        58,
        58,
        59,
        59,
        59,
        59,
        59,
        60,
        60,
        60,
        61,
        61,
        62,
        62,
        62,
        62,
        63,
        63,
        63,
        64,
        64,
        65,
        66,
        67,
        69,
        71,
        75,
        82,
        85,
        89,
        93,
        105,
        139,
        162,
        218,
        233,
        244,
        255,
        260,
        267,
        274,
        282,
        305,
        338,
        404,
        431,
        448,
        475,
        488,
        505,
        524,
        540,
        560,
        577,
        601,
        639,
        685,
        712,
        742,
        798,
        848,
        1042,
        1419,
        2519,
        2579,
        2587,
        2589,
        2599,
        2601,
        2603,
        2609,
        2615,
        2623,
        2623,
        2623,
        2623,
        2631,
        2631,
        2631,
        2763,
        2763,
        2763,
        2763,
        2763,
        2767,
        2767
      ],
      "Percentiles": [
        0.0,
        0.1,
        0.2,
        0.3,
        0.4,
        0.5,
        0.55,
        0.6,
        0.65,
        0.7,
        0.75,
        0.775,
        0.8,
        0.825,
        0.85,
        0.875,
        0.8875,
        0.9,
        0.9125,
        0.925,
        0.9375,
        0.94375,
        0.95,
        0.95625,
        0.9625,
        0.96875,
        0.971875,
        0.975,
        0.978125,
        0.98125,
        0.984375,
        0.985938,
        0.9875,
        0.989062,
        0.990625,
        0.992188,
        0.992969,
        0.99375,
        0.994531,
        0.995313,
        0.996094,
        0.996484,
        0.996875,
        0.997266,
        0.997656,
        0.998047,
        0.998242,
        0.998437,
        0.998633,
        0.998828,
        0.999023,
        0.999121,
        0.999219,
        0.999316,
        0.999414,
        0.999512,
        0.999561,
        0.999609,
        0.999658,
        0.999707,
        0.999756,
        0.99978,
        0.999805,
        0.999829,
        0.999854,
        0.999878,
        0.99989,
        0.999902,
        0.999915,
        0.999927,
        0.999939,
        0.999945,
        0.999951,
        0.999957,
        0.999963,
        0.999969,
        0.999973,
        0.999976,
        0.999979,
        0.999982,
        0.999985,
        0.999986,
        0.999988,
        0.999989,
        0.999991,
        0.999992,
        0.999993,
        0.999994,
        0.999995,
        0.999995,
        0.999996,
        0.999997,
        0.999997,
        1.0
      ]
    },
    {
      "Values": [
        45,
        57,
        57,
        58,
        58,
        58,
        58,
        58,
        59,
        60,
        60,
        60,
        61,
        61,
        62,
        62,
        62,
        62,
        62,
        62,
        62,
        63,
        63,
        63,
        63,
        63,
        64,
        64,
        65,
        66,
        67,
        68,
        69,
        72,
        77,
        86,
        93,
        108,
        122,
        131,
        139,
        144,
        149,
        155,
        161,
        177,
        197,
        223,
        269,
        303,
        335,
        368,
        431,
        468,
        506,
        533,
        544,
        587,
        674,
        727,
        789,
        831,
        1029,
        1282,
        1307,
        1606,
        2079,
        2381,
        2575,
        2593,
        2605,
        2607,
        2609,
        2611,
        2617,
        2627,
        2639,
        2695,
        2697,
        2755,
        3281,
        3281,
        3367,
        3367,
        3937,
        3937,
        3937,
        4207,
        4207,
        4207,
        4207,
        4207,
        4247,
        4247
      ],