{
  "tput-up-quic-regression": {
    "Baseline": 5433193.033333333,
    "BestResult": 7761704.333333333,
    "BestResultCommit": "28cceb22010564caed3add0d0ec6fe8ef24ad69c",
    "CumulativeResult": 3888921,
    "HasRegression": true,
    "AggregateFunction": "AVG"
  },
  "hps-conns-100-quic-regression": {
    "Baseline": 6176.566666666666,
    "BestResult": 8823.666666666666,
    "BestResultCommit": "28cceb22010564caed3add0d0ec6fe8ef24ad69c",
    "CumulativeResult": 5729,
    "HasRegression": true,
    "AggregateFunction": "AVG"
  },
  "hps-conns-100-quic": [
    "5744",
    "5727",
    "5716"
  ],
  "rps-up-512-down-4000-quic-lat": [
    {
      "Values": [
        97,
        105,
        105,
        105,
        106,
        106,
        106,
        106,
        106,
        107,
        107,
        107,
        107,
        107,
        108,
        108,
        108,
        109,
        110,
        111,
        112,
        112,
        113,
        113,
        113,
        114,
        115,
        116,
        117,
        120,
        125,
        129,
        136,
        149,
        165,
        202,
        214,
        226,
        238,
        253,
        273,
        283,
        294,
        307,
        324,
        343,
        356,
        369,
        388,
        413,
        451,
        484,
        533,
        594,
        856,
        1212,
        1359,
        1510,
        1782,
        2479,
        3499,
        3695,
        3827,
        3893,
        3927,
        4379,
        4567,
        5055,
        5363,
        6835,
        9999,
        10079,
        10079,
        10079,
        10079,
        10087,
        10087,
        10087,
        10087,
        10087,
        10095,
        10095,
        10095,
        10095,
        10095,
        10095,
        10095,
        10095,
        10111,
        10111
      ],
      "Percentiles": [
        0.0,
        0.1,
        0.2,
        0.3,
        0.4,
        0.5,
        0.55,
        0.6,
        0.65,
        0.7,
        0.75,
        0.775,
        0.8,
        0.825,
        0.85,
        0.875,
        0.8875,
        0.9,
        0.9125,
        0.925,
        0.9375,
        0.94375,
        0.95,
        0.95625,
        0.9625,
        0.96875,
        0.971875,
        0.975,
        0.978125,
        0.98125,
        0.984375,
        0.985938,
        0.9875,
        0.989062,
        0.990625,
        0.992188,
        0.992969,
        0.99375,
        0.994531,
        0.995313,
        0.996094,
        0.996484,
        0.996875,
        0.997266,
        0.997656,
        0.998047,
        0.998242,
        0.998437,
        0.998633,
        0.998828,
        0.999023,
        0.999121,
        0.999219,
        0.999316,
        0.999414,
        0.999512,
        0.999561,
        0.999609,
        0.999658,
        0.999707,
        0.999756,
        0.99978,
        0.999805,
        0.999829,
        0.999854,
        0.999878,
        0.99989,
        0.999902,
        0.999915,
        0.999927,
        0.999939,
        0.999945,
        0.999951,
        0.999957,
        0.999963,
        0.999969,
        0.999973,
        0.999976,
        0.999979,
        0.999982,
        0.999985,
        0.999986,
        0.999988,
        0.999989,
        0.999991,
        0.999992,
        0.999993,
        0.999994,
        0.999995,
        1.0
      ]
    },
    {
      "Values": [
        99,
        105,
        105,
        106,
        106,
        106,
        106,
        107,
        107,
        107,
        107,
        108,
        108,
        108,
        108,
        109,
        109,
        110,
        110,
        111,
        112,
        112,
        113,
        113,
        114,
        115,
        116,
        117,
        118,
        121,
        125,
        129,
        134,
        140,
        146,
        152,
        155,
        158,
        163,
        169,
        183,
        191,
        200,
        209,
        220,
        236,
        246,
        256,
        265,
        278,
        292,
        301,
        312,
        325,
        340,
        349,
        353,
        362,
        370,
        385,
        403,
        416,
        444,
        461,
        1205,
        2553,
        2571,
        2593,
        2605,
        2629,
        2647,
        2655,
        2749,
        3039,
        3177,
        3761,
        3761,
        3779,
        4615,
        4615,
        6835,
        6835,
        6835,
        7603,
        7603,
        7603,
        7603,
        7603,
        8079,
        8079
      ],
      "Percentiles": [
        0.0,
        0.1,
        0.2,
        0.3,
        0.4,
        0.5,
        0.55,
        0.6,
        0.65,
        0.7,
        0.75,
        0.775,
        0.8,
        0.825,
        0.85,
        0.875,
        0.8875,
        0.9,
        0.9125,
        0.925,
        0.9375,
        0.94375,
        0.95,
        0.95625,
        0.9625,
        0.96875,
        0.971875,
        0.975,
        0.978125,
        0.98125,
        0.984375,
        0.985938,
        0.9875,
        0.989062,
        0.990625,
        0.992188,
        0.992969,
        0.99375,
        0.994531,
        0.995313,
        0.996094,
        0.996484,
        0.996875,
        0.997266,
        0.997656,
        0.998047,
        0.998242,
        0.998437,
        0.998633,
        0.998828,
        0.999023,
        0.999121,
        0.999219,
        0.999316,
        0.999414,
        0.999512,
        0.999561,
        0.999609,
        0.999658,
        0.999707,
        0.999756,
        0.99978,
        0.999805,
        0.999829,
        0.999854,
        0.999878,
        0.99989,
        0.999902,
        0.999915,
        0.999927,
        0.999939,
        0.999945,
        0.999951,
        0.999957,
        0.999963,
        0.999969,
        0.999973,
        0.999976,
        0.999979,
        0.999982,
        0.999985,
        0.999986,
        0.999988,
        0.999989,
        0.999991,
        0.999992,
        0.999993,
        0.999994,
        0.999995,
        1.0
      ]
    },
    {
      "Values": [
        97,
        105,
        107,
        108,
        109,
        109,
        109,
        110,
        110,
        110,
        110,
        110,
        111,
        111,
        111,
        111,
        112,
        112,
        112,
        113,
        113,
        114,
        114,
        115,
        115,
        116,
        117,
        118,
        119,
        121,
        124,
        129,
        135,
        142,
        150,
        159,
        166,
        177,
        191,
        209,
        230,
        241,
        251,
        263,
        277,
        296,
        308,
        325,
        338,
        357,
        383,
        397,
        413,
        432,
        462,
        475,
        485,
        505,
        517,
        526,
        539,
        547,
        552,
        555,
        556,
        569,
        572,
        573,
        576,
        588,
        795,
        807,
        893,
        1185,
        1312,
        1854,
        3877,
        3877,
        5231,
        5231,
        5419,
        5419,
        5419,
        5563,
        5563,
        5563,
        5563,
        5563,
        10191,
        10191
      ],