{
  "upload-quic": [
    "5097174",
    "7395367",
    "7194584"
  ],
  "latency-quic": [
    "37",
    "44",
    "50",
    "55",
    "86",
    "264",
    "497",
    "1299",
    "21427",
    "52",
    "57",
    "58",
    "67",
    "236",
    "261",
    "530",
    "1775",
    "16921",
    "46",
    "50",
    "51",
    "56",
    "261",
    "288",
    "350",
    "729",
    "19396"
  ],
  "latency-quic-lat": [
    {
      "Values": [
        37,
        42,
        43,
        43,
        43,
        44,
        44,
        44,
        44,
        44,
        45,
        49,
        50,
        50,
        50,
        50,
        50,
        50,
        50,
        50,
        51,
        51,
        51,
        51,
        51,
        51,
        51,
        51,
        51,
        51,
        52,
        52,
        53,
        54,
        56,
        60,
        62,
        64,
        66,
        69,
        72,
        75,
        77,
        79,
        80,
        81,
        82,
        83,
        83,
        84,
        86,
        87,
        88,
        90,
        92,
        95,
        99,
        102,
        106,
        110,
        120,
        133,
        167,
        236,
        247,
        255,
        258,
        266,
        270,
        274,
        279,
        280,
        283,
        287,
        291,
        318,
        343,
        379,
        408,
        450,
        463,
        483,
        483,
        497,
        523,
        523,
        541,
        541,
        541,
        1268,
        1268,
        1268,
        1268,
        1268,
        1299,
        1299
      ],
      "Percentiles": [
        0.0,
        0.1,
        0.2,
        0.3,
        0.4,
        0.5,
        0.55,
        0.6,
        0.65,
        0.7,
        0.75,
        0.775,
        0.8,
        0.825,
        0.85,
        0.875,
        0.8875,
        0.9,
        0.9125,
        0.925,
        0.9375,
        0.94375,
        0.95,
        0.95625,
        0.9625,
        0.96875,
        0.971875,
        0.975,
        0.978125,
        0.98125,
        0.984375,
        0.985938,
        0.9875,
        0.989062,
        0.990625,
        0.992188,
        0.992969,
        0.99375,
        0.994531,
        0.995313,
        0.996094,
        0.996484,
        0.996875,
        0.997266,
        0.997656,
        0.998047,
        0.998242,
        0.998437,
        0.998633,
        0.998828,
        0.999023,
        0.999121,
        0.999219,
        0.999316,
        0.999414,
        0.999512,
        0.999561,
        0.999609,
        0.999658,
        0.999707,
        0.999756,
        0.99978,
        0.999805,
        0.999829,
        0.999854,
        0.999878,
        0.99989,
        0.999902,
        0.999915,
        0.999927,
        0.999939,
        0.999945,
        0.999951,
        0.999957,
        0.999963,
        0.999969,
        0.999973,
        0.999976,
        0.999979,
        0.999982,
        0.999985,
        0.999986,
        0.999988,
        0.999989,
        0.999991,
        0.999992,
        0.999993,
        0.999994,
        0.999995,
        0.999995,
        0.999996,
        0.999997,
        0.999997,
        0.999997,
        0.999998,
        1.0
      ]
    },
    {
      "Values": [
        52,
        56,
        57,
        57,
        57,
        57,
        57,
        57,
        57,
        57,
        57,
        57,
        57,
        57,
        57,
        58,
        58,
        58,
        58,
        58,
        58,
        58,
        58,
        58,
        59,
        59,
        60,
        60,
        61,
        61,
        62,
        63,
        64,
        66,
        67,
        70,
        73,
        75,
        77,
        80,
        84,
        88,
        91,
        96,
        105,
        209,
        215,
        221,
        229,
        233,
        237,
        239,
        241,
        243,
        245,
        248,
        249,
        250,
        252,
        253,
        255,
        256,
        257,
        258,
        259,
        260,
        260,
        261,
        263,
        268,
        270,
        272,
        279,
        286,
        296,
        305,
        309,
        315,
        320,
        330,
        330,
        480,
        480,
        530,
        530,
        557,
        557,
        557,
        664,
        664,
        664,
        664,
        664,
        1775,
        1775
      ],
      "Percentiles": [
        0.0,
        0.1,
        0.2,
        0.3,
        0.4,
        0.5,
        0.55,
        0.6,
        0.65,
        0.7,
        0.75,
        0.775,
        0.8,
        0.825,
        0.85,
        0.875,
        0.8875,
        0.9,
        0.9125,
        0.925,
        0.9375,
        0.94375,
        0.95,
        0.95625,
        0.9625,
        0.96875,
        0.971875,
        0.975,
        0.978125,
        0.98125,
        0.984375,
        0.985938,
        0.9875,
        0.989062,
        0.990625,
        0.992188,
        0.992969,
        0.99375,
        0.994531,
        0.995313,
        0.996094,
        0.996484,
        0.996875,
        0.997266,
        0.997656,
        0.998047,
        0.998242,
        0.998437,
        0.998633,
        0.998828,
        0.999023,
        0.999121,
        0.999219,
        0.999316,
        0.999414,
        0.999512,
        0.999561,
        0.999609,
        0.999658,
        0.999707,
        0.999756,
        0.99978,
        0.999805,
        0.999829,
        0.999854,
        0.999878,
        0.99989,
        0.999902,
        0.999915,
        0.999927,
        0.999939,
        0.999945,
        0.999951,
        0.999957,
        0.999963,
        0.999969,
        0.999973,
        0.999976,
        0.999979,
        0.999982,
        0.999985,
        0.999986,
        0.999988,
        0.999989,
        0.999991,
        0.999992,
        0.999993,
        0.999994,
        0.999995,
        0.999995,
        0.999996,
        0.999997,
        0.999997,
        0.999997,
        1.0
      ]
    },
    {
      "Values": [
        46,
        48,
        48,
        48,
        50,
        50,
        50,
        50,
        50,
        50,
        50,
        51,
        51,
        51,
        51,
        51,
        51,
        51,
        51,
        51,
        51,
        51,
        51,
        51,
        51,
        52,
        52,
        52,
        52,
        52,
        53,
        54,
        55,
        55,
        56,
        59,
        61,
        62,
        65,
        70,
        77,
        80,
        84,
        89,
        96,
        108,
        142,
        242,
        251,
        258,
        261,
        264,
        267,
        269,
        272,
        274,
        275,
        277,
        278,
        280,
        281,
        282,
        283,
        284,
        285,
        286,
        287,
        288,
        289,
        291,
        292,
        293,
        294,
        295,
        295,
        296,
        296,
        296,
        301,
        303,
        317,
        317,
        318,
        318,
        350,
        350,
        350,
        350,
        350,
        456,
        456,
        456,
        456,
        456,
        729,
        729
      ],