{
  "tput-up-quic": [
    "3994293",
    "3762417",
    "3561259"
  ],
  "commit": "733da8d890da950deddfda8066f7142778dc4fea",
  "rps-up-512-down-4000-quic-lat": [
    {
      "Values": [
        99,
        106,
        108,
        110,
        110,
        111,
        111,
        111,
        111,
        111,
        112,
        112,
        112,
        112,
        113,
        113,
        114,
        114,
        115,
        116,
        117,
        118,
        118,
        119,
        120,
        122,
        124,
        127,
        132,
        139,
        150,
        155,
        160,
        165,
        174,
        194,
        207,
        237,
        253,
        271,
        295,
        310,
        323,
        339,
        354,
        395,
        451,
        502,
        542,
        678,
        868,
        1090,
        1181,
        1411,
        1814,
        2237,
        2511,
        2771,
        3033,
        3415,
        3803,
        3891,
        4027,
        4183,
        4579,
        5359,
        5511,
        5739,
        6491,
        6659,
        6887,
        6899,
        6963,
        7063,
        7235,
        7487,
        7611,
        7611,
        7707,
        7707,
        7987,
        7987,
        7987,
        9911,
        9911,
        9911,
        9911,
        9911,
        10159,
        10159
      ],
      "Percentiles": [
        0.0,
        0.1,
        0.2,
        0.3,
        0.4,
        0.5,
        0.55,
        0.6,
        0.65,
        0.7,
        0.75,
        0.775,
        0.8,
        0.825,
        0.85,
        0.875,
        0.8875,
        0.9,
        0.9125,
        0.925,
        0.9375,
        0.94375,
        0.95,
        0.95625,
        0.9625,
        0.96875,
        0.971875,
        0.975,
        0.978125,
        0.98125,
        0.984375,
        0.985938,
        0.9875,
        0.989062,
        0.990625,
        0.992188,
        0.992969,
        0.99375,
        0.994531,
        0.995313,
        0.996094,
        0.996484,
        0.996875,
        0.997266,
        0.997656,
        0.998047,
        0.998242,
        0.998437,
        0.998633,
        0.998828,
        0.999023,
        0.999121,
        0.999219,
        0.999316,
        0.999414,
        0.999512,
        0.999561,
        0.999609,
        0.999658,
        0.999707,
        0.999756,
        0.99978,
        0.999805,
        0.999829,
        0.999854,
        0.999878,
        0.99989,
        0.999902,
        0.999915,
        0.999927,
        0.999939,
        0.999945,
        0.999951,
        0.999957,
        0.999963,
        0.999969,
        0.999973,
        0.999976,
        0.999979,
        0.999982,
        0.999985,
        0.999986,
        0.999988,
        0.999989,
        0.999991,
        0.999992,
        0.999993,
        0.999994,
        0.999995,
        1.0
      ]
    },
    {
      "Values": [
        101,
        106,
        107,
        107,
        107,
        108,
        108,
        108,
        108,
        109,
        109,
        109,
        109,
        110,
        110,
        110,
        110,
        110,
        111,
        111,
        112,
        112,
        113,
        113,
        114,
        115,
        116,
        117,
        119,
        121,
        124,
        128,
        132,
        137,
        142,
        148,
        151,
        153,
        156,
        160,
        163,
        166,
        169,
        173,
        178,
        186,
        191,
        196,
        204,
        213,
        222,
        229,
        239,
        245,
        254,
        266,
        275,
        280,
        288,
        294,
        302,
        315,
        321,
        327,
        330,
        352,
        375,
        402,
        510,
        527,
        537,
        575,
        575,
        708,
        723,
        815,
        2187,
        2187,
        2391,
        2391,
        3501,
        3501,
        3501,
        3969,
        3969,
        3969,
        3969,
        3969,
        4979,
        4979
      ],
      "Percentiles": [
        0.0,
        0.1,
        0.2,
        0.3,
        0.4,
        0.5,
        0.55,
        0.6,
        0.65,
        0.7,
        0.75,
        0.775,
        0.8,
        0.825,
        0.85,
        0.875,
        0.8875,
        0.9,
        0.9125,
        0.925,
        0.9375,
        0.94375,
        0.95,
        0.95625,
        0.9625,
        0.96875,
        0.971875,
        0.975,
        0.978125,
        0.98125,
        0.984375,
        0.985938,
        0.9875,
        0.989062,
        0.990625,
        0.992188,
        0.992969,
        0.99375,
        0.994531,
        0.995313,
        0.996094,
        0.996484,
        0.996875,
        0.997266,
        0.997656,
        0.998047,
        0.998242,
        0.998437,
        0.998633,
        0.998828,
        0.999023,
        0.999121,
        0.999219,
        0.999316,
        0.999414,
        0.999512,
        0.999561,
        0.999609,
        0.999658,
        0.999707,
        0.999756,
        0.99978,
        0.999805,
        0.999829,
        0.999854,
        0.999878,
        0.99989,
        0.999902,
        0.999915,
        0.999927,
        0.999939,
        0.999945,
        0.999951,
        0.999957,
        0.999963,
        0.999969,
        0.999973,
        0.999976,
        0.999979,
        0.999982,
        0.999985,
        0.999986,
        0.999988,
        0.999989,
        0.999991,
        0.999992,
        0.999993,
        0.999994,
        0.999995,
        1.0
      ]
    },
    {
      "Values": [
        89,
        101,
        102,
        102,
        102,
        103,
        103,
        103,
        103,
        104,
        104,
        104,
        104,
        104,
        104,
        105,
        105,
        105,
        105,
        106,
        106,
        107,
        107,
        108,
        109,
        110,
        111,
        112,
        113,
        116,
        122,
        127,
        135,
        143,
        150,
        159,
        165,
        176,
        192,
        210,
        227,
        233,
        241,
        255,
        274,
        299,
        309,
        321,
        333,
        347,
        376,
        389,
        401,
        408,
        427,
        440,
        452,
        470,
        505,
        563,
        770,
        864,
        966,
        1563,
        1824,
        1988,
        2123,
        2125,
        2427,
        2543,
        2579,
        2583,
        2591,
        2609,
        2623,
        3375,
        3375,
        3497,
        3497,
        3981,
        4847,
        4847,
        4847,
        4847,
        5027,
        5027,
        5027,
        5027,
        5027,
        7999,
        7999
      ],