{
  "latency-quic-lat": [
    {
      "Values": [
        41,
        45,
        45,
        46,
        46,
        46,
        46,
        50,
        52,
        53,
        53,
        53,
        53,
        53,
        53,
        53,
        53,
        53,
        53,
        54,
        54,
        54,
        54,
        54,
        54,
        54,
        54,
        55,
        55,
        56,
        57,
        58,
        60,
        61,
        64,
        68,
        71,
        75,
        83,
        92,
        100,
        103,
        107,
        110,
        114,
        119,
        121,
        124,
        127,
        130,
        134,
        136,
        140,
        145,
        152,
        163,
        169,
        178,
        190,
        202,
        217,
        224,
        232,
        245,
        256,
        261,
        265,
        277,
        288,
        290,
        294,
        299,
        303,
        308,
        316,
        319,
        322,
        322,
        326,
        331,
        338,
        349,
        350,
        350,
        358,
        358,
        393,
        393,
        393,
        457,
        457,
        457,
        457,
        457,
        1277,
        1277
      ],
      "Percentiles": [
        0.0,
        0.1,
        0.2,
        0.3,
        0.4,
        0.5,
        0.55,
        0.6,
        0.65,
        0.7,
        0.75,
        0.775,
        0.8,
        0.825,
        0.85,
        0.875,
        0.8875,
        0.9,
        0.9125,
        0.925,
        0.9375,
        0.94375,
        0.95,
        0.95625,
        0.9625,
        0.96875,
        0.971875,
        0.975,
        0.978125,
        0.98125,
        0.984375,
        0.985938,
        0.9875,
        0.989062,
        0.990625,
        0.992188,
        0.992969,
        0.99375,
        0.994531,
        0.995313,
        0.996094,
        0.996484,
        0.996875,
        0.997266,
        0.997656,
        0.998047,
        0.998242,
        0.998437,
        0.998633,
        0.998828,
        0.999023,
        0.999121,
        0.999219,
        0.999316,
        0.999414,
        0.999512,
        0.999561,
        0.999609,
        0.999658,
        0.999707,
        0.999756,
        0.99978,
        0.999805,
        0.999829,
        0.999854,
        0.999878,
        0.99989,
        0.999902,
        0.999915,
        0.999927,
        0.999939,
        0.999945,
        0.999951,
        0.999957,
        0.999963,
        0.999969,
        0.999973,
        0.999976,
        0.999979,
        0.999982,
        0.999985,
        0.999986,
        0.999988,
        0.999989,
        0.999991,
        0.999992,
        0.999993,
        0.999994,
        0.999995,
        0.999995,
        0.999996,
        0.999997,
        0.999997,
        0.999997,
        0.999998,
        1.0
      ]
    },
    {
      "Values": [
        40,
        47,
        47,
        47,
        48,
        48,
        48,
        50,
        57,
        57,
        58,
        58,
        58,
        58,
        58,
        58,
        58,
        58,
        58,
        58,
        59,
        59,
        59,
        59,
        59,
        59,
        60,
        60,
        61,
        62,
        64,
        65,
        66,
        68,
        71,
        75,
        78,
        81,
        85,
        95,
        102,
        105,
        108,
        111,
        114,
        117,
        119,
        123,
        126,
        130,
        137,
        144,
        149,
        160,
        176,
        195,
        208,
        219,
        231,
        239,
        256,
        261,
        269,
        276,
        283,
        293,
        296,
        299,
        303,
        307,
        317,
        323,
        324,
        336,
        342,
        365,
        374,
        384,
        399,
        410,
        418,
        418,
        430,
        590,
        590,
        604,
        604,
        604,
        630,
        630,
        630,
        630,
        630,
        695,
        695
      ],
      "Percentiles": [
        0.0,
        0.1,
        0.2,
        0.3,
        0.4,
        0.5,
        0.55,
        0.6,
        0.65,
        0.7,
        0.75,
        0.775,
        0.8,
        0.825,
        0.85,
        0.875,
        0.8875,
        0.9,
        0.9125,
        0.925,
        0.9375,
        0.94375,
        0.95,
        0.95625,
        0.9625,
        0.96875,
        0.971875,
        0.975,
        0.978125,
        0.98125,
        0.984375,
        0.985938,
        0.9875,
        0.989062,
        0.990625,
        0.992188,
        0.992969,
        0.99375,
        0.994531,
        0.995313,
        0.996094,
        0.996484,
        0.996875,
        0.997266,
        0.997656,
        0.998047,
        0.998242,
        0.998437,
        0.998633,
        0.998828,
        0.999023,
        0.999121,
        0.999219,
        0.999316,
        0.999414,
        0.999512,
        0.999561,
        0.999609,
        0.999658,
        0.999707,
        0.999756,
        0.99978,
        0.999805,
        0.999829,
        0.999854,
        0.999878,
        0.99989,
        0.999902,
        0.999915,
        0.999927,
        0.999939,
        0.999945,
        0.999951,
        0.999957,
        0.999963,
        0.999969,
        0.999973,
        0.999976,
        0.999979,
        0.999982,
        0.999985,
        0.999986,
        0.999988,
        0.999989,
        0.999991,
        0.999992,
        0.999993,
        0.999994,
        0.999995,
        0.999995,
        0.999996,
        0.999997,
        0.999997,
        0.999997,
        1.0
      ]
    },
    {
      "Values": [
        42,
        49,
        49,
        50,
        50,
        51,
        51,
        52,
        52,
        52,
        52,
        52,
        52,
        53,
        53,
        54,
        54,
        54,
        54,
        54,
        54,
        55,
        55,
        55,
        55,
        56,
        57,
        58,
        58,
        59,
        61,
        64,
        67,
        72,
        75,
        81,
        90,
        98,
        105,
        114,
        123,
        128,
        143,
        166,
        198,
        251,
        257,
        262,
        268,
        273,
        277,
        278,
        280,
        283,
        285,
        288,
        289,
        291,
        293,
        295,
        296,
        297,
        300,
        303,
        305,
        314,
        317,
        321,
        325,
        327,
        334,
        337,
        342,
        349,
        350,
        359,
        369,
        377,
        466,
        630,
        677,
        677,
        696,
        708,
        708,
        714,
        714,
        714,
        919,
        919,
        919,
        919,
        919,
        5287,
        5287
      ],