{
  "tput-down-quic": [
    "7899891",
    "7897110",
    "7747091"
  ],
  "rps-up-512-down-4000-quic-lat": [
    {
      "Values": [
        53,
        58,
        59,
        59,
        59,
        59,
        59,
        59,
        59,
        60,
        60,
        60,
        60,
        60,
        61,
        61,
        61,
        61,
        61,
        61,
        62,
        62,
        62,
        62,
        62,
        63,
        64,
        64,
        65,
        67,
        69,
        71,
        75,
        78,
        80,
        83,
        86,
        90,
        97,
        104,
        108,
        115,
        134,
        206,
        264,
        277,
        281,
        286,
        290,
        296,
        301,
        303,
        306,
        309,
        311,
        314,
        317,
        321,
        325,
        341,
        367,
        383,
        407,
        458,
        488,
        535,
        594,
        663,
        806,
        879,
        1006,
        1065,
        1513,
        1635,
        1680,
        1883,
        2387,
        2409,
        2443,
        2571,
        2593,
        2593,
        2633,
        2633,
        2901,
        2901,
        2901,
        3049,
        3049,
        3049,
        3049,
        3049,
        3131,
        3131
      ],
      "Percentiles": [
        0.0,
        0.1,
        0.2,
        0.3,
        0.4,
        0.5,
        0.55,
        0.6,
        0.65,
        0.7,
        0.75,
        0.775,
        0.8,
        0.825,
        0.85,
        0.875,
        0.8875,
        0.9,
        0.9125,
        0.925,
        0.9375,
        0.94375,
        0.95,
        0.95625,
        0.9625,
        0.96875,
        0.971875,
        0.975,
        0.978125,
        0.98125,
        0.984375,
        0.985938,
        0.9875,
        0.989062,
        0.990625,
        0.992188,
        0.992969,
        0.99375,
        0.994531,
        0.995313,
        0.996094,
        0.996484,
        0.996875,
        0.997266,
        0.997656,
        0.998047,
        0.998242,
        0.998437,
        0.998633,
        0.998828,
        0.999023,
        0.999121,
        0.999219,
        0.999316,
        0.999414,
        0.999512,
        0.999561,
        0.999609,
        0.999658,
        0.999707,
        0.999756,
        0.99978,
        0.999805,
        0.999829,
        0.999854,
        0.999878,
        0.99989,
        0.999902,
        0.999915,
        0.999927,
        0.999939,
        0.999945,
        0.999951,
        0.999957,
        0.999963,
        0.999969,
        0.999973,
        0.999976,
        0.999979,
        0.999982,
        0.999985,
        0.999986,
        0.999988,
        0.999989,
        0.999991,
        0.999992,
        0.999993,
        0.999994,
        0.999995,
        0.999995,
        0.999996,
        0.999997,
        0.999997,
        1.0
      ]
    },
    {
      "Values": [
        49,
        57,
        57,
        58,
        58,
        58,
        58,
        58,
        58,
        58,
        59,
        59,
        59,
        59,
        60,
        60,
        60,
        60,
        60,
        60,
        61,
        61,
        61,
        61,
        61,
        62,
        63,
        63,
        64,
        65,
        67,
        69,
        70,
        72,
        74,
        77,
        77,
        78,
        79,
        80,
        82,
        83,
        84,
        85,
        87,
        88,
        89,
        90,
        92,
        93,
        95,
        97,
        100,
        104,
        109,
        114,
        118,
        121,
        131,
        165,
        211,
        231,
        245,
        266,
        299,
        318,
        341,
        366,
        382,
        399,
        475,
        514,
        560,
        738,
        830,
        1033,
        1044,
        1198,
        1238,
        1271,
        1314,
        1315,
        1315,
        1319,
        1319,
        1411,
        1411,
        1411,
        1487,
        1487,
        1487,
        1487,
        1487,
        5311,
        5311
      ],
      "Percentiles": [
        0.0,
        0.1,
        0.2,
        0.3,
        0.4,
        0.5,
        0.55,
        0.6,
        0.65,
        0.7,
        0.75,
        0.775,
        0.8,
        0.825,
        0.85,
        0.875,
        0.8875,
        0.9,
        0.9125,
        0.925,
        0.9375,
        0.94375,
        0.95,
        0.95625,
        0.9625,
        0.96875,
        0.971875,
        0.975,
        0.978125,
        0.98125,
        0.984375,
        0.985938,
        0.9875,
        0.989062,
        0.990625,
        0.992188,
        0.992969,
        0.99375,
        0.994531,
        0.995313,
        0.996094,
        0.996484,
        0.996875,
        0.997266,
        0.997656,
        0.998047,
        0.998242,
        0.998437,
        0.998633,
        0.998828,
        0.999023,
        0.999121,
        0.999219,
        0.999316,
        0.999414,
        0.999512,
        0.999561,
        0.999609,
        0.999658,
        0.999707,
        0.999756,
        0.99978,
        0.999805,
        0.999829,
        0.999854,
        0.999878,
        0.99989,
        0.999902,
        0.999915,
        0.999927,
        0.999939,
        0.999945,
        0.999951,
        0.999957,
        0.999963,
        0.999969,
        0.999973,
        0.999976,
        0.999979,
        0.999982,
        0.999985,
        0.999986,
        0.999988,
        0.999989,
        0.999991,
        0.999992,
        0.999993,
        0.999994,
        0.999995,
        0.999995,
        0.999996,
        0.999997,
        0.999997,
        0.999997,
        1.0
      ]
    },
    {
      "Values": [
        52,
        57,
        58,
        58,
        58,
        58,
        58,
        59,
        59,
        59,
        59,
        60,
        60,
        60,
        60,
        60,
        60,
        61,
        61,
        61,
        61,
        61,
        61,
        61,
        62,
        62,
        62,
        63,
        63,
        64,
        65,
        65,
        66,
        67,
        70,
        73,
        75,
        77,
        79,
        82,
        84,
        86,
        87,
        89,
        92,
        96,
        101,
        114,
        137,
        149,
        160,
        177,
        196,
        211,
        226,
        241,
        254,
        276,
        306,
        373,
        503,
        556,
        628,
        702,
        961,
        1074,
        1203,
        1228,
        1404,
        1941,
        2577,
        2605,
        2693,
        3261,
        3609,
        4035,
        4081,
        4243,
        4875,
        4919,
        4951,
        5019,
        5019,
        5027,
        5027,
        5051,
        5051,
        5051,
        5063,
        5063
      ],