{
  "hps-conns-100-quic": [
    "5235",
    "5327",
    "5340"
  ],
  "commit": "d3fa5454ba275b7e50bada9d46ea43780dcc26b7",
  "rps-up-512-down-4000-quic": [
    "69",
    "93",
    "107",
    "630",
    "837",
    "1414",
    "4351",
    "7456",
    "8898",
    "48",
    "61",
    "70",
    "86",
    "171",
    "449",
    "2365",
    "5089",
    "15799",
    "46",
    "58",
    "65",
    "83",
    "259",
    "548",
    "1308",
    "1698",
    "16538"
  ],
  "tput-up-quic": [
    "7252455",
    "7526723",
    "7637587"
  ],
  "rps-up-512-down-4000-quic-lat": [
    {
      "Values": [
        69,
        85,
        87,
        89,
        91,
        93,
        93,
        94,
        96,
        97,
        99,
        99,
        100,
        102,
        103,
        105,
        106,
        107,
        109,
        114,
        121,
        140,
        195,
        216,
        299,
        346,
        371,
        375,
        387,
        496,
        585,
        596,
        604,
        623,
        632,
        639,
        645,
        653,
        658,
        663,
        670,
        674,
        678,
        682,
        687,
        698,
        711,
        730,
        755,
        783,
        847,
        888,
        931,
        959,
        1015,
        1056,
        1080,
        1114,
        1148,
        1168,
        1207,
        1229,
        1262,
        1293,
        1330,
        1365,
        1409,
        1414,
        1464,
        1473,
        1554,
        1560,
        1564,
        1639,
        1709,
        1930,
        2267,
        2267,
        2927,
        2927,
        3533,
        3533,
        3533,
        4351,
        4351,
        4351,
        4351,
        4351,
        7459,
        7459
      ],
      "Percentiles": [
        0.0,
        0.1,
        0.2,
        0.3,
        0.4,
        0.5,
        0.55,
        0.6,
        0.65,
        0.7,
        0.75,
        0.775,
        0.8,
        0.825,
        0.85,
        0.875,
        0.8875,
        0.9,
        0.9125,
        0.925,
        0.9375,
        0.94375,
        0.95,
        0.95625,
        0.9625,
        0.96875,
        0.971875,
        0.975,
        0.978125,
        0.98125,
        0.984375,
        0.985938,
        0.9875,
        0.989062,
        0.990625,
        0.992188,
        0.992969,
        0.99375,
        0.994531,
        0.995313,
        0.996094,
        0.996484,
        0.996875,
        0.997266,
        0.997656,
        0.998047,
        0.998242,
        0.998437,
        0.998633,
        0.998828,
        0.999023,
        0.999121,
        0.999219,
        0.999316,
        0.999414,
        0.999512,
        0.999561,
        0.999609,
        0.999658,
        0.999707,
        0.999756,
        0.99978,
        0.999805,
        0.999829,
        0.999854,
        0.999878,
        0.99989,
        0.999902,
        0.999915,
        0.999927,
        0.999939,
        0.999945,
        0.999951,
        0.999957,
        0.999963,
        0.999969,
        0.999973,
        0.999976,
        0.999979,
        0.999982,
        0.999985,
        0.999986,
        0.999988,
        0.999989,
        0.999991,
        0.999992,
        0.999993,
        0.999994,
        0.999995,
        1.0
      ]
    },
    {
      "Values": [
        48,
        54,
        56,
        58,
        60,
        61,
        62,
        62,
        63,
        64,
        65,
        66,
        66,
        67,
        68,
        69,
        69,
        70,
        70,
        71,
        71,
        72,
        72,
        73,
        73,
        74,
        75,
        76,
        77,
        78,
        80,
        81,
        83,
        84,
        87,
        92,
        94,
        97,
        100,
        105,
        110,
        113,
        118,
        122,
        126,
        133,
        136,
        143,
        151,
        158,
        173,
        181,
        189,
        202,
        217,
        234,
        241,
        256,
        270,
        285,
        313,
        324,
        366,
        391,
        407,
        435,
        444,
        453,
        465,
        574,
        596,
        635,
        638,
        645,
        705,
        746,
        855,
        986,
        1024,
        1113,
        1194,
        1194,
        2365,
        2365,
        2543,
        2543,
        2543,
        2613,
        2613,
        2613,
        2613,
        2613,
        5091,
        5091
      ],
      "Percentiles": [
        0.0,
        0.1,
        0.2,
        0.3,
        0.4,
        0.5,
        0.55,
        0.6,
        0.65,
        0.7,
        0.75,
        0.775,
        0.8,
        0.825,
        0.85,
        0.875,
        0.8875,
        0.9,
        0.9125,
        0.925,
        0.9375,
        0.94375,
        0.95,
        0.95625,
        0.9625,
        0.96875,
        0.971875,
        0.975,
        0.978125,
        0.98125,
        0.984375,
        0.985938,
        0.9875,
        0.989062,
        0.990625,
        0.992188,
        0.992969,
        0.99375,
        0.994531,
        0.995313,
        0.996094,
        0.996484,
        0.996875,
        0.997266,
        0.997656,
        0.998047,
        0.998242,
        0.998437,
        0.998633,
        0.998828,
        0.999023,
        0.999121,
        0.999219,
        0.999316,
        0.999414,
        0.999512,
        0.999561,
        0.999609,
        0.999658,
        0.999707,
        0.999756,
        0.99978,
        0.999805,
        0.999829,
        0.999854,
        0.999878,
        0.99989,
        0.999902,
        0.999915,
        0.999927,
        0.999939,
        0.999945,
        0.999951,
        0.999957,
        0.999963,
        0.999969,
        0.999973,
        0.999976,
        0.999979,
        0.999982,
        0.999985,
        0.999986,
        0.999988,
        0.999989,
        0.999991,
        0.999992,
        0.999993,
        0.999994,
        0.999995,
        0.999995,
        0.999996,
        0.999997,
        0.999997,
        1.0
      ]
    },
    {
      "Values": [
        46,
        53,
        54,
        55,
        56,
        58,
        58,
        59,
        59,
        60,
        61,
        61,
        62,
        62,
        63,
        64,
        64,
        65,
        65,
        66,
        66,
        67,
        67,
        68,
        69,
        70,
        71,
        72,
        73,
        75,
        77,
        78,
        80,
        81,
        84,
        88,
        90,
        95,
        102,
        114,
        142,
        172,
        179,
        182,
        184,
        187,
        193,
        199,
        208,
        227,
        265,
        279,
        288,
        301,
        313,
        336,
        361,
        372,
        378,
        390,
        405,
        419,
        434,
        444,
        461,
        507,
        532,
        552,
        574,
        589,
        669,
        713,
        763,
        781,
        886,
        1031,
        1065,
        1132,
        1188,
        1222,
        1225,
        1307,
        1307,
        1308,
        1308,
        1418,
        1418,
        1418,
        1431,
        1431,
        1431,
        1431,
        1431,
        1698,
        1698
      ],