{
  "rps-up-512-down-4000-quic": [
    "105",
    "117",
    "122",
    "157",
    "316",
    "924",
    "10166",
    "15603",
    "8307",
    "96",
    "111",
    "116",
    "143",
    "329",
    "469",
    "5598",
    "10175",
    "8801",
    "83",
    "104",
    "107",
    "2005",
    "9888",
    "9977",
    "10007",
    "10026",
    "5589"
  ],
  "hps-conns-100-quic-regression": {
    "AggregateFunction": "AVG",
    "Baseline": 6176.566666666666,
    "HasRegression": true,
    "CumulativeResult": 5726.666666666667,
    "BestResult": 8823.666666666666,
    "BestResultCommit": "28cceb22010564caed3add0d0ec6fe8ef24ad69c"
  },
  "rps-up-512-down-4000-quic-regression": {
    "AggregateFunction": "AVG",
    "Baseline": 11486.3,
    "HasRegression": true,
    "CumulativeResult": 7565.666666666667,
    "BestResult": 16409.0,
    "BestResultCommit": "28cceb22010564caed3add0d0ec6fe8ef24ad69c"
  },
  "hps-conns-100-quic": [
    "5726",
    "5765",
    "5689"
  ],
  "tput-down-quic": [
    "1317233",
    "3532474",
    "1540112"
  ],
  "rps-up-512-down-4000-quic-lat": [
    {
      "Values": [
        105,
        112,
        114,
        115,
        116,
        117,
        118,
        118,
        119,
        120,
        120,
        120,
        121,
        121,
        121,
        122,
        122,
        122,
        122,
        122,
        123,
        123,
        123,
        124,
        124,
        126,
        127,
        128,
        131,
        134,
        138,
        142,
        147,
        153,
        160,
        168,
        172,
        178,
        185,
        195,
        212,
        221,
        231,
        243,
        255,
        268,
        276,
        284,
        293,
        307,
        320,
        327,
        339,
        348,
        359,
        369,
        380,
        394,
        414,
        431,
        461,
        472,
        502,
        549,
        583,
        747,
        889,
        924,
        1012,
        1667,
        2631,
        2653,
        2659,
        2929,
        4043,
        4379,
        4911,
        4911,
        6219,
        6219,
        7683,
        7683,
        7683,
        10167,
        10167,
        10167,
        10167,
        10167,
        15607,
        15607
      ],
      "Percentiles": [
        0.0,
        0.1,
        0.2,
        0.3,
        0.4,
        0.5,
        0.55,
        0.6,
        0.65,
        0.7,
        0.75,
        0.775,
        0.8,
        0.825,
        0.85,
        0.875,
        0.8875,
        0.9,
        0.9125,
        0.925,
        0.9375,
        0.94375,
        0.95,
        0.95625,
        0.9625,
        0.96875,
        0.971875,
        0.975,
        0.978125,
        0.98125,
        0.984375,
        0.985938,
        0.9875,
        0.989062,
        0.990625,
        0.992188,
        0.992969,
        0.99375,
        0.994531,
        0.995313,
        0.996094,
        0.996484,
        0.996875,
        0.997266,
        0.997656,
        0.998047,
        0.998242,
        0.998437,
        0.998633,
        0.998828,
        0.999023,
        0.999121,
        0.999219,
        0.999316,
        0.999414,
        0.999512,
        0.999561,
        0.999609,
        0.999658,
        0.999707,
        0.999756,
        0.99978,
        0.999805,
        0.999829,
        0.999854,
        0.999878,
        0.99989,
        0.999902,
        0.999915,
        0.999927,
        0.999939,
        0.999945,
        0.999951,
        0.999957,
        0.999963,
        0.999969,
        0.999973,
        0.999976,
        0.999979,
        0.999982,
        0.999985,
        0.999986,
        0.999988,
        0.999989,
        0.999991,
        0.999992,
        0.999993,
        0.999994,
        0.999995,
        1.0
      ]
    },
    {
      "Values": [
        96,
        106,
        107,
        110,
        111,
        111,
        112,
        112,
        112,
        113,
        113,
        113,
        114,
        114,
        115,
        115,
        116,
        116,
        116,
        117,
        117,
        118,
        118,
        118,
        119,
        120,
        121,
        121,
        123,
        124,
        127,
        130,
        133,
        139,
        146,
        154,
        158,
        163,
        171,
        189,
        210,
        224,
        238,
        252,
        266,
        281,
        291,
        300,
        309,
        319,
        331,
        336,
        342,
        348,
        358,
        368,
        371,
        378,
        385,
        397,
        414,
        420,
        426,
        434,
        449,
        458,
        462,
        469,
        561,
        785,
        911,
        947,
        1000,
        1047,
        1239,
        1649,
        2545,
        2545,
        4595,
        4595,
        5155,
        5155,
        5155,
        5599,
        5599,
        5599,
        5599,
        5599,
        10175,
        10175
      ],