{
  "rps-multi-quic": [
    "1668",
    "165384",
    "545223",
    "1445583",
    "2445646",
    "3666406",
    "4856184",
    "5674427",
    "508477",
    "1275",
    "187251",
    "484564",
    "1007268",
    "1643253",
    "2384531",
    "3258553",
    "3700972",
    "531172",
    "1716",
    "174441",
    "454558",
    "959814",
    "1563383",
    "2225489",
    "2828116",
    "3447399",
    "546099"
  ],
  "download-quic": [
    "1314303",
    "1478340",
    "1234564"
  ],
  "latency-quic-lat": [
    {
      "Values": [
        95,
        103,
        103,
        103,
        104,
        104,
        104,
        104,
        105,
        105,
        105,
        105,
        105,
        106,
        106,
        107,
        108,
        109,
        110,
        114,
        119,
        119,
        120,
        121,
        121,
        122,
        122,
        122,
        123,
        123,
        124,
        125,
        128,
        131,
        139,
        148,
        153,
        157,
        163,
        169,
        177,
        182,
        187,
        193,
        201,
        212,
        218,
        225,
        230,
        236,
        245,
        252,
        260,
        273,
        286,
        297,
        304,
        313,
        319,
        335,
        360,
        373,
        386,
        425,
        493,
        562,
        609,
        634,
        857,
        1239,
        1552,
        1788,
        1802,
        2429,
        2535,
        4139,
        4139,
        4663,
        5183,
        5183,
        10071,
        10071,
        10071,
        10103,
        10103,
        10103,
        10103,
        10103,
        10407,
        10407
      ],
      "Percentiles": [
        0.0,
        0.1,
        0.2,
        0.3,
        0.4,
        0.5,
        0.55,
        0.6,
        0.65,
        0.7,
        0.75,
        0.775,
        0.8,
        0.825,
        0.85,
        0.875,
        0.8875,
        0.9,
        0.9125,
        0.925,
        0.9375,
        0.94375,
        0.95,
        0.95625,
        0.9625,
        0.96875,
        0.971875,
        0.975,
        0.978125,
        0.98125,
        0.984375,
        0.985938,
        0.9875,
        0.989062,
        0.990625,
        0.992188,
        0.992969,
        0.99375,
        0.994531,
        0.995313,
        0.996094,
        0.996484,
        0.996875,
        0.997266,
        0.997656,
        0.998047,
        0.998242,
        0.998437,
        0.998633,
        0.998828,
        0.999023,
        0.999121,
        0.999219,
        0.999316,
        0.999414,
        0.999512,
        0.999561,
        0.999609,
        0.999658,
        0.999707,
        0.999756,
        0.99978,
        0.999805,
        0.999829,
        0.999854,
        0.999878,
        0.99989,
        0.999902,
        0.999915,
        0.999927,
        0.999939,
        0.999945,
        0.999951,
        0.999957,
        0.999963,
        0.999969,
        0.999973,
        0.999976,
        0.999979,
        0.999982,
        0.999985,
        0.999986,
        0.999988,
        0.999989,
        0.999991,
        0.999992,
        0.999993,
        0.999994,
        0.999995,
        1.0
      ]
    },
    {
      "Values": [
        95,
        104,
        105,
        105,
        105,
        106,
        106,
        106,
        107,
        107,
        111,
        112,
        112,
        113,
        113,
        114,
        114,
        114,
        115,
        115,
        115,
        116,
        116,
        116,
        116,
        117,
        117,
        118,
        119,
        121,
        123,
        124,
        127,
        129,
        134,
        142,
        147,
        152,
        157,
        163,
        170,
        175,
        180,
        188,
        200,
        225,
        245,
        266,
        288,
        305,
        325,
        334,
        343,
        353,
        364,
        386,
        397,
        408,
        415,
        430,
        437,
        446,
        455,
        465,
        481,
        529,
        712,
        793,
        1144,
        1883,
        3501,
        4803,
        4891,
        4991,
        5715,
        5931,
        5959,
        5959,
        7715,
        7715,
        9127,
        9127,
        9127,
        10111,
        10111,
        10111,
        10111,
        10111,
        10191,
        10191
      ],
      "Percentiles": [
        0.0,
        0.1,
        0.2,
        0.3,
        0.4,
        0.5,
        0.55,
        0.6,
        0.65,
        0.7,
        0.75,
        0.775,
        0.8,
        0.825,
        0.85,
        0.875,
        0.8875,
        0.9,
        0.9125,
        0.925,
        0.9375,
        0.94375,
        0.95,
        0.95625,
        0.9625,
        0.96875,
        0.971875,
        0.975,
        0.978125,
        0.98125,
        0.984375,
        0.985938,
        0.9875,
        0.989062,
        0.990625,
        0.992188,
        0.992969,
        0.99375,
        0.994531,
        0.995313,
        0.996094,
        0.996484,
        0.996875,
        0.997266,
        0.997656,
        0.998047,
        0.998242,
        0.998437,
        0.998633,
        0.998828,
        0.999023,
        0.999121,
        0.999219,
        0.999316,
        0.999414,
        0.999512,
        0.999561,
        0.999609,
        0.999658,
        0.999707,
        0.999756,
        0.99978,
        0.999805,
        0.999829,
        0.999854,
        0.999878,
        0.99989,
        0.999902,
        0.999915,
        0.999927,
        0.999939,
        0.999945,
        0.999951,
        0.999957,
        0.999963,
        0.999969,
        0.999973,
        0.999976,
        0.999979,
        0.999982,
        0.999985,
        0.999986,
        0.999988,
        0.999989,
        0.999991,
        0.999992,
        0.999993,
        0.999994,
        0.999995,
        1.0
      ]
    },
    {
      "Values": [
        107,
        115,
        115,
        115,
        116,
        116,
        116,
        117,
        117,
        117,
        119,
        123,
        125,
        125,
        125,
        126,
        126,
        126,
        126,
        127,
        127,
        127,
        127,
        128,
        128,
        129,
        130,
        132,
        134,
        138,
        146,
        152,
        161,
        173,
        191,
        214,
        229,
        245,
        259,
        270,
        285,
        295,
        302,
        310,
        316,
        323,
        328,
        331,
        337,
        341,
        346,
        349,
        351,
        355,
        360,
        367,
        372,
        376,
        381,
        394,
        410,
        417,
        440,
        452,
        472,
        519,
        542,
        591,
        816,
        861,
        1989,
        3351,
        4491,
        4719,
        4799,
        5031,
        5619,
        5619,
        5723,
        5723,
        5871,
        5871,
        5871,
        7687,
        7687,
        7687,
        7687,
        7687,
        10215,
        10215
      ],