{
  "rps-up-512-down-4000-quic-lat": [
    {
      "Values": [
        50,
        57,
        59,
        60,
        62,
        65,
        65,
        66,
        67,
        69,
        70,
        71,
        72,
        73,
        74,
        75,
        76,
        77,
        78,
        80,
        82,
        83,
        85,
        88,
        93,
        99,
        104,
        111,
        157,
        198,
        216,
        228,
        284,
        550,
        572,
        579,
        583,
        587,
        595,
        600,
        603,
        605,
        607,
        609,
        611,
        615,
        618,
        621,
        626,
        633,
        649,
        657,
        664,
        674,
        687,
        719,
        744,
        771,
        808,
        863,
        932,
        979,
        1023,
        1062,
        1120,
        1212,
        1242,
        1269,
        1315,
        1388,
        1401,
        1459,
        1471,
        1579,
        1693,
        1718,
        1776,
        1794,
        3849,
        4183,
        4183,
        4539,
        4539,
        5751,
        5751,
        5751,
        5875,
        5875,
        5875,
        5875,
        5875,
        7751,
        7751
      ],
      "Percentiles": [
        0.0,
        0.1,
        0.2,
        0.3,
        0.4,
        0.5,
        0.55,
        0.6,
        0.65,
        0.7,
        0.75,
        0.775,
        0.8,
        0.825,
        0.85,
        0.875,
        0.8875,
        0.9,
        0.9125,
        0.925,
        0.9375,
        0.94375,
        0.95,
        0.95625,
        0.9625,
        0.96875,
        0.971875,
        0.975,
        0.978125,
        0.98125,
        0.984375,
        0.985938,
        0.9875,
        0.989062,
        0.990625,
        0.992188,
        0.992969,
        0.99375,
        0.994531,
        0.995313,
        0.996094,
        0.996484,
        0.996875,
        0.997266,
        0.997656,
        0.998047,
        0.998242,
        0.998437,
        0.998633,
        0.998828,
        0.999023,
        0.999121,
        0.999219,
        0.999316,
        0.999414,
        0.999512,
        0.999561,
        0.999609,
        0.999658,
        0.999707,
        0.999756,
        0.99978,
        0.999805,
        0.999829,
        0.999854,
        0.999878,
        0.99989,
        0.999902,
        0.999915,
        0.999927,
        0.999939,
        0.999945,
        0.999951,
        0.999957,
        0.999963,
        0.999969,
        0.999973,
        0.999976,
        0.999979,
        0.999982,
        0.999985,
        0.999986,
        0.999988,
        0.999989,
        0.999991,
        0.999992,
        0.999993,
        0.999994,
        0.999995,
        0.999995,
        0.999996,
        0.999997,
        1.0
      ]
    },
    {
      "Values": [
        36,
        43,
        44,
        45,
        47,
        52,
        54,
        55,
        57,
        59,
        60,
        61,
        61,
        62,
        62,
        63,
        63,
        63,
        64,
        64,
        65,
        65,
        65,
        66,
        67,
        67,
        68,
        69,
        70,
        71,
        72,
        74,
        75,
        78,
        80,
        83,
        85,
        86,
        88,
        90,
        97,
        103,
        110,
        118,
        128,
        143,
        152,
        158,
        166,
        174,
        184,
        188,
        192,
        199,
        207,
        220,
        228,
        241,
        252,
        267,
        302,
        324,
        339,
        372,
        401,
        482,
        514,
        544,
        566,
        651,
        718,
        735,
        778,
        954,
        997,
        1253,
        1409,
        1999,
        2081,
        4331,
        5007,
        5007,
        5015,
        5031,
        5031,
        5775,
        5775,
        5775,
        5855,
        5855,
        5855,
        5855,
        5855,
        5891,
        5891
      ],
      "Percentiles": [
        0.0,
        0.1,
        0.2,
        0.3,
        0.4,
        0.5,
        0.55,
        0.6,
        0.65,
        0.7,
        0.75,
        0.775,
        0.8,
        0.825,
        0.85,
        0.875,
        0.8875,
        0.9,
        0.9125,
        0.925,
        0.9375,
        0.94375,
        0.95,
        0.95625,
        0.9625,
        0.96875,
        0.971875,
        0.975,
        0.978125,
        0.98125,
        0.984375,
        0.985938,
        0.9875,
        0.989062,
        0.990625,
        0.992188,
        0.992969,
        0.99375,
        0.994531,
        0.995313,
        0.996094,
        0.996484,
        0.996875,
        0.997266,
        0.997656,
        0.998047,
        0.998242,
        0.998437,
        0.998633,
        0.998828,
        0.999023,
        0.999121,
        0.999219,
        0.999316,
        0.999414,
        0.999512,
        0.999561,
        0.999609,
        0.999658,
        0.999707,
        0.999756,
        0.99978,
        0.999805,
        0.999829,
        0.999854,
        0.999878,
        0.99989,
        0.999902,
        0.999915,
        0.999927,
        0.999939,
        0.999945,
        0.999951,
        0.999957,
        0.999963,
        0.999969,
        0.999973,
        0.999976,
        0.999979,
        0.999982,
        0.999985,
        0.999986,
        0.999988,
        0.999989,
        0.999991,
        0.999992,
        0.999993,
        0.999994,
        0.999995,
        0.999995,
        0.999996,
        0.999997,
        0.999997,
        0.999997,
        1.0
      ]
    },
    {
      "Values": [
        39,
        44,
        45,
        46,
        46,
        47,
        48,
        48,
        49,
        49,
        49,
        49,
        50,
        50,
        51,
        52,
        52,
        53,
        53,
        54,
        54,
        55,
        55,
        56,
        57,
        58,
        59,
        60,
        61,
        63,
        65,
        67,
        69,
        72,
        74,
        77,
        79,
        81,
        84,
        87,
        94,
        97,
        101,
        106,
        112,
        123,
        134,
        145,
        156,
        164,
        176,
        183,
        187,
        193,
        204,
        208,
        217,
        224,
        237,
        245,
        263,
        272,
        290,
        311,
        341,
        358,
        363,
        381,
        393,
        510,
        535,
        592,
        629,
        662,
        781,
        814,
        873,
        886,
        1088,
        1190,
        1201,
        1259,
        1331,
        1331,
        1350,
        1350,
        1468,
        1468,
        1468,
        2443,
        2443,
        2443,
        2443,
        2443,
        3351,
        3351
      ],