{
  "rps-up-512-down-4000-quic-lat": [
    {
      "Values": [
        58,
        71,
        73,
        75,
        76,
        78,
        79,
        80,
        81,
        82,
        83,
        83,
        84,
        85,
        86,
        87,
        88,
        89,
        90,
        91,
        94,
        97,
        103,
        113,
        151,
        237,
        253,
        263,
        295,
        303,
        327,
        484,
        632,
        642,
        653,
        665,
        671,
        675,
        679,
        683,
        687,
        689,
        691,
        694,
        697,
        703,
        708,
        714,
        723,
        740,
        761,
        794,
        837,
        896,
        952,
        1028,
        1055,
        1102,
        1120,
        1176,
        1213,
        1234,
        1291,
        1340,
        1387,
        1450,
        1534,
        1701,
        1831,
        2517,
        2907,
        3287,
        3363,
        3913,
        3987,
        3997,
        4207,
        4207,
        4711,
        5031,
        5031,
        5175,
        5175,
        5175,
        5411,
        5411,
        5411,
        5411,
        5411,
        7259,
        7259
      ],
      "Percentiles": [
        0.0,
        0.1,
        0.2,
        0.3,
        0.4,
        0.5,
        0.55,
        0.6,
        0.65,
        0.7,
        0.75,
        0.775,
        0.8,
        0.825,
        0.85,
        0.875,
        0.8875,
        0.9,
        0.9125,
        0.925,
        0.9375,
        0.94375,
        0.95,
        0.95625,
        0.9625,
        0.96875,
        0.971875,
        0.975,
        0.978125,
        0.98125,
        0.984375,
        0.985938,
        0.9875,
        0.989062,
        0.990625,
        0.992188,
        0.992969,
        0.99375,
        0.994531,
        0.995313,
        0.996094,
        0.996484,
        0.996875,
        0.997266,
        0.997656,
        0.998047,
        0.998242,
        0.998437,
        0.998633,
        0.998828,
        0.999023,
        0.999121,
        0.999219,
        0.999316,
        0.999414,
        0.999512,
        0.999561,
        0.999609,
        0.999658,
        0.999707,
        0.999756,
        0.99978,
        0.999805,
        0.999829,
        0.999854,
        0.999878,
        0.99989,
        0.999902,
        0.999915,
        0.999927,
        0.999939,
        0.999945,
        0.999951,
        0.999957,
        0.999963,
        0.999969,
        0.999973,
        0.999976,
        0.999979,
        0.999982,
        0.999985,
        0.999986,
        0.999988,
        0.999989,
        0.999991,
        0.999992,
        0.999993,
        0.999994,
        0.999995,
        0.999995,
        1.0
      ]
    },
    {
      "Values": [
        44,
        57,
        60,
        61,
        63,
        65,
        66,
        67,
        67,
        68,
        69,
        69,
        70,
        70,
        71,
        72,
        73,
        73,
        74,
        75,
        76,
        77,
        78,
        79,
        81,
        87,
        90,
        95,
        101,
        110,
        126,
        144,
        171,
        182,
        197,
        228,
        254,
        260,
        269,
        304,
        334,
        342,
        363,
        388,
        430,
        455,
        468,
        480,
        492,
        503,
        520,
        530,
        539,
        553,
        562,
        571,
        582,
        591,
        602,
        610,
        625,
        631,
        641,
        654,
        682,
        702,
        726,
        761,
        790,
        861,
        885,
        950,
        979,
        987,
        1019,
        1088,
        1132,
        1141,
        1141,
        1276,
        1285,
        1319,
        1319,
        1319,
        1343,
        1343,
        1390,
        1390,
        1390,
        1390,
        1390,
        2603,
        2603
      ],
      "Percentiles": [
        0.0,
        0.1,
        0.2,
        0.3,
        0.4,
        0.5,
        0.55,
        0.6,
        0.65,
        0.7,
        0.75,
        0.775,
        0.8,
        0.825,
        0.85,
        0.875,
        0.8875,
        0.9,
        0.9125,
        0.925,
        0.9375,
        0.94375,
        0.95,
        0.95625,
        0.9625,
        0.96875,
        0.971875,
        0.975,
        0.978125,
        0.98125,
        0.984375,
        0.985938,
        0.9875,
        0.989062,
        0.990625,
        0.992188,
        0.992969,
        0.99375,
        0.994531,
        0.995313,
        0.996094,
        0.996484,
        0.996875,
        0.997266,
        0.997656,
        0.998047,
        0.998242,
        0.998437,
        0.998633,
        0.998828,
        0.999023,
        0.999121,
        0.999219,
        0.999316,
        0.999414,
        0.999512,
        0.999561,
        0.999609,
        0.999658,
        0.999707,
        0.999756,
        0.99978,
        0.999805,
        0.999829,
        0.999854,
        0.999878,
        0.99989,
        0.999902,
        0.999915,
        0.999927,
        0.999939,
        0.999945,
        0.999951,
        0.999957,
        0.999963,
        0.999969,
        0.999973,
        0.999976,
        0.999979,
        0.999982,
        0.999985,
        0.999986,
        0.999988,
        0.999989,
        0.999991,
        0.999992,
        0.999993,
        0.999994,
        0.999995,
        0.999995,
        0.999996,
        0.999997,
        1.0
      ]
    },
    {
      "Values": [
        54,
        63,
        65,
        66,
        69,
        71,
        71,
        72,
        73,
        74,
        75,
        76,
        77,
        78,
        80,
        82,
        83,
        84,
        85,
        86,
        88,
        89,
        90,
        92,
        94,
        97,
        99,
        101,
        105,
        113,
        129,
        140,
        152,
        180,
        217,
        277,
        280,
        289,
        315,
        379,
        402,
        416,
        426,
        445,
        477,
        483,
        484,
        486,
        488,
        491,
        496,
        498,
        503,
        506,
        508,
        515,
        522,
        534,
        566,
        599,
        645,
        700,
        733,
        782,
        837,
        933,
        976,
        991,
        1046,
        1083,
        1153,
        1154,
        1179,
        1181,
        1227,
        1535,
        1535,
        2026,
        2489,
        2509,
        2969,
        2969,
        2969,
        3197,
        3197,
        3619,
        3619,
        3619,
        3619,
        3619,
        5227,
        5227
      ],