{
  "latency-quic-lat": [
    {
      "Values": [
        99,
        104,
        105,
        106,
        107,
        109,
        110,
        110,
        111,
        112,
        113,
        114,
        118,
        119,
        120,
        120,
        121,
        121,
        121,
        121,
        122,
        122,
        122,
        123,
        123,
        124,
        124,
        125,
        126,
        127,
        131,
        134,
        137,
        144,
        155,
        167,
        175,
        186,
        207,
        238,
        269,
        281,
        292,
        302,
        313,
        323,
        328,
        333,
        336,
        341,
        348,
        353,
        362,
        371,
        386,
        403,
        410,
        424,
        435,
        459,
        500,
        514,
        533,
        552,
        651,
        725,
        737,
        780,
        1120,
        1344,
        2155,
        2591,
        3417,
        3999,
        4075,
        5463,
        6159,
        6159,
        7183,
        7183,
        9919,
        9919,
        9919,
        10095,
        10095,
        10095,
        10095,
        10095,
        10207,
        10207
      ],
      "Percentiles": [
        0.0,
        0.1,
        0.2,
        0.3,
        0.4,
        0.5,
        0.55,
        0.6,
        0.65,
        0.7,
        0.75,
        0.775,
        0.8,
        0.825,
        0.85,
        0.875,
        0.8875,
        0.9,
        0.9125,
        0.925,
        0.9375,
        0.94375,
        0.95,
        0.95625,
        0.9625,
        0.96875,
        0.971875,
        0.975,
        0.978125,
        0.98125,
        0.984375,
        0.985938,
        0.9875,
        0.989062,
        0.990625,
        0.992188,
        0.992969,
        0.99375,
        0.994531,
        0.995313,
        0.996094,
        0.996484,
        0.996875,
        0.997266,
        0.997656,
        0.998047,
        0.998242,
        0.998437,
        0.998633,
        0.998828,
        0.999023,
        0.999121,
        0.999219,
        0.999316,
        0.999414,
        0.999512,
        0.999561,
        0.999609,
        0.999658,
        0.999707,
        0.999756,
        0.99978,
        0.999805,
        0.999829,
        0.999854,
        0.999878,
        0.99989,
        0.999902,
        0.999915,
        0.999927,
        0.999939,
        0.999945,
        0.999951,
        0.999957,
        0.999963,
        0.999969,
        0.999973,
        0.999976,
        0.999979,
        0.999982,
        0.999985,
        0.999986,
        0.999988,
        0.999989,
        0.999991,
        0.999992,
        0.999993,
        0.999994,
        0.999995,
        1.0
      ]
    },
    {
      "Values": [
        100,
        112,
        114,
        115,
        115,
        116,
        116,
        117,
        118,
        119,
        120,
        120,
        121,
        121,
        121,
        122,
        122,
        122,
        122,
        123,
        123,
        123,
        123,
        124,
        124,
        125,
        125,
        126,
        127,
        128,
        132,
        135,
        140,
        147,
        157,
        169,
        176,
        186,
        198,
        213,
        225,
        232,
        238,
        246,
        254,
        268,
        278,
        298,
        311,
        340,
        365,
        374,
        387,
        404,
        417,
        436,
        459,
        478,
        517,
        592,
        662,
        881,
        984,
        1288,
        1982,
        2831,
        3063,
        3103,
        3567,
        3713,
        3839,
        3897,
        3979,
        4511,
        4515,
        4523,
        5255,
        5255,
        5399,
        5399,
        6375,
        6375,
        6375,
        8735,
        8735,
        8735,
        8735,
        8735,
        10183,
        10183
      ],
      "Percentiles": [
        0.0,
        0.1,
        0.2,
        0.3,
        0.4,
        0.5,
        0.55,
        0.6,
        0.65,
        0.7,
        0.75,
        0.775,
        0.8,
        0.825,
        0.85,
        0.875,
        0.8875,
        0.9,
        0.9125,
        0.925,
        0.9375,
        0.94375,
        0.95,
        0.95625,
        0.9625,
        0.96875,
        0.971875,
        0.975,
        0.978125,
        0.98125,
        0.984375,
        0.985938,
        0.9875,
        0.989062,
        0.990625,
        0.992188,
        0.992969,
        0.99375,
        0.994531,
        0.995313,
        0.996094,
        0.996484,
        0.996875,
        0.997266,
        0.997656,
        0.998047,
        0.998242,
        0.998437,
        0.998633,
        0.998828,
        0.999023,
        0.999121,
        0.999219,
        0.999316,
        0.999414,
        0.999512,
        0.999561,
        0.999609,
        0.999658,
        0.999707,
        0.999756,
        0.99978,
        0.999805,
        0.999829,
        0.999854,
        0.999878,
        0.99989,
        0.999902,
        0.999915,
        0.999927,
        0.999939,
        0.999945,
        0.999951,
        0.999957,
        0.999963,
        0.999969,
        0.999973,
        0.999976,
        0.999979,
        0.999982,
        0.999985,
        0.999986,
        0.999988,
        0.999989,
        0.999991,
        0.999992,
        0.999993,
        0.999994,
        0.999995,
        1.0
      ]
    },
    {
      "Values": [
        104,
        114,
        116,
        118,
        120,
        121,
        121,
        121,
        122,
        122,
        122,
        123,
        123,
        124,
        125,
        125,
        126,
        126,
        127,
        127,
        128,
        128,
        128,
        129,
        129,
        130,
        130,
        131,
        133,
        135,
        139,
        142,
        145,
        150,
        157,
        167,
        172,
        177,
        182,
        191,
        203,
        212,
        220,
        229,
        243,
        258,
        268,
        275,
        285,
        298,
        314,
        323,
        334,
        350,
        363,
        379,
        387,
        402,
        421,
        456,
        516,
        641,
        702,
        799,
        1470,
        2489,
        3553,
        4695,
        5015,
        5111,
        5251,
        5335,
        5495,
        5515,
        5683,
        6419,
        6419,
        7903,
        7903,
        8991,
        8991,
        8991,
        10183,
        10183,
        10183,
        10183,
        10183,
        10207,
        10207
      ],