{
  "rps-quic": [
    "872",
    "926",
    "957",
    "993",
    "1048",
    "1932",
    "3080",
    "3185",
    "107288",
    "811",
    "900",
    "933",
    "1175",
    "1267",
    "1853",
    "2882",
    "3082",
    "109857",
    "862",
    "934",
    "961",
    "1007",
    "1118",
    "1911",
    "2617",
    "2718",
    "106346"
  ],
  "latency-quic-lat": [
    {
      "Values": [
        39,
        40,
        40,
        40,
        40,
        41,
        41,
        41,
        41,
        41,
        47,
        47,
        47,
        47,
        48,
        48,
        48,
        48,
        48,
        48,
        48,
        48,
        48,
        48,
        48,
        49,
        49,
        49,
        49,
        49,
        49,
        49,
        50,
        51,
        52,
        54,
        55,
        57,
        59,
        62,
        65,
        65,
        66,
        68,
        70,
        72,
        73,
        74,
        75,
        77,
        80,
        81,
        83,
        85,
        89,
        100,
        130,
        256,
        261,
        266,
        272,
        274,
        277,
        280,
        282,
        285,
        286,
        289,
        291,
        292,
        293,
        293,
        294,
        297,
        298,
        298,
        300,
        300,
        303,
        304,
        306,
        306,
        323,
        323,
        323,
        336,
        336,
        534,
        534,
        534,
        682,
        682,
        682,
        682,
        682,
        1377,
        1377
      ],
      "Percentiles": [
        0.0,
        0.1,
        0.2,
        0.3,
        0.4,
        0.5,
        0.55,
        0.6,
        0.65,
        0.7,
        0.75,
        0.775,
        0.8,
        0.825,
        0.85,
        0.875,
        0.8875,
        0.9,
        0.9125,
        0.925,
        0.9375,
        0.94375,
        0.95,
        0.95625,
        0.9625,
        0.96875,
        0.971875,
        0.975,
        0.978125,
        0.98125,
        0.984375,
        0.985938,
        0.9875,
        0.989062,
        0.990625,
        0.992188,
        0.992969,
        0.99375,
        0.994531,
        0.995313,
        0.996094,
        0.996484,
        0.996875,
        0.997266,
        0.997656,
        0.998047,
        0.998242,
        0.998437,
        0.998633,
        0.998828,
        0.999023,
        0.999121,
        0.999219,
        0.999316,
        0.999414,
        0.999512,
        0.999561,
        0.999609,
        0.999658,
        0.999707,
        0.999756,
        0.99978,
        0.999805,
        0.999829,
        0.999854,
        0.999878,
        0.99989,
        0.999902,
        0.999915,
        0.999927,
        0.999939,
        0.999945,
        0.999951,
        0.999957,
        0.999963,
        0.999969,
        0.999973,
        0.999976,
        0.999979,
        0.999982,
        0.999985,
        0.999986,
        0.999988,
        0.999989,
        0.999991,
        0.999992,
        0.999993,
        0.999994,
        0.999995,
        0.999995,
        0.999996,
        0.999997,
        0.999997,
        0.999997,
        0.999998,
        0.999998,
        1.0
      ]
    },
    {
      "Values": [
        41,
        43,
        43,
        43,
        43,
        43,
        43,
        44,
        44,
        44,
        44,
        44,
        44,
        44,
        44,
        44,
        44,
        45,
        45,
        48,
        50,
        50,
        50,
        50,
        50,
        51,
        51,
        51,
        51,
        51,
        51,
        51,
        51,
        52,
        52,
        53,
        55,
        56,
        57,
        58,
        61,
        63,
        64,
        66,
        68,
        70,
        71,
        72,
        74,
        75,
        76,
        77,
        78,
        79,
        80,
        81,
        82,
        84,
        85,
        89,
        95,
        100,
        106,
        113,
        120,
        128,
        136,
        145,
        148,
        159,
        173,
        187,
        202,
        218,
        231,
        308,
        324,
        447,
        466,
        472,
        528,
        528,
        602,
        699,
        699,
        1061,
        1061,
        1071,
        1071,
        1071,
        1073,
        1073,
        1073,
        1073,
        1073,
        2477,
        2477
      ],
      "Percentiles": [
        0.0,
        0.1,
        0.2,
        0.3,
        0.4,
        0.5,
        0.55,
        0.6,
        0.65,
        0.7,
        0.75,
        0.775,
        0.8,
        0.825,
        0.85,
        0.875,
        0.8875,
        0.9,
        0.9125,
        0.925,
        0.9375,
        0.94375,
        0.95,
        0.95625,
        0.9625,
        0.96875,
        0.971875,
        0.975,
        0.978125,
        0.98125,
        0.984375,
        0.985938,
        0.9875,
        0.989062,
        0.990625,
        0.992188,
        0.992969,
        0.99375,
        0.994531,
        0.995313,
        0.996094,
        0.996484,
        0.996875,
        0.997266,
        0.997656,
        0.998047,
        0.998242,
        0.998437,
        0.998633,
        0.998828,
        0.999023,
        0.999121,
        0.999219,
        0.999316,
        0.999414,
        0.999512,
        0.999561,
        0.999609,
        0.999658,
        0.999707,
        0.999756,
        0.99978,
        0.999805,
        0.999829,
        0.999854,
        0.999878,
        0.99989,
        0.999902,
        0.999915,
        0.999927,
        0.999939,
        0.999945,
        0.999951,
        0.999957,
        0.999963,
        0.999969,
        0.999973,
        0.999976,
        0.999979,
        0.999982,
        0.999985,
        0.999986,
        0.999988,
        0.999989,
        0.999991,
        0.999992,
        0.999993,
        0.999994,
        0.999995,
        0.999995,
        0.999996,
        0.999997,
        0.999997,
        0.999997,
        0.999998,
        0.999998,
        1.0
      ]
    },
    {
      "Values": [
        44,
        48,
        49,
        50,
        57,
        57,
        57,
        57,
        57,
        58,
        58,
        59,
        59,
        59,
        59,
        59,
        59,
        59,
        59,
        59,
        60,
        60,
        60,
        60,
        60,
        60,
        60,
        61,
        61,
        62,
        63,
        63,
        64,
        65,
        66,
        68,
        71,
        73,
        76,
        80,
        83,
        86,
        90,
        93,
        100,
        174,
        255,
        261,
        266,
        270,
        275,
        277,
        279,
        282,
        284,
        286,
        287,
        288,
        288,
        290,
        292,
        292,
        293,
        295,
        297,
        301,
        303,
        307,
        323,
        332,
        349,
        396,
        446,
        823,
        1199,
        1624,
        1688,
        1699,
        2021,
        2059,
        2115,
        2173,
        2173,
        2437,
        2437,
        2819,
        2819,
        2819,
        6811,
        6811,
        6811,
        6811,
        6811,
        7811,
        7811
      ],