{
  "tput-up-quic": [
    "6278938",
    "7937698",
    "8286560"
  ],
  "rps-up-512-down-4000-quic-lat": [
    {
      "Values": [
        49,
        57,
        58,
        60,
        62,
        65,
        66,
        68,
        70,
        72,
        73,
        74,
        75,
        76,
        77,
        78,
        79,
        80,
        81,
        83,
        85,
        87,
        89,
        93,
        99,
        112,
        143,
        190,
        204,
        213,
        248,
        422,
        485,
        511,
        524,
        535,
        537,
        540,
        543,
        547,
        559,
        574,
        585,
        594,
        600,
        603,
        606,
        609,
        613,
        619,
        626,
        632,
        646,
        660,
        682,
        720,
        765,
        824,
        884,
        958,
        1037,
        1055,
        1117,
        1159,
        1218,
        1308,
        1318,
        1374,
        1453,
        1477,
        1891,
        2077,
        2137,
        2145,
        2313,
        3245,
        3245,
        3825,
        3873,
        4395,
        5107,
        5107,
        5107,
        5131,
        5131,
        5231,
        5231,
        5231,
        5231,
        5231,
        5667,
        5667
      ],
      "Percentiles": [
        0.0,
        0.1,
        0.2,
        0.3,
        0.4,
        0.5,
        0.55,
        0.6,
        0.65,
        0.7,
        0.75,
        0.775,
        0.8,
        0.825,
        0.85,
        0.875,
        0.8875,
        0.9,
        0.9125,
        0.925,
        0.9375,
        0.94375,
        0.95,
        0.95625,
        0.9625,
        0.96875,
        0.971875,
        0.975,
        0.978125,
        0.98125,
        0.984375,
        0.985938,
        0.9875,
        0.989062,
        0.990625,
        0.992188,
        0.992969,
        0.99375,
        0.994531,
        0.995313,
        0.996094,
        0.996484,
        0.996875,
        0.997266,
        0.997656,
        0.998047,
        0.998242,
        0.998437,
        0.998633,
        0.998828,
        0.999023,
        0.999121,
        0.999219,
        0.999316,
        0.999414,
        0.999512,
        0.999561,
        0.999609,
        0.999658,
        0.999707,
        0.999756,
        0.99978,
        0.999805,
        0.999829,
        0.999854,
        0.999878,
        0.99989,
        0.999902,
        0.999915,
        0.999927,
        0.999939,
        0.999945,
        0.999951,
        0.999957,
        0.999963,
        0.999969,
        0.999973,
        0.999976,
        0.999979,
        0.999982,
        0.999985,
        0.999986,
        0.999988,
        0.999989,
        0.999991,
        0.999992,
        0.999993,
        0.999994,
        0.999995,
        0.999995,
        0.999996,
        1.0
      ]
    },
    {
      "Values": [
        47,
        54,
        56,
        57,
        58,
        60,
        60,
        61,
        62,
        63,
        64,
        64,
        65,
        66,
        66,
        67,
        68,
        69,
        69,
        70,
        71,
        72,
        72,
        73,
        74,
        76,
        77,
        78,
        80,
        84,
        88,
        92,
        94,
        97,
        102,
        110,
        116,
        124,
        140,
        165,
        176,
        179,
        183,
        188,
        193,
        198,
        200,
        202,
        206,
        212,
        226,
        231,
        243,
        264,
        286,
        319,
        336,
        358,
        383,
        405,
        434,
        471,
        501,
        526,
        599,
        633,
        670,
        720,
        732,
        815,
        990,
        1110,
        1206,
        1397,
        1845,
        2261,
        2293,
        2389,
        2407,
        2433,
        2575,
        2575,
        2589,
        2589,
        2631,
        2631,
        2631,
        3083,
        3083,
        3083,
        3083,
        3083,
        3781,
        3781
      ],
      "Percentiles": [
        0.0,
        0.1,
        0.2,
        0.3,
        0.4,
        0.5,
        0.55,
        0.6,
        0.65,
        0.7,
        0.75,
        0.775,
        0.8,
        0.825,
        0.85,
        0.875,
        0.8875,
        0.9,
        0.9125,
        0.925,
        0.9375,
        0.94375,
        0.95,
        0.95625,
        0.9625,
        0.96875,
        0.971875,
        0.975,
        0.978125,
        0.98125,
        0.984375,
        0.985938,
        0.9875,
        0.989062,
        0.990625,
        0.992188,
        0.992969,
        0.99375,
        0.994531,
        0.995313,
        0.996094,
        0.996484,
        0.996875,
        0.997266,
        0.997656,
        0.998047,
        0.998242,
        0.998437,
        0.998633,
        0.998828,
        0.999023,
        0.999121,
        0.999219,
        0.999316,
        0.999414,
        0.999512,
        0.999561,
        0.999609,
        0.999658,
        0.999707,
        0.999756,
        0.99978,
        0.999805,
        0.999829,
        0.999854,
        0.999878,
        0.99989,
        0.999902,
        0.999915,
        0.999927,
        0.999939,
        0.999945,
        0.999951,
        0.999957,
        0.999963,
        0.999969,
        0.999973,
        0.999976,
        0.999979,
        0.999982,
        0.999985,
        0.999986,
        0.999988,
        0.999989,
        0.999991,
        0.999992,
        0.999993,
        0.999994,
        0.999995,
        0.999995,
        0.999996,
        0.999997,
        0.999997,
        1.0
      ]
    },
    {
      "Values": [
        45,
        53,
        54,
        56,
        58,
        59,
        60,
        61,
        62,
        63,
        66,
        67,
        69,
        71,
        73,
        75,
        75,
        76,
        76,
        77,
        77,
        78,
        78,
        79,
        80,
        81,
        82,
        83,
        84,
        86,
        88,
        89,
        90,
        92,
        95,
        98,
        100,
        102,
        106,
        110,
        117,
        121,
        124,
        129,
        134,
        144,
        150,
        159,
        170,
        178,
        184,
        189,
        193,
        198,
        210,
        219,
        222,
        230,
        245,
        265,
        285,
        302,
        336,
        354,
        381,
        412,
        424,
        441,
        457,
        466,
        499,
        511,
        541,
        589,
        647,
        680,
        687,
        703,
        721,
        823,
        1017,
        1017,
        1064,
        1064,
        1072,
        1072,
        1072,
        1247,
        1247,
        1247,
        1247,
        1247,
        2109,
        2109
      ],