{
  "rps-up-512-down-4000-quic-lat": [
    {
      "Values": [
        99,
        105,
        106,
        107,
        107,
        108,
        108,
        108,
        109,
        109,
        110,
        110,
        110,
        110,
        111,
        111,
        111,
        111,
        112,
        112,
        112,
        113,
        113,
        113,
        114,
        115,
        116,
        118,
        119,
        122,
        125,
        128,
        133,
        139,
        146,
        152,
        155,
        158,
        162,
        166,
        173,
        179,
        186,
        193,
        205,
        217,
        224,
        235,
        244,
        253,
        265,
        274,
        282,
        292,
        303,
        318,
        326,
        337,
        345,
        353,
        365,
        369,
        376,
        388,
        403,
        415,
        428,
        435,
        464,
        472,
        488,
        511,
        630,
        634,
        821,
        4399,
        7707,
        7707,
        9823,
        9823,
        10063,
        10063,
        10063,
        10071,
        10071,
        10071,
        10071,
        10071,
        10183,
        10183
      ],
      "Percentiles": [
        0.0,
        0.1,
        0.2,
        0.3,
        0.4,
        0.5,
        0.55,
        0.6,
        0.65,
        0.7,
        0.75,
        0.775,
        0.8,
        0.825,
        0.85,
        0.875,
        0.8875,
        0.9,
        0.9125,
        0.925,
        0.9375,
        0.94375,
        0.95,
        0.95625,
        0.9625,
        0.96875,
        0.971875,
        0.975,
        0.978125,
        0.98125,
        0.984375,
        0.985938,
        0.9875,
        0.989062,
        0.990625,
        0.992188,
        0.992969,
        0.99375,
        0.994531,
        0.995313,
        0.996094,
        0.996484,
        0.996875,
        0.997266,
        0.997656,
        0.998047,
        0.998242,
        0.998437,
        0.998633,
        0.998828,
        0.999023,
        0.999121,
        0.999219,
        0.999316,
        0.999414,
        0.999512,
        0.999561,
        0.999609,
        0.999658,
        0.999707,
        0.999756,
        0.99978,
        0.999805,
        0.999829,
        0.999854,
        0.999878,
        0.99989,
        0.999902,
        0.999915,
        0.999927,
        0.999939,
        0.999945,
        0.999951,
        0.999957,
        0.999963,
        0.999969,
        0.999973,
        0.999976,
        0.999979,
        0.999982,
        0.999985,
        0.999986,
        0.999988,
        0.999989,
        0.999991,
        0.999992,
        0.999993,
        0.999994,
        0.999995,
        1.0
      ]
    },
    {
      "Values": [
        95,
        103,
        104,
        104,
        104,
        105,
        105,
        105,
        106,
        107,
        108,
        108,
        108,
        109,
        109,
        109,
        110,
        110,
        110,
        110,
        111,
        111,
        111,
        112,
        112,
        113,
        114,
        115,
        117,
        119,
        124,
        129,
        135,
        143,
        150,
        158,
        162,
        168,
        181,
        198,
        222,
        233,
        244,
        255,
        266,
        286,
        295,
        304,
        316,
        330,
        343,
        351,
        361,
        370,
        383,
        397,
        405,
        414,
        424,
        435,
        452,
        469,
        589,
        663,
        839,
        1115,
        1117,
        1367,
        1938,
        3163,
        4263,
        4267,
        4483,
        4775,
        5467,
        6919,
        6919,
        9087,
        9111,
        9111,
        10071,
        10071,
        10071,
        10183,
        10183
      ],
      "Percentiles": [
        0.0,
        0.1,
        0.2,
        0.3,
        0.4,
        0.5,
        0.55,
        0.6,
        0.65,
        0.7,
        0.75,
        0.775,
        0.8,
        0.825,
        0.85,
        0.875,
        0.8875,
        0.9,
        0.9125,
        0.925,
        0.9375,
        0.94375,
        0.95,
        0.95625,
        0.9625,
        0.96875,
        0.971875,
        0.975,
        0.978125,
        0.98125,
        0.984375,
        0.985938,
        0.9875,
        0.989062,
        0.990625,
        0.992188,
        0.992969,
        0.99375,
        0.994531,
        0.995313,
        0.996094,
        0.996484,
        0.996875,
        0.997266,
        0.997656,
        0.998047,
        0.998242,
        0.998437,
        0.998633,
        0.998828,
        0.999023,
        0.999121,
        0.999219,
        0.999316,
        0.999414,
        0.999512,
        0.999561,
        0.999609,
        0.999658,
        0.999707,
        0.999756,
        0.99978,
        0.999805,
        0.999829,
        0.999854,
        0.999878,
        0.99989,
        0.999902,
        0.999915,
        0.999927,
        0.999939,
        0.999945,
        0.999951,
        0.999957,
        0.999963,
        0.999969,
        0.999973,
        0.999976,
        0.999979,
        0.999982,
        0.999985,
        0.999986,
        0.999988,
        0.999989,
        1.0
      ]
    },
    {
      "Values": [
        100,
        106,
        107,
        107,
        108,
        108,
        109,
        109,
        110,
        110,
        111,
        111,
        111,
        111,
        112,
        112,
        113,
        113,
        113,
        114,
        114,
        115,
        115,
        116,
        116,
        117,
        118,
        119,
        121,
        124,
        130,
        135,
        141,
        147,
        153,
        160,
        164,
        169,
        177,
        189,
        202,
        211,
        222,
        234,
        248,
        263,
        272,
        281,
        297,
        311,
        332,
        348,
        365,
        381,
        403,
        456,
        470,
        495,
        516,
        540,
        561,
        573,
        598,
        614,
        669,
        764,
        840,
        935,
        1013,
        1130,
        2147,
        2369,
        2547,
        2569,
        2581,
        2619,
        2625,
        2625,
        3905,
        3905,
        3997,
        3997,
        3997,
        4155,
        4155,
        4155,
        4155,
        4155,
        10103,
        10103
      ],