{"Values": [592, 635, 638, 642, 646, 650, 652, 654, 657, 660, 664, 666, 669, 672, 677, 683, 688, 693, 700, 708, 718, 723, 729, 739, 748, 761, 769, 782, 802, 831, 871, 898, 963, 1075, 1459, 1692, 1792, 1939, 2065, 2223, 2435, 2565, 2681, 2943, 3331, 3701, 4049, 4379, 4575, 4843, 5031, 5151, 5247, 5319, 5395, 5423, 5467, 5467, 5479, 5491, 5507, 5539, 5543, 5543, 5611, 5615, 5615, 5639, 5639, 5639, 5759, 5759, 5759, 5759, 5759, 6039, 6039], "Percentiles": [0.0, 0.1, 0.2, 0.3, 0.4, 0.5, 0.55, 0.6, 0.65, 0.7, 0.75, 0.775, 0.8, 0.825, 0.85, 0.875, 0.8875, 0.9, 0.9125, 0.925, 0.9375, 0.94375, 0.95, 0.95625, 0.9625, 0.96875, 0.971875, 0.975, 0.978125, 0.98125, 0.984375, 0.985938, 0.9875, 0.989062, 0.990625, 0.992188, 0.992969, 0.99375, 0.994531, 0.995313, 0.996094, 0.996484, 0.996875, 0.997266, 0.997656, 0.998047, 0.998242, 0.998437, 0.998633, 0.998828, 0.999023, 0.999121, 0.999219, 0.999316, 0.999414, 0.999512, 0.999561, 0.999609, 0.999658, 0.999707, 0.999756, 0.99978, 0.999805, 0.999829, 0.999854, 0.999878, 0.99989, 0.999902, 0.999915, 0.999927, 0.999939, 0.999945, 0.999951, 0.999957, 0.999963, 0.999969, 1.0]}