{"Values": [147, 193, 201, 212, 227, 248, 261, 279, 301, 330, 367, 393, 422, 454, 494, 539, 567, 599, 634, 679, 731, 761, 792, 826, 869, 925, 950, 968, 987, 1006, 1030, 1042, 1056, 1078, 1102, 1136, 1168, 1256, 1354, 1441, 1603, 1660, 1730, 1822, 1887, 1950, 1995, 2046, 2105, 2187, 2269, 2305, 2413, 2503, 2591, 4247, 4307, 4411, 4431, 4491, 4651, 4707, 4747, 4751, 4771, 4779, 4835, 4891, 4891, 4995, 5011, 5011, 5039, 5039, 5039, 5103, 5103, 5103, 5103, 5103, 5343, 5343], "Percentiles": [0.0, 0.1, 0.2, 0.3, 0.4, 0.5, 0.55, 0.6, 0.65, 0.7, 0.75, 0.775, 0.8, 0.825, 0.85, 0.875, 0.8875, 0.9, 0.9125, 0.925, 0.9375, 0.94375, 0.95, 0.95625, 0.9625, 0.96875, 0.971875, 0.975, 0.978125, 0.98125, 0.984375, 0.985938, 0.9875, 0.989062, 0.990625, 0.992188, 0.992969, 0.99375, 0.994531, 0.995313, 0.996094, 0.996484, 0.996875, 0.997266, 0.997656, 0.998047, 0.998242, 0.998437, 0.998633, 0.998828, 0.999023, 0.999121, 0.999219, 0.999316, 0.999414, 0.999512, 0.999561, 0.999609, 0.999658, 0.999707, 0.999756, 0.99978, 0.999805, 0.999829, 0.999854, 0.999878, 0.99989, 0.999902, 0.999915, 0.999927, 0.999939, 0.999945, 0.999951, 0.999957, 0.999963, 0.999969, 0.999973, 0.999976, 0.999979, 0.999982, 0.999985, 1.0]}