{"Values": [83, 103, 108, 113, 117, 123, 125, 128, 130, 133, 136, 138, 139, 141, 143, 146, 147, 148, 150, 152, 154, 155, 156, 158, 160, 162, 163, 164, 166, 168, 170, 172, 173, 175, 177, 180, 181, 183, 185, 187, 190, 192, 194, 197, 200, 204, 207, 210, 213, 217, 222, 226, 229, 235, 240, 249, 255, 261, 268, 291, 327, 359, 384, 505, 611, 657, 661, 672, 714, 875, 969, 1040, 1047, 1087, 1140, 1187, 1187, 1302, 1302, 1308, 1308, 1308, 1342, 1342], "Percentiles": [0.0, 0.1, 0.2, 0.3, 0.4, 0.5, 0.55, 0.6, 0.65, 0.7, 0.75, 0.775, 0.8, 0.825, 0.85, 0.875, 0.8875, 0.9, 0.9125, 0.925, 0.9375, 0.94375, 0.95, 0.95625, 0.9625, 0.96875, 0.971875, 0.975, 0.978125, 0.98125, 0.984375, 0.985938, 0.9875, 0.989062, 0.990625, 0.992188, 0.992969, 0.99375, 0.994531, 0.995313, 0.996094, 0.996484, 0.996875, 0.997266, 0.997656, 0.998047, 0.998242, 0.998437, 0.998633, 0.998828, 0.999023, 0.999121, 0.999219, 0.999316, 0.999414, 0.999512, 0.999561, 0.999609, 0.999658, 0.999707, 0.999756, 0.99978, 0.999805, 0.999829, 0.999854, 0.999878, 0.99989, 0.999902, 0.999915, 0.999927, 0.999939, 0.999945, 0.999951, 0.999957, 0.999963, 0.999969, 0.999973, 0.999976, 0.999979, 0.999982, 0.999985, 0.999986, 0.999988, 1.0]}