{"Values": [87, 108, 114, 120, 125, 129, 131, 133, 135, 138, 141, 142, 144, 146, 148, 151, 152, 154, 155, 158, 160, 162, 164, 166, 168, 172, 174, 177, 180, 185, 191, 196, 202, 208, 219, 232, 241, 252, 268, 293, 326, 343, 361, 382, 406, 433, 441, 454, 480, 515, 561, 588, 607, 642, 704, 776, 830, 880, 931, 1013, 1205, 1212, 1236, 1389, 1497, 1689, 1844, 1977, 2047, 2069, 2213, 2267, 2337, 2565, 2593, 2917, 2917, 3103, 3103, 5559, 5559, 5559, 6287, 6287, 6287, 6287, 6287, 8775, 8775], "Percentiles": [0.0, 0.1, 0.2, 0.3, 0.4, 0.5, 0.55, 0.6, 0.65, 0.7, 0.75, 0.775, 0.8, 0.825, 0.85, 0.875, 0.8875, 0.9, 0.9125, 0.925, 0.9375, 0.94375, 0.95, 0.95625, 0.9625, 0.96875, 0.971875, 0.975, 0.978125, 0.98125, 0.984375, 0.985938, 0.9875, 0.989062, 0.990625, 0.992188, 0.992969, 0.99375, 0.994531, 0.995313, 0.996094, 0.996484, 0.996875, 0.997266, 0.997656, 0.998047, 0.998242, 0.998437, 0.998633, 0.998828, 0.999023, 0.999121, 0.999219, 0.999316, 0.999414, 0.999512, 0.999561, 0.999609, 0.999658, 0.999707, 0.999756, 0.99978, 0.999805, 0.999829, 0.999854, 0.999878, 0.99989, 0.999902, 0.999915, 0.999927, 0.999939, 0.999945, 0.999951, 0.999957, 0.999963, 0.999969, 0.999973, 0.999976, 0.999979, 0.999982, 0.999985, 0.999986, 0.999988, 0.999989, 0.999991, 0.999992, 0.999993, 0.999994, 1.0]}