{"Values": [84, 95, 98, 110, 152, 286, 489, 981, 3513, 7035, 7439, 7479, 7591, 7611, 7623, 7655, 7747, 7899, 7967, 7979, 7991, 7995, 7999, 8003, 8007, 8011, 8011, 8015, 8015, 8019, 8019, 8019, 8023, 8023, 8027, 8031, 8031, 8031, 8035, 8035, 8039, 8039, 8043, 8047, 8051, 8051, 8051, 8051, 8055, 8059, 8059, 8059, 8063, 8063, 8063, 8063, 8063, 8067, 8067, 8067, 8067, 8067, 8067, 8067, 8067, 8119, 8119], "Percentiles": [0.0, 0.1, 0.2, 0.3, 0.4, 0.5, 0.55, 0.6, 0.65, 0.7, 0.75, 0.775, 0.8, 0.825, 0.85, 0.875, 0.8875, 0.9, 0.9125, 0.925, 0.9375, 0.94375, 0.95, 0.95625, 0.9625, 0.96875, 0.971875, 0.975, 0.978125, 0.98125, 0.984375, 0.985938, 0.9875, 0.989062, 0.990625, 0.992188, 0.992969, 0.99375, 0.994531, 0.995313, 0.996094, 0.996484, 0.996875, 0.997266, 0.997656, 0.998047, 0.998242, 0.998437, 0.998633, 0.998828, 0.999023, 0.999121, 0.999219, 0.999316, 0.999414, 0.999512, 0.999561, 0.999609, 0.999658, 0.999707, 0.999756, 0.99978, 0.999805, 0.999829, 0.999854, 0.999878, 1.0]}