{"Values": [592, 915, 949, 976, 1002, 1023, 1029, 1034, 1040, 1047, 1056, 1063, 1072, 1083, 1091, 1099, 1103, 1108, 1113, 1120, 1131, 1140, 1153, 1172, 1199, 1245, 1280, 1319, 1372, 1429, 1482, 1512, 1551, 1576, 1629, 1671, 1707, 1744, 1777, 1800, 1851, 1874, 1899, 1928, 1959, 2002, 2013, 2038, 2081, 2127, 2163, 2175, 2219, 2251, 2271, 2345, 2579, 2635, 2637, 3127, 3149, 3149, 3305, 3305, 6995, 6995, 6995, 8479, 8479, 8479, 8479, 8479, 8783, 8783], "Percentiles": [0.0, 0.1, 0.2, 0.3, 0.4, 0.5, 0.55, 0.6, 0.65, 0.7, 0.75, 0.775, 0.8, 0.825, 0.85, 0.875, 0.8875, 0.9, 0.9125, 0.925, 0.9375, 0.94375, 0.95, 0.95625, 0.9625, 0.96875, 0.971875, 0.975, 0.978125, 0.98125, 0.984375, 0.985938, 0.9875, 0.989062, 0.990625, 0.992188, 0.992969, 0.99375, 0.994531, 0.995313, 0.996094, 0.996484, 0.996875, 0.997266, 0.997656, 0.998047, 0.998242, 0.998437, 0.998633, 0.998828, 0.999023, 0.999121, 0.999219, 0.999316, 0.999414, 0.999512, 0.999561, 0.999609, 0.999658, 0.999707, 0.999756, 0.99978, 0.999805, 0.999829, 0.999854, 0.999878, 0.99989, 0.999902, 0.999915, 0.999927, 0.999939, 0.999945, 0.999951, 1.0]}