{"Values": [335, 633, 681, 705, 721, 743, 754, 765, 776, 791, 811, 824, 839, 855, 876, 897, 909, 925, 941, 961, 980, 986, 993, 1000, 1008, 1018, 1025, 1033, 1045, 1064, 1092, 1111, 1130, 1169, 1219, 1286, 1309, 1351, 1394, 1439, 1511, 1559, 1607, 1642, 1703, 1750, 1794, 1853, 1968, 2022, 2091, 2201, 2331, 2479, 2767, 3317, 3967, 4331, 4707, 4731, 4755, 4971, 4971, 6075, 6147, 6147, 7423, 7423, 7423, 9543, 9543, 9543, 9543, 9543, 42783, 42783], "Percentiles": [0.0, 0.1, 0.2, 0.3, 0.4, 0.5, 0.55, 0.6, 0.65, 0.7, 0.75, 0.775, 0.8, 0.825, 0.85, 0.875, 0.8875, 0.9, 0.9125, 0.925, 0.9375, 0.94375, 0.95, 0.95625, 0.9625, 0.96875, 0.971875, 0.975, 0.978125, 0.98125, 0.984375, 0.985938, 0.9875, 0.989062, 0.990625, 0.992188, 0.992969, 0.99375, 0.994531, 0.995313, 0.996094, 0.996484, 0.996875, 0.997266, 0.997656, 0.998047, 0.998242, 0.998437, 0.998633, 0.998828, 0.999023, 0.999121, 0.999219, 0.999316, 0.999414, 0.999512, 0.999561, 0.999609, 0.999658, 0.999707, 0.999756, 0.99978, 0.999805, 0.999829, 0.999854, 0.999878, 0.99989, 0.999902, 0.999915, 0.999927, 0.999939, 0.999945, 0.999951, 0.999957, 0.999963, 1.0]}