{"Values": [126, 154, 154, 155, 155, 155, 156, 156, 156, 157, 157, 158, 158, 158, 159, 160, 160, 161, 162, 164, 171, 175, 177, 179, 180, 182, 183, 186, 187, 190, 199, 207, 215, 227, 241, 257, 267, 277, 291, 308, 326, 336, 351, 365, 380, 397, 413, 439, 471, 490, 528, 545, 572, 606, 676, 711, 751, 794, 868, 1020, 1093, 1115, 1144, 1192, 1263, 1484, 1772, 2017, 2117, 2187, 2607, 3427, 3427, 3621, 3769, 3997, 3997, 3997, 4023, 4023, 4039, 4039, 4039, 4039, 4039, 4107, 4107], "Percentiles": [0.0, 0.1, 0.2, 0.3, 0.4, 0.5, 0.55, 0.6, 0.65, 0.7, 0.75, 0.775, 0.8, 0.825, 0.85, 0.875, 0.8875, 0.9, 0.9125, 0.925, 0.9375, 0.94375, 0.95, 0.95625, 0.9625, 0.96875, 0.971875, 0.975, 0.978125, 0.98125, 0.984375, 0.985938, 0.9875, 0.989062, 0.990625, 0.992188, 0.992969, 0.99375, 0.994531, 0.995313, 0.996094, 0.996484, 0.996875, 0.997266, 0.997656, 0.998047, 0.998242, 0.998437, 0.998633, 0.998828, 0.999023, 0.999121, 0.999219, 0.999316, 0.999414, 0.999512, 0.999561, 0.999609, 0.999658, 0.999707, 0.999756, 0.99978, 0.999805, 0.999829, 0.999854, 0.999878, 0.99989, 0.999902, 0.999915, 0.999927, 0.999939, 0.999945, 0.999951, 0.999957, 0.999963, 0.999969, 0.999973, 0.999976, 0.999979, 0.999982, 0.999985, 0.999986, 0.999988, 0.999989, 0.999991, 0.999992, 1.0]}