{"Values": [129, 241, 533, 591, 620, 664, 690, 729, 752, 773, 787, 791, 794, 798, 802, 807, 810, 813, 817, 823, 829, 834, 839, 846, 857, 873, 881, 891, 905, 924, 952, 975, 1000, 1041, 1092, 1159, 1200, 1228, 1289, 1367, 1439, 1536, 1573, 1618, 1660, 1750, 1788, 1875, 1969, 1987, 2010, 2020, 2034, 2085, 2203, 2453, 2767, 2851, 2855, 3809, 4475, 4491, 4491, 4519, 5599, 5715, 5715, 5715, 5855, 5855, 7603, 7603, 7603, 7603, 7603, 41407, 41407], "Percentiles": [0.0, 0.1, 0.2, 0.3, 0.4, 0.5, 0.55, 0.6, 0.65, 0.7, 0.75, 0.775, 0.8, 0.825, 0.85, 0.875, 0.8875, 0.9, 0.9125, 0.925, 0.9375, 0.94375, 0.95, 0.95625, 0.9625, 0.96875, 0.971875, 0.975, 0.978125, 0.98125, 0.984375, 0.985938, 0.9875, 0.989062, 0.990625, 0.992188, 0.992969, 0.99375, 0.994531, 0.995313, 0.996094, 0.996484, 0.996875, 0.997266, 0.997656, 0.998047, 0.998242, 0.998437, 0.998633, 0.998828, 0.999023, 0.999121, 0.999219, 0.999316, 0.999414, 0.999512, 0.999561, 0.999609, 0.999658, 0.999707, 0.999756, 0.99978, 0.999805, 0.999829, 0.999854, 0.999878, 0.99989, 0.999902, 0.999915, 0.999927, 0.999939, 0.999945, 0.999951, 0.999957, 0.999963, 0.999969, 1.0]}