{"Values": [572, 585, 588, 591, 594, 598, 600, 603, 607, 615, 634, 642, 646, 649, 652, 656, 657, 659, 662, 665, 670, 672, 676, 680, 685, 696, 704, 716, 730, 751, 787, 807, 832, 864, 914, 996, 1052, 1146, 1332, 1577, 1807, 1921, 2147, 2513, 2613, 2909, 3043, 3181, 3347, 3751, 3893, 4019, 4447, 5035, 5067, 5203, 5215, 5427, 5459, 5471, 5491, 5491, 5499, 5511, 5515, 5583, 5583, 5583, 5759, 5759, 5955, 5955, 5955, 5955, 5955, 7195, 7195], "Percentiles": [0.0, 0.1, 0.2, 0.3, 0.4, 0.5, 0.55, 0.6, 0.65, 0.7, 0.75, 0.775, 0.8, 0.825, 0.85, 0.875, 0.8875, 0.9, 0.9125, 0.925, 0.9375, 0.94375, 0.95, 0.95625, 0.9625, 0.96875, 0.971875, 0.975, 0.978125, 0.98125, 0.984375, 0.985938, 0.9875, 0.989062, 0.990625, 0.992188, 0.992969, 0.99375, 0.994531, 0.995313, 0.996094, 0.996484, 0.996875, 0.997266, 0.997656, 0.998047, 0.998242, 0.998437, 0.998633, 0.998828, 0.999023, 0.999121, 0.999219, 0.999316, 0.999414, 0.999512, 0.999561, 0.999609, 0.999658, 0.999707, 0.999756, 0.99978, 0.999805, 0.999829, 0.999854, 0.999878, 0.99989, 0.999902, 0.999915, 0.999927, 0.999939, 0.999945, 0.999951, 0.999957, 0.999963, 0.999969, 1.0]}