{"Values": [287, 525, 648, 776, 821, 859, 873, 884, 892, 899, 907, 911, 916, 921, 925, 930, 933, 937, 942, 949, 957, 964, 971, 979, 989, 1000, 1006, 1015, 1021, 1030, 1043, 1050, 1060, 1073, 1092, 1120, 1157, 1191, 1223, 1280, 1342, 1371, 1400, 1479, 1529, 1582, 1591, 1628, 1664, 1728, 1764, 1775, 1784, 1834, 1839, 1867, 1883, 1891, 1929, 1941, 1989, 2036, 2183, 2183, 2243, 2243, 4667, 4667, 4667, 4795, 4795, 4795, 4795, 4795, 7995, 7995], "Percentiles": [0.0, 0.1, 0.2, 0.3, 0.4, 0.5, 0.55, 0.6, 0.65, 0.7, 0.75, 0.775, 0.8, 0.825, 0.85, 0.875, 0.8875, 0.9, 0.9125, 0.925, 0.9375, 0.94375, 0.95, 0.95625, 0.9625, 0.96875, 0.971875, 0.975, 0.978125, 0.98125, 0.984375, 0.985938, 0.9875, 0.989062, 0.990625, 0.992188, 0.992969, 0.99375, 0.994531, 0.995313, 0.996094, 0.996484, 0.996875, 0.997266, 0.997656, 0.998047, 0.998242, 0.998437, 0.998633, 0.998828, 0.999023, 0.999121, 0.999219, 0.999316, 0.999414, 0.999512, 0.999561, 0.999609, 0.999658, 0.999707, 0.999756, 0.99978, 0.999805, 0.999829, 0.999854, 0.999878, 0.99989, 0.999902, 0.999915, 0.999927, 0.999939, 0.999945, 0.999951, 0.999957, 0.999963, 1.0]}