{
    "Values": [
        181,
        218,
        230,
        243,
        258,
        278,
        290,
        306,
        324,
        348,
        373,
        386,
        400,
        416,
        435,
        460,
        473,
        489,
        507,
        531,
        557,
        573,
        590,
        611,
        637,
        669,
        689,
        712,
        734,
        765,
        806,
        828,
        860,
        890,
        923,
        968,
        993,
        1025,
        1060,
        1109,
        1160,
        1230,
        1336,
        1435,
        1497,
        1613,
        1667,
        1727,
        1794,
        1935,
        2087,
        2157,
        2265,
        2525,
        2889,
        3411,
        3505,
        3733,
        3947,
        4085,
        4303,
        4359,
        4567,
        4599,
        4991,
        5023,
        5031,
        5039,
        5039,
        5063,
        5087,
        5087,
        5239,
        5239,
        5239,
        5443,
        5443,
        5443,
        5443,
        5443,
        5467,
        5467
    ],
    "Percentiles": [
        0.0,
        0.1,
        0.2,
        0.3,
        0.4,
        0.5,
        0.55,
        0.6,
        0.65,
        0.7,
        0.75,
        0.775,
        0.8,
        0.825,
        0.85,
        0.875,
        0.8875,
        0.9,
        0.9125,
        0.925,
        0.9375,
        0.94375,
        0.95,
        0.95625,
        0.9625,
        0.96875,
        0.971875,
        0.975,
        0.978125,
        0.98125,
        0.984375,
        0.985938,
        0.9875,
        0.989062,
        0.990625,
        0.992188,
        0.992969,
        0.99375,
        0.994531,
        0.995313,
        0.996094,
        0.996484,
        0.996875,
        0.997266,
        0.997656,
        0.998047,
        0.998242,
        0.998437,
        0.998633,
        0.998828,
        0.999023,
        0.999121,
        0.999219,
        0.999316,
        0.999414,
        0.999512,
        0.999561,
        0.999609,
        0.999658,
        0.999707,
        0.999756,
        0.99978,
        0.999805,
        0.999829,
        0.999854,
        0.999878,
        0.99989,
        0.999902,
        0.999915,
        0.999927,
        0.999939,
        0.999945,
        0.999951,
        0.999957,
        0.999963,
        0.999969,
        0.999973,
        0.999976,
        0.999979,
        0.999982,
        0.999985,
        1.0
    ]
}