{"Values": [630, 652, 655, 659, 663, 669, 673, 678, 685, 699, 733, 756, 765, 770, 773, 776, 777, 779, 781, 784, 788, 791, 794, 798, 805, 816, 822, 833, 848, 866, 889, 903, 922, 947, 971, 1023, 1058, 1110, 1159, 1219, 1280, 1349, 1461, 1513, 1582, 1688, 1736, 1807, 1847, 1934, 1965, 2069, 2115, 2159, 2251, 2369, 2387, 2635, 2777, 2805, 3083, 3083, 3135, 3345, 3345, 3693, 3693, 3951, 3951, 3951, 4135, 4135, 4135, 4135, 4135, 5395, 5395], "Percentiles": [0.0, 0.1, 0.2, 0.3, 0.4, 0.5, 0.55, 0.6, 0.65, 0.7, 0.75, 0.775, 0.8, 0.825, 0.85, 0.875, 0.8875, 0.9, 0.9125, 0.925, 0.9375, 0.94375, 0.95, 0.95625, 0.9625, 0.96875, 0.971875, 0.975, 0.978125, 0.98125, 0.984375, 0.985938, 0.9875, 0.989062, 0.990625, 0.992188, 0.992969, 0.99375, 0.994531, 0.995313, 0.996094, 0.996484, 0.996875, 0.997266, 0.997656, 0.998047, 0.998242, 0.998437, 0.998633, 0.998828, 0.999023, 0.999121, 0.999219, 0.999316, 0.999414, 0.999512, 0.999561, 0.999609, 0.999658, 0.999707, 0.999756, 0.99978, 0.999805, 0.999829, 0.999854, 0.999878, 0.99989, 0.999902, 0.999915, 0.999927, 0.999939, 0.999945, 0.999951, 0.999957, 0.999963, 0.999969, 1.0]}