{"Values": [191, 246, 256, 264, 272, 281, 288, 295, 303, 314, 328, 337, 348, 361, 378, 396, 407, 418, 432, 445, 459, 467, 475, 485, 498, 515, 523, 535, 547, 564, 583, 594, 610, 623, 641, 668, 687, 705, 725, 759, 807, 844, 936, 1082, 1609, 1851, 1907, 2009, 2075, 2123, 2195, 2215, 2249, 2293, 2365, 2467, 2511, 2595, 2795, 4547, 4675, 4747, 4751, 4803, 4895, 4955, 4963, 4963, 4999, 5015, 5047, 5047, 5047, 5047, 5047, 5063, 5063, 5063, 5063, 5063, 5511, 5511], "Percentiles": [0.0, 0.1, 0.2, 0.3, 0.4, 0.5, 0.55, 0.6, 0.65, 0.7, 0.75, 0.775, 0.8, 0.825, 0.85, 0.875, 0.8875, 0.9, 0.9125, 0.925, 0.9375, 0.94375, 0.95, 0.95625, 0.9625, 0.96875, 0.971875, 0.975, 0.978125, 0.98125, 0.984375, 0.985938, 0.9875, 0.989062, 0.990625, 0.992188, 0.992969, 0.99375, 0.994531, 0.995313, 0.996094, 0.996484, 0.996875, 0.997266, 0.997656, 0.998047, 0.998242, 0.998437, 0.998633, 0.998828, 0.999023, 0.999121, 0.999219, 0.999316, 0.999414, 0.999512, 0.999561, 0.999609, 0.999658, 0.999707, 0.999756, 0.99978, 0.999805, 0.999829, 0.999854, 0.999878, 0.99989, 0.999902, 0.999915, 0.999927, 0.999939, 0.999945, 0.999951, 0.999957, 0.999963, 0.999969, 0.999973, 0.999976, 0.999979, 0.999982, 0.999985, 1.0]}