{
    "Values": [
        651,
        914,
        939,
        955,
        968,
        986,
        997,
        1009,
        1018,
        1024,
        1033,
        1039,
        1047,
        1057,
        1070,
        1079,
        1082,
        1085,
        1090,
        1096,
        1106,
        1118,
        1139,
        1174,
        1223,
        1304,
        1340,
        1392,
        1434,
        1474,
        1524,
        1554,
        1590,
        1613,
        1649,
        1689,
        1721,
        1754,
        1780,
        1824,
        1868,
        1885,
        1894,
        1939,
        1976,
        2023,
        2053,
        2093,
        2119,
        2153,
        2173,
        2181,
        2205,
        2243,
        2301,
        2377,
        2421,
        2427,
        2435,
        2457,
        2515,
        2515,
        2813,
        2813,
        4367,
        4367,
        4367,
        4395,
        4395,
        4395,
        4395,
        4395,
        4987,
        4987
    ],
    "Percentiles": [
        0.0,
        0.1,
        0.2,
        0.3,
        0.4,
        0.5,
        0.55,
        0.6,
        0.65,
        0.7,
        0.75,
        0.775,
        0.8,
        0.825,
        0.85,
        0.875,
        0.8875,
        0.9,
        0.9125,
        0.925,
        0.9375,
        0.94375,
        0.95,
        0.95625,
        0.9625,
        0.96875,
        0.971875,
        0.975,
        0.978125,
        0.98125,
        0.984375,
        0.985938,
        0.9875,
        0.989062,
        0.990625,
        0.992188,
        0.992969,
        0.99375,
        0.994531,
        0.995313,
        0.996094,
        0.996484,
        0.996875,
        0.997266,
        0.997656,
        0.998047,
        0.998242,
        0.998437,
        0.998633,
        0.998828,
        0.999023,
        0.999121,
        0.999219,
        0.999316,
        0.999414,
        0.999512,
        0.999561,
        0.999609,
        0.999658,
        0.999707,
        0.999756,
        0.99978,
        0.999805,
        0.999829,
        0.999854,
        0.999878,
        0.99989,
        0.999902,
        0.999915,
        0.999927,
        0.999939,
        0.999945,
        0.999951,
        1.0
    ]
}