{"Values": [322, 642, 685, 708, 732, 753, 761, 769, 777, 787, 800, 809, 819, 831, 845, 863, 873, 878, 882, 889, 898, 904, 910, 917, 924, 933, 940, 951, 962, 975, 990, 999, 1014, 1028, 1052, 1083, 1111, 1157, 1189, 1262, 1359, 1405, 1480, 1514, 1556, 1607, 1623, 1642, 1666, 1726, 1760, 1798, 1809, 1812, 1884, 2141, 2169, 2235, 2309, 2425, 2427, 5547, 5547, 6279, 6339, 6339, 6751, 6751, 6751, 8687, 8687, 8687, 8687, 8687, 9111, 9111], "Percentiles": [0.0, 0.1, 0.2, 0.3, 0.4, 0.5, 0.55, 0.6, 0.65, 0.7, 0.75, 0.775, 0.8, 0.825, 0.85, 0.875, 0.8875, 0.9, 0.9125, 0.925, 0.9375, 0.94375, 0.95, 0.95625, 0.9625, 0.96875, 0.971875, 0.975, 0.978125, 0.98125, 0.984375, 0.985938, 0.9875, 0.989062, 0.990625, 0.992188, 0.992969, 0.99375, 0.994531, 0.995313, 0.996094, 0.996484, 0.996875, 0.997266, 0.997656, 0.998047, 0.998242, 0.998437, 0.998633, 0.998828, 0.999023, 0.999121, 0.999219, 0.999316, 0.999414, 0.999512, 0.999561, 0.999609, 0.999658, 0.999707, 0.999756, 0.99978, 0.999805, 0.999829, 0.999854, 0.999878, 0.99989, 0.999902, 0.999915, 0.999927, 0.999939, 0.999945, 0.999951, 0.999957, 0.999963, 1.0]}