{
    "Values": [
        932,
        1160,
        1207,
        1237,
        1263,
        1285,
        1297,
        1309,
        1320,
        1331,
        1340,
        1346,
        1352,
        1360,
        1369,
        1384,
        1391,
        1398,
        1406,
        1416,
        1430,
        1441,
        1455,
        1478,
        1522,
        1588,
        1639,
        1699,
        1745,
        1824,
        1921,
        1965,
        2021,
        2089,
        2153,
        2225,
        2329,
        2375,
        2491,
        2581,
        2761,
        2815,
        2915,
        3023,
        3173,
        3277,
        3341,
        3471,
        3649,
        4175,
        4503,
        4727,
        6271,
        6471,
        7267,
        7779,
        7815,
        8279,
        8279,
        8359,
        8599,
        8599,
        8775,
        8775,
        8775,
        9607,
        9607,
        9607,
        9607,
        9607,
        10591,
        10591
    ],
    "Percentiles": [
        0.0,
        0.1,
        0.2,
        0.3,
        0.4,
        0.5,
        0.55,
        0.6,
        0.65,
        0.7,
        0.75,
        0.775,
        0.8,
        0.825,
        0.85,
        0.875,
        0.8875,
        0.9,
        0.9125,
        0.925,
        0.9375,
        0.94375,
        0.95,
        0.95625,
        0.9625,
        0.96875,
        0.971875,
        0.975,
        0.978125,
        0.98125,
        0.984375,
        0.985938,
        0.9875,
        0.989062,
        0.990625,
        0.992188,
        0.992969,
        0.99375,
        0.994531,
        0.995313,
        0.996094,
        0.996484,
        0.996875,
        0.997266,
        0.997656,
        0.998047,
        0.998242,
        0.998437,
        0.998633,
        0.998828,
        0.999023,
        0.999121,
        0.999219,
        0.999316,
        0.999414,
        0.999512,
        0.999561,
        0.999609,
        0.999658,
        0.999707,
        0.999756,
        0.99978,
        0.999805,
        0.999829,
        0.999854,
        0.999878,
        0.99989,
        0.999902,
        0.999915,
        0.999927,
        0.999939,
        1.0
    ]
}