{"Values": [464, 496, 508, 545, 593, 598, 600, 601, 603, 606, 608, 610, 612, 615, 619, 623, 626, 630, 636, 646, 664, 677, 694, 713, 747, 799, 838, 869, 888, 926, 1009, 1086, 1177, 1345, 1543, 1787, 1870, 1976, 2111, 2345, 2631, 2781, 3091, 3337, 3621, 3971, 4371, 4675, 4967, 5151, 5335, 5371, 5375, 5395, 5415, 5447, 5463, 5475, 5479, 5495, 5507, 5523, 5523, 5559, 5679, 5679, 5855, 5855, 7695, 7695, 7695, 7847, 7847, 7847, 7847, 7847, 9655, 9655], "Percentiles": [0.0, 0.1, 0.2, 0.3, 0.4, 0.5, 0.55, 0.6, 0.65, 0.7, 0.75, 0.775, 0.8, 0.825, 0.85, 0.875, 0.8875, 0.9, 0.9125, 0.925, 0.9375, 0.94375, 0.95, 0.95625, 0.9625, 0.96875, 0.971875, 0.975, 0.978125, 0.98125, 0.984375, 0.985938, 0.9875, 0.989062, 0.990625, 0.992188, 0.992969, 0.99375, 0.994531, 0.995313, 0.996094, 0.996484, 0.996875, 0.997266, 0.997656, 0.998047, 0.998242, 0.998437, 0.998633, 0.998828, 0.999023, 0.999121, 0.999219, 0.999316, 0.999414, 0.999512, 0.999561, 0.999609, 0.999658, 0.999707, 0.999756, 0.99978, 0.999805, 0.999829, 0.999854, 0.999878, 0.99989, 0.999902, 0.999915, 0.999927, 0.999939, 0.999945, 0.999951, 0.999957, 0.999963, 0.999969, 0.999973, 1.0]}