{
    "Values": [
        206,
        266,
        283,
        300,
        318,
        341,
        355,
        371,
        391,
        414,
        441,
        455,
        472,
        490,
        510,
        534,
        548,
        565,
        583,
        606,
        634,
        652,
        674,
        696,
        722,
        750,
        768,
        786,
        809,
        836,
        869,
        893,
        915,
        943,
        974,
        1010,
        1036,
        1069,
        1111,
        1188,
        1307,
        1371,
        1430,
        1523,
        1619,
        1735,
        1765,
        1847,
        1994,
        2121,
        2315,
        2379,
        2529,
        2631,
        2799,
        3139,
        3171,
        3357,
        3521,
        3769,
        3991,
        4175,
        4279,
        4475,
        4539,
        4599,
        4875,
        4987,
        4987,
        4995,
        4995,
        5063,
        5063,
        5063,
        6139,
        6139,
        6139,
        6139,
        6139,
        8791,
        8791
    ],
    "Percentiles": [
        0.0,
        0.1,
        0.2,
        0.3,
        0.4,
        0.5,
        0.55,
        0.6,
        0.65,
        0.7,
        0.75,
        0.775,
        0.8,
        0.825,
        0.85,
        0.875,
        0.8875,
        0.9,
        0.9125,
        0.925,
        0.9375,
        0.94375,
        0.95,
        0.95625,
        0.9625,
        0.96875,
        0.971875,
        0.975,
        0.978125,
        0.98125,
        0.984375,
        0.985938,
        0.9875,
        0.989062,
        0.990625,
        0.992188,
        0.992969,
        0.99375,
        0.994531,
        0.995313,
        0.996094,
        0.996484,
        0.996875,
        0.997266,
        0.997656,
        0.998047,
        0.998242,
        0.998437,
        0.998633,
        0.998828,
        0.999023,
        0.999121,
        0.999219,
        0.999316,
        0.999414,
        0.999512,
        0.999561,
        0.999609,
        0.999658,
        0.999707,
        0.999756,
        0.99978,
        0.999805,
        0.999829,
        0.999854,
        0.999878,
        0.99989,
        0.999902,
        0.999915,
        0.999927,
        0.999939,
        0.999945,
        0.999951,
        0.999957,
        0.999963,
        0.999969,
        0.999973,
        0.999976,
        0.999979,
        0.999982,
        1.0
    ]
}