{"Values": [429, 794, 819, 841, 856, 871, 879, 888, 897, 902, 907, 911, 917, 924, 933, 946, 953, 958, 963, 970, 984, 996, 1018, 1050, 1107, 1192, 1232, 1292, 1342, 1386, 1428, 1448, 1480, 1512, 1552, 1602, 1637, 1694, 1710, 1757, 1792, 1825, 1848, 1869, 1890, 1950, 1966, 1982, 1998, 2030, 2075, 2103, 2121, 2137, 2171, 2463, 2503, 2551, 2589, 2653, 2735, 3069, 3069, 3079, 3079, 3181, 3181, 3181, 3435, 3435, 3435, 3435, 3435, 4587, 4587], "Percentiles": [0.0, 0.1, 0.2, 0.3, 0.4, 0.5, 0.55, 0.6, 0.65, 0.7, 0.75, 0.775, 0.8, 0.825, 0.85, 0.875, 0.8875, 0.9, 0.9125, 0.925, 0.9375, 0.94375, 0.95, 0.95625, 0.9625, 0.96875, 0.971875, 0.975, 0.978125, 0.98125, 0.984375, 0.985938, 0.9875, 0.989062, 0.990625, 0.992188, 0.992969, 0.99375, 0.994531, 0.995313, 0.996094, 0.996484, 0.996875, 0.997266, 0.997656, 0.998047, 0.998242, 0.998437, 0.998633, 0.998828, 0.999023, 0.999121, 0.999219, 0.999316, 0.999414, 0.999512, 0.999561, 0.999609, 0.999658, 0.999707, 0.999756, 0.99978, 0.999805, 0.999829, 0.999854, 0.999878, 0.99989, 0.999902, 0.999915, 0.999927, 0.999939, 0.999945, 0.999951, 0.999957, 1.0]}