{"Values": [96, 119, 121, 122, 123, 124, 125, 125, 126, 126, 127, 127, 128, 128, 129, 130, 131, 131, 133, 135, 137, 139, 141, 150, 170, 222, 278, 320, 359, 460, 1101, 1568, 1871, 2443, 3121, 3465, 3615, 3875, 4347, 4739, 4943, 4963, 5015, 5203, 5223, 5435, 5683, 6123, 6363, 6507, 6691, 6715, 6771, 6855, 6943, 6951, 6951, 6955, 6955, 6959, 6959, 6959, 6959, 6963, 6963, 6963, 6967, 6967, 6967, 6971, 6971, 6975, 6975, 7087, 7095, 7095, 7095, 7095, 7095, 7099, 7099], "Percentiles": [0.0, 0.1, 0.2, 0.3, 0.4, 0.5, 0.55, 0.6, 0.65, 0.7, 0.75, 0.775, 0.8, 0.825, 0.85, 0.875, 0.8875, 0.9, 0.9125, 0.925, 0.9375, 0.94375, 0.95, 0.95625, 0.9625, 0.96875, 0.971875, 0.975, 0.978125, 0.98125, 0.984375, 0.985938, 0.9875, 0.989062, 0.990625, 0.992188, 0.992969, 0.99375, 0.994531, 0.995313, 0.996094, 0.996484, 0.996875, 0.997266, 0.997656, 0.998047, 0.998242, 0.998437, 0.998633, 0.998828, 0.999023, 0.999121, 0.999219, 0.999316, 0.999414, 0.999512, 0.999561, 0.999609, 0.999658, 0.999707, 0.999756, 0.99978, 0.999805, 0.999829, 0.999854, 0.999878, 0.99989, 0.999902, 0.999915, 0.999927, 0.999939, 0.999945, 0.999951, 0.999957, 0.999963, 0.999969, 0.999973, 0.999976, 0.999979, 0.999982, 1.0]}