{"Values": [143, 189, 200, 209, 218, 229, 235, 243, 251, 261, 273, 280, 288, 297, 308, 320, 328, 336, 347, 359, 374, 383, 392, 404, 419, 436, 448, 462, 477, 497, 523, 540, 563, 585, 616, 665, 694, 722, 766, 818, 890, 936, 994, 1133, 1681, 1900, 1987, 2049, 2109, 2193, 2285, 2397, 2509, 2637, 2743, 3043, 3129, 4823, 4879, 4987, 5051, 5099, 5131, 5151, 5187, 5215, 5223, 5227, 5323, 5327, 5355, 5355, 5383, 5383, 5411, 5411, 5411, 5687, 5687, 5687, 5687, 5687, 5807, 5807], "Percentiles": [0.0, 0.1, 0.2, 0.3, 0.4, 0.5, 0.55, 0.6, 0.65, 0.7, 0.75, 0.775, 0.8, 0.825, 0.85, 0.875, 0.8875, 0.9, 0.9125, 0.925, 0.9375, 0.94375, 0.95, 0.95625, 0.9625, 0.96875, 0.971875, 0.975, 0.978125, 0.98125, 0.984375, 0.985938, 0.9875, 0.989062, 0.990625, 0.992188, 0.992969, 0.99375, 0.994531, 0.995313, 0.996094, 0.996484, 0.996875, 0.997266, 0.997656, 0.998047, 0.998242, 0.998437, 0.998633, 0.998828, 0.999023, 0.999121, 0.999219, 0.999316, 0.999414, 0.999512, 0.999561, 0.999609, 0.999658, 0.999707, 0.999756, 0.99978, 0.999805, 0.999829, 0.999854, 0.999878, 0.99989, 0.999902, 0.999915, 0.999927, 0.999939, 0.999945, 0.999951, 0.999957, 0.999963, 0.999969, 0.999973, 0.999976, 0.999979, 0.999982, 0.999985, 0.999986, 0.999988, 1.0]}