{"Values": [193, 240, 255, 271, 288, 307, 319, 332, 348, 366, 387, 399, 413, 428, 446, 468, 480, 495, 512, 533, 558, 572, 591, 612, 636, 664, 684, 705, 727, 757, 798, 826, 848, 880, 927, 996, 1043, 1113, 1242, 1439, 1555, 1642, 1710, 1807, 1946, 2115, 2231, 2341, 2483, 2617, 2887, 3055, 3589, 3873, 4151, 4411, 4567, 5523, 6327, 7059, 7727, 7895, 7939, 8003, 8103, 8223, 8223, 8351, 8623, 8623, 8983, 8983, 8991, 8991, 8991, 9055, 9055, 9055, 9055, 9055, 9399, 9399], "Percentiles": [0.0, 0.1, 0.2, 0.3, 0.4, 0.5, 0.55, 0.6, 0.65, 0.7, 0.75, 0.775, 0.8, 0.825, 0.85, 0.875, 0.8875, 0.9, 0.9125, 0.925, 0.9375, 0.94375, 0.95, 0.95625, 0.9625, 0.96875, 0.971875, 0.975, 0.978125, 0.98125, 0.984375, 0.985938, 0.9875, 0.989062, 0.990625, 0.992188, 0.992969, 0.99375, 0.994531, 0.995313, 0.996094, 0.996484, 0.996875, 0.997266, 0.997656, 0.998047, 0.998242, 0.998437, 0.998633, 0.998828, 0.999023, 0.999121, 0.999219, 0.999316, 0.999414, 0.999512, 0.999561, 0.999609, 0.999658, 0.999707, 0.999756, 0.99978, 0.999805, 0.999829, 0.999854, 0.999878, 0.99989, 0.999902, 0.999915, 0.999927, 0.999939, 0.999945, 0.999951, 0.999957, 0.999963, 0.999969, 0.999973, 0.999976, 0.999979, 0.999982, 0.999985, 1.0]}