{"Values": [724, 1027, 1099, 1146, 1195, 1233, 1252, 1268, 1284, 1304, 1326, 1337, 1350, 1368, 1389, 1414, 1426, 1442, 1460, 1480, 1494, 1504, 1519, 1538, 1592, 1676, 1726, 1803, 1881, 1967, 2067, 2113, 2157, 2225, 2291, 2387, 2433, 2505, 2541, 2601, 2735, 2817, 2949, 3099, 3153, 3303, 3359, 3405, 3455, 3507, 3809, 3923, 4093, 4275, 4435, 4883, 4883, 5111, 5659, 6287, 6479, 6479, 6479, 8271, 8271, 8455, 8455, 8455, 8455, 8455, 10087, 10087], "Percentiles": [0.0, 0.1, 0.2, 0.3, 0.4, 0.5, 0.55, 0.6, 0.65, 0.7, 0.75, 0.775, 0.8, 0.825, 0.85, 0.875, 0.8875, 0.9, 0.9125, 0.925, 0.9375, 0.94375, 0.95, 0.95625, 0.9625, 0.96875, 0.971875, 0.975, 0.978125, 0.98125, 0.984375, 0.985938, 0.9875, 0.989062, 0.990625, 0.992188, 0.992969, 0.99375, 0.994531, 0.995313, 0.996094, 0.996484, 0.996875, 0.997266, 0.997656, 0.998047, 0.998242, 0.998437, 0.998633, 0.998828, 0.999023, 0.999121, 0.999219, 0.999316, 0.999414, 0.999512, 0.999561, 0.999609, 0.999658, 0.999707, 0.999756, 0.99978, 0.999805, 0.999829, 0.999854, 0.999878, 0.99989, 0.999902, 0.999915, 0.999927, 0.999939, 1.0]}