{
    "Values": [
        585,
        860,
        891,
        933,
        955,
        966,
        972,
        977,
        984,
        992,
        1002,
        1009,
        1015,
        1021,
        1028,
        1035,
        1040,
        1045,
        1051,
        1060,
        1074,
        1085,
        1101,
        1130,
        1187,
        1274,
        1318,
        1370,
        1416,
        1467,
        1519,
        1561,
        1594,
        1645,
        1697,
        1746,
        1772,
        1800,
        1839,
        1870,
        1924,
        1944,
        1981,
        2009,
        2051,
        2107,
        2137,
        2211,
        2261,
        2341,
        2571,
        2657,
        2899,
        3515,
        3631,
        3721,
        3871,
        3897,
        3939,
        3949,
        4143,
        4143,
        4327,
        4327,
        7639,
        7639,
        7639,
        8695,
        8695,
        8695,
        8695,
        8695,
        8735,
        8735
    ],
    "Percentiles": [
        0.0,
        0.1,
        0.2,
        0.3,
        0.4,
        0.5,
        0.55,
        0.6,
        0.65,
        0.7,
        0.75,
        0.775,
        0.8,
        0.825,
        0.85,
        0.875,
        0.8875,
        0.9,
        0.9125,
        0.925,
        0.9375,
        0.94375,
        0.95,
        0.95625,
        0.9625,
        0.96875,
        0.971875,
        0.975,
        0.978125,
        0.98125,
        0.984375,
        0.985938,
        0.9875,
        0.989062,
        0.990625,
        0.992188,
        0.992969,
        0.99375,
        0.994531,
        0.995313,
        0.996094,
        0.996484,
        0.996875,
        0.997266,
        0.997656,
        0.998047,
        0.998242,
        0.998437,
        0.998633,
        0.998828,
        0.999023,
        0.999121,
        0.999219,
        0.999316,
        0.999414,
        0.999512,
        0.999561,
        0.999609,
        0.999658,
        0.999707,
        0.999756,
        0.99978,
        0.999805,
        0.999829,
        0.999854,
        0.999878,
        0.99989,
        0.999902,
        0.999915,
        0.999927,
        0.999939,
        0.999945,
        0.999951,
        1.0
    ]
}