{
    "Values": [
        199,
        264,
        280,
        298,
        318,
        344,
        361,
        382,
        406,
        432,
        460,
        476,
        492,
        511,
        534,
        561,
        576,
        594,
        615,
        640,
        669,
        687,
        707,
        730,
        758,
        791,
        810,
        834,
        862,
        891,
        925,
        948,
        978,
        1001,
        1033,
        1082,
        1112,
        1148,
        1191,
        1241,
        1338,
        1395,
        1451,
        1511,
        1573,
        1689,
        1729,
        1824,
        1906,
        2000,
        2181,
        2273,
        2369,
        2571,
        2733,
        2949,
        3013,
        3123,
        3213,
        3277,
        3337,
        3529,
        3671,
        3905,
        3959,
        3997,
        4029,
        4119,
        4119,
        4215,
        4215,
        4399,
        4399,
        4399,
        4611,
        4611,
        4611,
        4611,
        4611,
        5031,
        5031
    ],
    "Percentiles": [
        0.0,
        0.1,
        0.2,
        0.3,
        0.4,
        0.5,
        0.55,
        0.6,
        0.65,
        0.7,
        0.75,
        0.775,
        0.8,
        0.825,
        0.85,
        0.875,
        0.8875,
        0.9,
        0.9125,
        0.925,
        0.9375,
        0.94375,
        0.95,
        0.95625,
        0.9625,
        0.96875,
        0.971875,
        0.975,
        0.978125,
        0.98125,
        0.984375,
        0.985938,
        0.9875,
        0.989062,
        0.990625,
        0.992188,
        0.992969,
        0.99375,
        0.994531,
        0.995313,
        0.996094,
        0.996484,
        0.996875,
        0.997266,
        0.997656,
        0.998047,
        0.998242,
        0.998437,
        0.998633,
        0.998828,
        0.999023,
        0.999121,
        0.999219,
        0.999316,
        0.999414,
        0.999512,
        0.999561,
        0.999609,
        0.999658,
        0.999707,
        0.999756,
        0.99978,
        0.999805,
        0.999829,
        0.999854,
        0.999878,
        0.99989,
        0.999902,
        0.999915,
        0.999927,
        0.999939,
        0.999945,
        0.999951,
        0.999957,
        0.999963,
        0.999969,
        0.999973,
        0.999976,
        0.999979,
        0.999982,
        1.0
    ]
}