{"Values": [51, 67, 68, 70, 72, 74, 75, 77, 79, 81, 82, 82, 83, 83, 83, 84, 85, 86, 86, 87, 88, 89, 90, 92, 93, 94, 95, 96, 97, 99, 102, 103, 105, 107, 110, 112, 113, 115, 119, 126, 137, 145, 154, 164, 184, 215, 231, 244, 255, 273, 295, 320, 343, 381, 432, 466, 522, 571, 638, 692, 797, 834, 893, 1059, 1098, 1250, 1424, 1703, 1768, 1848, 1982, 2049, 2141, 2241, 2317, 2523, 2523, 2757, 2863, 2897, 2925, 2925, 2925, 4007, 4007, 5287, 5287, 5287, 5287, 5287, 6083, 6083], "Percentiles": [0, 0.1, 0.2, 0.3, 0.4, 0.5, 0.55, 0.6, 0.65, 0.7, 0.75, 0.775, 0.8, 0.825, 0.85, 0.875, 0.8875, 0.9, 0.9125, 0.925, 0.9375, 0.94375, 0.95, 0.95625, 0.9625, 0.96875, 0.971875, 0.975, 0.978125, 0.98125, 0.984375, 0.985938, 0.9875, 0.989062, 0.990625, 0.992188, 0.992969, 0.99375, 0.994531, 0.995313, 0.996094, 0.996484, 0.996875, 0.997266, 0.997656, 0.998047, 0.998242, 0.998437, 0.998633, 0.998828, 0.999023, 0.999121, 0.999219, 0.999316, 0.999414, 0.999512, 0.999561, 0.999609, 0.999658, 0.999707, 0.999756, 0.99978, 0.999805, 0.999829, 0.999854, 0.999878, 0.99989, 0.999902, 0.999915, 0.999927, 0.999939, 0.999945, 0.999951, 0.999957, 0.999963, 0.999969, 0.999973, 0.999976, 0.999979, 0.999982, 0.999985, 0.999986, 0.999988, 0.999989, 0.999991, 0.999992, 0.999993, 0.999994, 0.999995, 0.999995, 0.999996, 1]}