{"Values": [116, 136, 144, 148, 149, 149, 150, 150, 151, 151, 152, 152, 153, 155, 158, 162, 163, 164, 170, 173, 177, 178, 179, 180, 181, 182, 184, 186, 189, 191, 194, 196, 199, 208, 221, 238, 247, 259, 273, 289, 305, 314, 326, 335, 346, 356, 364, 368, 373, 382, 390, 399, 408, 417, 434, 447, 452, 465, 471, 484, 502, 514, 522, 528, 531, 547, 549, 561, 573, 607, 707, 707, 883, 1183, 1207, 1213, 1213, 1213, 1224, 1224, 1231, 1231, 1231, 1231, 1231, 1252, 1252], "Percentiles": [0.0, 0.1, 0.2, 0.3, 0.4, 0.5, 0.55, 0.6, 0.65, 0.7, 0.75, 0.775, 0.8, 0.825, 0.85, 0.875, 0.8875, 0.9, 0.9125, 0.925, 0.9375, 0.94375, 0.95, 0.95625, 0.9625, 0.96875, 0.971875, 0.975, 0.978125, 0.98125, 0.984375, 0.985938, 0.9875, 0.989062, 0.990625, 0.992188, 0.992969, 0.99375, 0.994531, 0.995313, 0.996094, 0.996484, 0.996875, 0.997266, 0.997656, 0.998047, 0.998242, 0.998437, 0.998633, 0.998828, 0.999023, 0.999121, 0.999219, 0.999316, 0.999414, 0.999512, 0.999561, 0.999609, 0.999658, 0.999707, 0.999756, 0.99978, 0.999805, 0.999829, 0.999854, 0.999878, 0.99989, 0.999902, 0.999915, 0.999927, 0.999939, 0.999945, 0.999951, 0.999957, 0.999963, 0.999969, 0.999973, 0.999976, 0.999979, 0.999982, 0.999985, 0.999986, 0.999988, 0.999989, 0.999991, 0.999992, 1.0]}