{
    "Values": [
        627,
        869,
        930,
        957,
        971,
        992,
        1004,
        1016,
        1025,
        1032,
        1040,
        1044,
        1048,
        1054,
        1062,
        1074,
        1081,
        1087,
        1093,
        1100,
        1109,
        1116,
        1127,
        1144,
        1173,
        1237,
        1274,
        1320,
        1366,
        1435,
        1497,
        1545,
        1587,
        1630,
        1672,
        1734,
        1775,
        1796,
        1833,
        1869,
        1894,
        1908,
        1932,
        1953,
        1967,
        1993,
        2004,
        2021,
        2039,
        2061,
        2077,
        2129,
        2139,
        2147,
        2215,
        2255,
        2279,
        2305,
        2435,
        2561,
        2635,
        2635,
        2867,
        2867,
        5479,
        5479,
        5479,
        7495,
        7495,
        7495,
        7495,
        7495,
        9023,
        9023
    ],
    "Percentiles": [
        0.0,
        0.1,
        0.2,
        0.3,
        0.4,
        0.5,
        0.55,
        0.6,
        0.65,
        0.7,
        0.75,
        0.775,
        0.8,
        0.825,
        0.85,
        0.875,
        0.8875,
        0.9,
        0.9125,
        0.925,
        0.9375,
        0.94375,
        0.95,
        0.95625,
        0.9625,
        0.96875,
        0.971875,
        0.975,
        0.978125,
        0.98125,
        0.984375,
        0.985938,
        0.9875,
        0.989062,
        0.990625,
        0.992188,
        0.992969,
        0.99375,
        0.994531,
        0.995313,
        0.996094,
        0.996484,
        0.996875,
        0.997266,
        0.997656,
        0.998047,
        0.998242,
        0.998437,
        0.998633,
        0.998828,
        0.999023,
        0.999121,
        0.999219,
        0.999316,
        0.999414,
        0.999512,
        0.999561,
        0.999609,
        0.999658,
        0.999707,
        0.999756,
        0.99978,
        0.999805,
        0.999829,
        0.999854,
        0.999878,
        0.99989,
        0.999902,
        0.999915,
        0.999927,
        0.999939,
        0.999945,
        0.999951,
        1.0
    ]
}