{"Values": [87, 95, 97, 98, 99, 99, 99, 100, 100, 101, 103, 105, 109, 111, 115, 118, 120, 122, 125, 129, 132, 134, 136, 139, 142, 145, 147, 150, 153, 158, 164, 167, 172, 178, 188, 199, 212, 235, 270, 307, 400, 465, 529, 690, 876, 1254, 1462, 1604, 1780, 2049, 2679, 2851, 3013, 3237, 3433, 3609, 3779, 3949, 4235, 4559, 5167, 5855, 6203, 7051, 8027, 9079, 10063, 12831, 13455, 15087, 15455, 15943, 19055, 25679, 26559, 27711, 27951, 27951, 31055, 31055, 40799, 40799, 40799, 43263, 43263, 43263, 43263, 43263, 50239, 50239], "Percentiles": [0.0, 0.1, 0.2, 0.3, 0.4, 0.5, 0.55, 0.6, 0.65, 0.7, 0.75, 0.775, 0.8, 0.825, 0.85, 0.875, 0.8875, 0.9, 0.9125, 0.925, 0.9375, 0.94375, 0.95, 0.95625, 0.9625, 0.96875, 0.971875, 0.975, 0.978125, 0.98125, 0.984375, 0.985938, 0.9875, 0.989062, 0.990625, 0.992188, 0.992969, 0.99375, 0.994531, 0.995313, 0.996094, 0.996484, 0.996875, 0.997266, 0.997656, 0.998047, 0.998242, 0.998437, 0.998633, 0.998828, 0.999023, 0.999121, 0.999219, 0.999316, 0.999414, 0.999512, 0.999561, 0.999609, 0.999658, 0.999707, 0.999756, 0.99978, 0.999805, 0.999829, 0.999854, 0.999878, 0.99989, 0.999902, 0.999915, 0.999927, 0.999939, 0.999945, 0.999951, 0.999957, 0.999963, 0.999969, 0.999973, 0.999976, 0.999979, 0.999982, 0.999985, 0.999986, 0.999988, 0.999989, 0.999991, 0.999992, 0.999993, 0.999994, 0.999995, 1.0]}