{"Values": [79, 99, 102, 104, 106, 108, 109, 110, 111, 112, 113, 114, 114, 115, 116, 116, 117, 117, 118, 118, 119, 120, 120, 121, 123, 124, 125, 126, 127, 129, 130, 131, 133, 135, 138, 144, 148, 155, 161, 171, 193, 212, 239, 278, 330, 395, 424, 471, 516, 566, 630, 665, 775, 937, 1083, 1139, 1166, 1185, 1226, 1277, 1337, 1378, 1398, 1497, 1528, 1578, 1817, 1883, 1931, 2363, 2901, 3013, 3047, 3199, 4367, 4839, 6207, 6207, 6499, 6499, 6627, 6627, 6627, 8115, 8115, 8115, 8115, 8115, 9287, 9287], "Percentiles": [0.0, 0.1, 0.2, 0.3, 0.4, 0.5, 0.55, 0.6, 0.65, 0.7, 0.75, 0.775, 0.8, 0.825, 0.85, 0.875, 0.8875, 0.9, 0.9125, 0.925, 0.9375, 0.94375, 0.95, 0.95625, 0.9625, 0.96875, 0.971875, 0.975, 0.978125, 0.98125, 0.984375, 0.985938, 0.9875, 0.989062, 0.990625, 0.992188, 0.992969, 0.99375, 0.994531, 0.995313, 0.996094, 0.996484, 0.996875, 0.997266, 0.997656, 0.998047, 0.998242, 0.998437, 0.998633, 0.998828, 0.999023, 0.999121, 0.999219, 0.999316, 0.999414, 0.999512, 0.999561, 0.999609, 0.999658, 0.999707, 0.999756, 0.99978, 0.999805, 0.999829, 0.999854, 0.999878, 0.99989, 0.999902, 0.999915, 0.999927, 0.999939, 0.999945, 0.999951, 0.999957, 0.999963, 0.999969, 0.999973, 0.999976, 0.999979, 0.999982, 0.999985, 0.999986, 0.999988, 0.999989, 0.999991, 0.999992, 0.999993, 0.999994, 0.999995, 1.0]}