{"Values": [63, 76, 82, 87, 95, 101, 104, 105, 107, 111, 114, 114, 114, 115, 115, 115, 116, 116, 117, 118, 119, 120, 120, 121, 122, 124, 126, 127, 128, 130, 132, 132, 134, 135, 138, 140, 142, 144, 147, 150, 155, 160, 165, 171, 190, 207, 223, 238, 251, 265, 279, 286, 295, 305, 323, 365, 390, 417, 486, 560, 613, 640, 658, 704, 744, 847, 955, 996, 1026, 1074, 1136, 1279, 1540, 1868, 2085, 2137, 2267, 2291, 2291, 2329, 2329, 3051, 3051, 3051, 3981, 3981, 3981, 3981, 3981, 4215, 4215], "Percentiles": [0, 0.1, 0.2, 0.3, 0.4, 0.5, 0.55, 0.6, 0.65, 0.7, 0.75, 0.775, 0.8, 0.825, 0.85, 0.875, 0.8875, 0.9, 0.9125, 0.925, 0.9375, 0.94375, 0.95, 0.95625, 0.9625, 0.96875, 0.971875, 0.975, 0.978125, 0.98125, 0.984375, 0.985938, 0.9875, 0.989062, 0.990625, 0.992188, 0.992969, 0.99375, 0.994531, 0.995313, 0.996094, 0.996484, 0.996875, 0.997266, 0.997656, 0.998047, 0.998242, 0.998437, 0.998633, 0.998828, 0.999023, 0.999121, 0.999219, 0.999316, 0.999414, 0.999512, 0.999561, 0.999609, 0.999658, 0.999707, 0.999756, 0.99978, 0.999805, 0.999829, 0.999854, 0.999878, 0.99989, 0.999902, 0.999915, 0.999927, 0.999939, 0.999945, 0.999951, 0.999957, 0.999963, 0.999969, 0.999973, 0.999976, 0.999979, 0.999982, 0.999985, 0.999986, 0.999988, 0.999989, 0.999991, 0.999992, 0.999993, 0.999994, 0.999995, 0.999995, 1]}