{"Values": [524, 796, 830, 853, 882, 917, 937, 959, 979, 999, 1016, 1024, 1032, 1040, 1047, 1055, 1060, 1065, 1071, 1079, 1089, 1095, 1101, 1108, 1119, 1135, 1144, 1153, 1166, 1185, 1217, 1237, 1257, 1297, 1344, 1401, 1466, 1498, 1539, 1584, 1618, 1663, 1706, 1746, 1791, 1834, 1880, 1921, 2000, 2089, 2211, 2339, 2507, 2905, 3323, 3511, 3555, 4075, 4507, 4539, 4947, 5491, 5491, 6479, 6479, 6939, 6939, 6939, 8543, 8543, 8543, 8543, 8543, 44799, 44799], "Percentiles": [0.0, 0.1, 0.2, 0.3, 0.4, 0.5, 0.55, 0.6, 0.65, 0.7, 0.75, 0.775, 0.8, 0.825, 0.85, 0.875, 0.8875, 0.9, 0.9125, 0.925, 0.9375, 0.94375, 0.95, 0.95625, 0.9625, 0.96875, 0.971875, 0.975, 0.978125, 0.98125, 0.984375, 0.985938, 0.9875, 0.989062, 0.990625, 0.992188, 0.992969, 0.99375, 0.994531, 0.995313, 0.996094, 0.996484, 0.996875, 0.997266, 0.997656, 0.998047, 0.998242, 0.998437, 0.998633, 0.998828, 0.999023, 0.999121, 0.999219, 0.999316, 0.999414, 0.999512, 0.999561, 0.999609, 0.999658, 0.999707, 0.999756, 0.99978, 0.999805, 0.999829, 0.999854, 0.999878, 0.99989, 0.999902, 0.999915, 0.999927, 0.999939, 0.999945, 0.999951, 0.999957, 1.0]}