{
    "Values": [
        530,
        788,
        808,
        829,
        839,
        855,
        866,
        879,
        893,
        899,
        910,
        917,
        925,
        936,
        949,
        958,
        961,
        964,
        970,
        980,
        1009,
        1041,
        1073,
        1117,
        1175,
        1249,
        1288,
        1329,
        1354,
        1393,
        1438,
        1459,
        1494,
        1532,
        1561,
        1598,
        1622,
        1656,
        1683,
        1718,
        1758,
        1778,
        1794,
        1824,
        1862,
        1898,
        1914,
        1925,
        1979,
        2020,
        2121,
        2147,
        2203,
        2401,
        2441,
        2629,
        2751,
        2843,
        2851,
        2971,
        3177,
        3233,
        3233,
        3283,
        3283,
        3435,
        3435,
        3435,
        3941,
        3941,
        3941,
        3941,
        3941,
        5051,
        5051
    ],
    "Percentiles": [
        0.0,
        0.1,
        0.2,
        0.3,
        0.4,
        0.5,
        0.55,
        0.6,
        0.65,
        0.7,
        0.75,
        0.775,
        0.8,
        0.825,
        0.85,
        0.875,
        0.8875,
        0.9,
        0.9125,
        0.925,
        0.9375,
        0.94375,
        0.95,
        0.95625,
        0.9625,
        0.96875,
        0.971875,
        0.975,
        0.978125,
        0.98125,
        0.984375,
        0.985938,
        0.9875,
        0.989062,
        0.990625,
        0.992188,
        0.992969,
        0.99375,
        0.994531,
        0.995313,
        0.996094,
        0.996484,
        0.996875,
        0.997266,
        0.997656,
        0.998047,
        0.998242,
        0.998437,
        0.998633,
        0.998828,
        0.999023,
        0.999121,
        0.999219,
        0.999316,
        0.999414,
        0.999512,
        0.999561,
        0.999609,
        0.999658,
        0.999707,
        0.999756,
        0.99978,
        0.999805,
        0.999829,
        0.999854,
        0.999878,
        0.99989,
        0.999902,
        0.999915,
        0.999927,
        0.999939,
        0.999945,
        0.999951,
        0.999957,
        1.0
    ]
}