{"Values": [123, 167, 170, 170, 171, 171, 172, 172, 174, 176, 177, 177, 177, 178, 178, 179, 180, 181, 183, 184, 187, 190, 193, 196, 200, 203, 205, 206, 208, 212, 222, 229, 237, 248, 263, 281, 294, 309, 328, 356, 392, 417, 437, 471, 494, 544, 582, 649, 723, 922, 1134, 1251, 1457, 1708, 2038, 2417, 2563, 2619, 2689, 2695, 3161, 3499, 3565, 3953, 4315, 4891, 5075, 5195, 5291, 5295, 5883, 5883, 6015, 6051, 6051, 6255, 6255, 9143, 9143, 9143, 12487, 12487, 12487, 12487, 12487, 12527, 12527], "Percentiles": [0.0, 0.1, 0.2, 0.3, 0.4, 0.5, 0.55, 0.6, 0.65, 0.7, 0.75, 0.775, 0.8, 0.825, 0.85, 0.875, 0.8875, 0.9, 0.9125, 0.925, 0.9375, 0.94375, 0.95, 0.95625, 0.9625, 0.96875, 0.971875, 0.975, 0.978125, 0.98125, 0.984375, 0.985938, 0.9875, 0.989062, 0.990625, 0.992188, 0.992969, 0.99375, 0.994531, 0.995313, 0.996094, 0.996484, 0.996875, 0.997266, 0.997656, 0.998047, 0.998242, 0.998437, 0.998633, 0.998828, 0.999023, 0.999121, 0.999219, 0.999316, 0.999414, 0.999512, 0.999561, 0.999609, 0.999658, 0.999707, 0.999756, 0.99978, 0.999805, 0.999829, 0.999854, 0.999878, 0.99989, 0.999902, 0.999915, 0.999927, 0.999939, 0.999945, 0.999951, 0.999957, 0.999963, 0.999969, 0.999973, 0.999976, 0.999979, 0.999982, 0.999985, 0.999986, 0.999988, 0.999989, 0.999991, 0.999992, 1.0]}