{"Values": [652, 668, 668, 669, 670, 671, 671, 672, 673, 674, 676, 677, 679, 680, 683, 688, 690, 691, 692, 693, 694, 695, 696, 697, 698, 701, 702, 703, 705, 707, 710, 712, 713, 715, 716, 719, 721, 723, 725, 727, 729, 730, 732, 735, 738, 741, 744, 745, 747, 752, 756, 757, 758, 767, 781, 783, 794, 796, 804, 815, 816, 820, 828, 828, 842, 853, 853, 870, 870, 870, 1317, 1317, 1317, 1317, 1317, 1673, 1673], "Percentiles": [0.0, 0.1, 0.2, 0.3, 0.4, 0.5, 0.55, 0.6, 0.65, 0.7, 0.75, 0.775, 0.8, 0.825, 0.85, 0.875, 0.8875, 0.9, 0.9125, 0.925, 0.9375, 0.94375, 0.95, 0.95625, 0.9625, 0.96875, 0.971875, 0.975, 0.978125, 0.98125, 0.984375, 0.985938, 0.9875, 0.989062, 0.990625, 0.992188, 0.992969, 0.99375, 0.994531, 0.995313, 0.996094, 0.996484, 0.996875, 0.997266, 0.997656, 0.998047, 0.998242, 0.998437, 0.998633, 0.998828, 0.999023, 0.999121, 0.999219, 0.999316, 0.999414, 0.999512, 0.999561, 0.999609, 0.999658, 0.999707, 0.999756, 0.99978, 0.999805, 0.999829, 0.999854, 0.999878, 0.99989, 0.999902, 0.999915, 0.999927, 0.999939, 0.999945, 0.999951, 0.999957, 0.999963, 0.999969, 1.0]}