{"Values": [172, 240, 271, 306, 347, 394, 420, 449, 482, 520, 568, 597, 630, 666, 711, 765, 800, 840, 882, 933, 1001, 1037, 1078, 1132, 1268, 1500, 1556, 1604, 1668, 1735, 1807, 1850, 1897, 1951, 2032, 2117, 2187, 2237, 2337, 2403, 2509, 2603, 2685, 2821, 2921, 3069, 3159, 3289, 3691, 4143, 4911, 4959, 5099, 5243, 5327, 5635, 5851, 8071, 8107, 8119, 8223, 8231, 8415, 8479, 8495, 8495, 8495, 8503, 8503, 8519, 8519, 8519, 8575, 8575, 8575, 8575, 8575, 8623, 8623], "Percentiles": [0.0, 0.1, 0.2, 0.3, 0.4, 0.5, 0.55, 0.6, 0.65, 0.7, 0.75, 0.775, 0.8, 0.825, 0.85, 0.875, 0.8875, 0.9, 0.9125, 0.925, 0.9375, 0.94375, 0.95, 0.95625, 0.9625, 0.96875, 0.971875, 0.975, 0.978125, 0.98125, 0.984375, 0.985938, 0.9875, 0.989062, 0.990625, 0.992188, 0.992969, 0.99375, 0.994531, 0.995313, 0.996094, 0.996484, 0.996875, 0.997266, 0.997656, 0.998047, 0.998242, 0.998437, 0.998633, 0.998828, 0.999023, 0.999121, 0.999219, 0.999316, 0.999414, 0.999512, 0.999561, 0.999609, 0.999658, 0.999707, 0.999756, 0.99978, 0.999805, 0.999829, 0.999854, 0.999878, 0.99989, 0.999902, 0.999915, 0.999927, 0.999939, 0.999945, 0.999951, 0.999957, 0.999963, 0.999969, 0.999973, 0.999976, 1.0]}