{
    "Values": [
        546,
        867,
        929,
        962,
        985,
        1007,
        1017,
        1023,
        1028,
        1034,
        1042,
        1046,
        1052,
        1059,
        1069,
        1081,
        1086,
        1091,
        1097,
        1103,
        1112,
        1119,
        1130,
        1144,
        1181,
        1239,
        1276,
        1342,
        1402,
        1461,
        1520,
        1551,
        1583,
        1621,
        1662,
        1710,
        1739,
        1767,
        1801,
        1834,
        1878,
        1906,
        1954,
        1976,
        1997,
        2024,
        2047,
        2063,
        2081,
        2111,
        2155,
        2161,
        2189,
        2189,
        2219,
        2261,
        2345,
        2433,
        2447,
        4335,
        4887,
        4887,
        5451,
        5451,
        6467,
        6467,
        6467,
        8503,
        8503,
        8503,
        8503,
        8503,
        9583,
        9583
    ],
    "Percentiles": [
        0.0,
        0.1,
        0.2,
        0.3,
        0.4,
        0.5,
        0.55,
        0.6,
        0.65,
        0.7,
        0.75,
        0.775,
        0.8,
        0.825,
        0.85,
        0.875,
        0.8875,
        0.9,
        0.9125,
        0.925,
        0.9375,
        0.94375,
        0.95,
        0.95625,
        0.9625,
        0.96875,
        0.971875,
        0.975,
        0.978125,
        0.98125,
        0.984375,
        0.985938,
        0.9875,
        0.989062,
        0.990625,
        0.992188,
        0.992969,
        0.99375,
        0.994531,
        0.995313,
        0.996094,
        0.996484,
        0.996875,
        0.997266,
        0.997656,
        0.998047,
        0.998242,
        0.998437,
        0.998633,
        0.998828,
        0.999023,
        0.999121,
        0.999219,
        0.999316,
        0.999414,
        0.999512,
        0.999561,
        0.999609,
        0.999658,
        0.999707,
        0.999756,
        0.99978,
        0.999805,
        0.999829,
        0.999854,
        0.999878,
        0.99989,
        0.999902,
        0.999915,
        0.999927,
        0.999939,
        0.999945,
        0.999951,
        1.0
    ]
}