{"Values": [127, 136, 137, 138, 139, 140, 141, 142, 142, 144, 145, 146, 148, 150, 154, 167, 179, 190, 199, 207, 210, 211, 212, 214, 217, 221, 224, 230, 241, 257, 274, 281, 294, 312, 334, 362, 379, 403, 433, 469, 528, 563, 607, 694, 814, 928, 1009, 1113, 1322, 1494, 1818, 1997, 2217, 2515, 2857, 3087, 3185, 3243, 3417, 3621, 4031, 4275, 4379, 4631, 4807, 4867, 4931, 5127, 5211, 5243, 5291, 5291, 5323, 5323, 5331, 5379, 5379, 5379, 5395, 5395, 5427, 5427, 5427, 5427, 5427, 8535, 8535], "Percentiles": [0.0, 0.1, 0.2, 0.3, 0.4, 0.5, 0.55, 0.6, 0.65, 0.7, 0.75, 0.775, 0.8, 0.825, 0.85, 0.875, 0.8875, 0.9, 0.9125, 0.925, 0.9375, 0.94375, 0.95, 0.95625, 0.9625, 0.96875, 0.971875, 0.975, 0.978125, 0.98125, 0.984375, 0.985938, 0.9875, 0.989062, 0.990625, 0.992188, 0.992969, 0.99375, 0.994531, 0.995313, 0.996094, 0.996484, 0.996875, 0.997266, 0.997656, 0.998047, 0.998242, 0.998437, 0.998633, 0.998828, 0.999023, 0.999121, 0.999219, 0.999316, 0.999414, 0.999512, 0.999561, 0.999609, 0.999658, 0.999707, 0.999756, 0.99978, 0.999805, 0.999829, 0.999854, 0.999878, 0.99989, 0.999902, 0.999915, 0.999927, 0.999939, 0.999945, 0.999951, 0.999957, 0.999963, 0.999969, 0.999973, 0.999976, 0.999979, 0.999982, 0.999985, 0.999986, 0.999988, 0.999989, 0.999991, 0.999992, 1.0]}