{"Values": [85, 102, 102, 102, 103, 103, 103, 103, 104, 104, 104, 104, 104, 105, 105, 106, 106, 108, 110, 117, 154, 207, 309, 1084, 4319, 7287, 7319, 7359, 7499, 7527, 7667, 7719, 7783, 8015, 8075, 8091, 8099, 8107, 8115, 8115, 8119, 8119, 8123, 8123, 8127, 8127, 8131, 8131, 8135, 8135, 8135, 8139, 8143, 8143, 8155, 8163, 8167, 8171, 8175, 8287, 9279, 10071, 10071, 10079, 10087, 10087, 10087, 10087, 10087, 10087, 10087, 10087, 10087, 10087, 10095, 10095, 10095, 10095, 10095, 10159, 10159], "Percentiles": [0.0, 0.1, 0.2, 0.3, 0.4, 0.5, 0.55, 0.6, 0.65, 0.7, 0.75, 0.775, 0.8, 0.825, 0.85, 0.875, 0.8875, 0.9, 0.9125, 0.925, 0.9375, 0.94375, 0.95, 0.95625, 0.9625, 0.96875, 0.971875, 0.975, 0.978125, 0.98125, 0.984375, 0.985938, 0.9875, 0.989062, 0.990625, 0.992188, 0.992969, 0.99375, 0.994531, 0.995313, 0.996094, 0.996484, 0.996875, 0.997266, 0.997656, 0.998047, 0.998242, 0.998437, 0.998633, 0.998828, 0.999023, 0.999121, 0.999219, 0.999316, 0.999414, 0.999512, 0.999561, 0.999609, 0.999658, 0.999707, 0.999756, 0.99978, 0.999805, 0.999829, 0.999854, 0.999878, 0.99989, 0.999902, 0.999915, 0.999927, 0.999939, 0.999945, 0.999951, 0.999957, 0.999963, 0.999969, 0.999973, 0.999976, 0.999979, 0.999982, 1.0]}