{"Values": [452, 474, 477, 479, 480, 481, 482, 483, 483, 484, 485, 485, 486, 487, 487, 489, 489, 490, 491, 493, 494, 495, 497, 498, 500, 502, 503, 504, 505, 507, 509, 510, 511, 512, 514, 515, 516, 517, 518, 519, 521, 522, 523, 524, 525, 528, 529, 529, 530, 531, 532, 533, 535, 537, 538, 538, 539, 540, 540, 541, 543, 543, 547, 557, 565, 599, 600, 600, 602, 602, 622, 622, 622, 954, 954, 954, 954, 954, 1193, 1193], "Percentiles": [0.0, 0.1, 0.2, 0.3, 0.4, 0.5, 0.55, 0.6, 0.65, 0.7, 0.75, 0.775, 0.8, 0.825, 0.85, 0.875, 0.8875, 0.9, 0.9125, 0.925, 0.9375, 0.94375, 0.95, 0.95625, 0.9625, 0.96875, 0.971875, 0.975, 0.978125, 0.98125, 0.984375, 0.985938, 0.9875, 0.989062, 0.990625, 0.992188, 0.992969, 0.99375, 0.994531, 0.995313, 0.996094, 0.996484, 0.996875, 0.997266, 0.997656, 0.998047, 0.998242, 0.998437, 0.998633, 0.998828, 0.999023, 0.999121, 0.999219, 0.999316, 0.999414, 0.999512, 0.999561, 0.999609, 0.999658, 0.999707, 0.999756, 0.99978, 0.999805, 0.999829, 0.999854, 0.999878, 0.99989, 0.999902, 0.999915, 0.999927, 0.999939, 0.999945, 0.999951, 0.999957, 0.999963, 0.999969, 0.999973, 0.999976, 0.999979, 1.0]}