{
    "Values": [
        827,
        1108,
        1154,
        1186,
        1211,
        1232,
        1244,
        1257,
        1270,
        1285,
        1299,
        1307,
        1315,
        1324,
        1333,
        1344,
        1350,
        1358,
        1367,
        1379,
        1392,
        1401,
        1412,
        1429,
        1458,
        1517,
        1560,
        1612,
        1688,
        1753,
        1852,
        1892,
        1944,
        1999,
        2053,
        2127,
        2161,
        2221,
        2305,
        2449,
        2605,
        2821,
        2925,
        3015,
        3107,
        3287,
        3601,
        3773,
        4479,
        5379,
        5607,
        6023,
        6547,
        6759,
        7251,
        7655,
        7983,
        7983,
        8447,
        9079,
        9231,
        9231,
        9231,
        9767,
        9767,
        10383,
        10383,
        10383,
        10383,
        10383,
        10583,
        10583
    ],
    "Percentiles": [
        0.0,
        0.1,
        0.2,
        0.3,
        0.4,
        0.5,
        0.55,
        0.6,
        0.65,
        0.7,
        0.75,
        0.775,
        0.8,
        0.825,
        0.85,
        0.875,
        0.8875,
        0.9,
        0.9125,
        0.925,
        0.9375,
        0.94375,
        0.95,
        0.95625,
        0.9625,
        0.96875,
        0.971875,
        0.975,
        0.978125,
        0.98125,
        0.984375,
        0.985938,
        0.9875,
        0.989062,
        0.990625,
        0.992188,
        0.992969,
        0.99375,
        0.994531,
        0.995313,
        0.996094,
        0.996484,
        0.996875,
        0.997266,
        0.997656,
        0.998047,
        0.998242,
        0.998437,
        0.998633,
        0.998828,
        0.999023,
        0.999121,
        0.999219,
        0.999316,
        0.999414,
        0.999512,
        0.999561,
        0.999609,
        0.999658,
        0.999707,
        0.999756,
        0.99978,
        0.999805,
        0.999829,
        0.999854,
        0.999878,
        0.99989,
        0.999902,
        0.999915,
        0.999927,
        0.999939,
        1.0
    ]
}