{"Values": [152, 171, 174, 176, 178, 179, 180, 181, 182, 184, 185, 186, 187, 188, 189, 191, 192, 193, 194, 196, 198, 200, 201, 203, 204, 206, 208, 209, 211, 212, 214, 216, 217, 219, 221, 224, 225, 227, 229, 232, 235, 237, 239, 241, 244, 249, 251, 256, 260, 264, 269, 278, 285, 294, 332, 347, 356, 366, 373, 398, 414, 420, 433, 451, 463, 478, 480, 497, 539, 892, 1130, 1311, 1311, 8799, 11111, 11111, 13271, 13271, 13271, 13383, 13383, 13383, 13383, 13383, 54079, 54079], "Percentiles": [0.0, 0.1, 0.2, 0.3, 0.4, 0.5, 0.55, 0.6, 0.65, 0.7, 0.75, 0.775, 0.8, 0.825, 0.85, 0.875, 0.8875, 0.9, 0.9125, 0.925, 0.9375, 0.94375, 0.95, 0.95625, 0.9625, 0.96875, 0.971875, 0.975, 0.978125, 0.98125, 0.984375, 0.985938, 0.9875, 0.989062, 0.990625, 0.992188, 0.992969, 0.99375, 0.994531, 0.995313, 0.996094, 0.996484, 0.996875, 0.997266, 0.997656, 0.998047, 0.998242, 0.998437, 0.998633, 0.998828, 0.999023, 0.999121, 0.999219, 0.999316, 0.999414, 0.999512, 0.999561, 0.999609, 0.999658, 0.999707, 0.999756, 0.99978, 0.999805, 0.999829, 0.999854, 0.999878, 0.99989, 0.999902, 0.999915, 0.999927, 0.999939, 0.999945, 0.999951, 0.999957, 0.999963, 0.999969, 0.999973, 0.999976, 0.999979, 0.999982, 0.999985, 0.999986, 0.999988, 0.999989, 0.999991, 1.0]}