{"Values": [497, 802, 834, 845, 862, 883, 891, 899, 906, 913, 919, 923, 926, 930, 935, 942, 946, 950, 957, 966, 976, 982, 988, 997, 1007, 1019, 1026, 1038, 1051, 1065, 1084, 1099, 1115, 1141, 1178, 1233, 1265, 1299, 1344, 1423, 1497, 1558, 1588, 1661, 1729, 1786, 1799, 1845, 1890, 1956, 2055, 2093, 2149, 2207, 2225, 2285, 2289, 2365, 2395, 2445, 2575, 3255, 3255, 5027, 5027, 5963, 5963, 5963, 5967, 5967, 5967, 5967, 5967, 6235, 6235], "Percentiles": [0.0, 0.1, 0.2, 0.3, 0.4, 0.5, 0.55, 0.6, 0.65, 0.7, 0.75, 0.775, 0.8, 0.825, 0.85, 0.875, 0.8875, 0.9, 0.9125, 0.925, 0.9375, 0.94375, 0.95, 0.95625, 0.9625, 0.96875, 0.971875, 0.975, 0.978125, 0.98125, 0.984375, 0.985938, 0.9875, 0.989062, 0.990625, 0.992188, 0.992969, 0.99375, 0.994531, 0.995313, 0.996094, 0.996484, 0.996875, 0.997266, 0.997656, 0.998047, 0.998242, 0.998437, 0.998633, 0.998828, 0.999023, 0.999121, 0.999219, 0.999316, 0.999414, 0.999512, 0.999561, 0.999609, 0.999658, 0.999707, 0.999756, 0.99978, 0.999805, 0.999829, 0.999854, 0.999878, 0.99989, 0.999902, 0.999915, 0.999927, 0.999939, 0.999945, 0.999951, 0.999957, 1.0]}