{
    "Values": [
        754,
        1159,
        1200,
        1232,
        1261,
        1289,
        1302,
        1316,
        1332,
        1345,
        1356,
        1362,
        1369,
        1378,
        1389,
        1401,
        1407,
        1412,
        1418,
        1423,
        1432,
        1438,
        1445,
        1457,
        1478,
        1514,
        1551,
        1579,
        1631,
        1708,
        1766,
        1816,
        1847,
        1899,
        1941,
        2017,
        2073,
        2127,
        2183,
        2241,
        2295,
        2321,
        2365,
        2427,
        2533,
        2799,
        2831,
        2963,
        3249,
        3353,
        3651,
        3851,
        4223,
        4339,
        4375,
        5403,
        6279,
        6779,
        6779,
        8303,
        8471,
        8471,
        9023,
        9023,
        9023,
        10775,
        10775,
        10775,
        10775,
        10775,
        10959,
        10959
    ],
    "Percentiles": [
        0.0,
        0.1,
        0.2,
        0.3,
        0.4,
        0.5,
        0.55,
        0.6,
        0.65,
        0.7,
        0.75,
        0.775,
        0.8,
        0.825,
        0.85,
        0.875,
        0.8875,
        0.9,
        0.9125,
        0.925,
        0.9375,
        0.94375,
        0.95,
        0.95625,
        0.9625,
        0.96875,
        0.971875,
        0.975,
        0.978125,
        0.98125,
        0.984375,
        0.985938,
        0.9875,
        0.989062,
        0.990625,
        0.992188,
        0.992969,
        0.99375,
        0.994531,
        0.995313,
        0.996094,
        0.996484,
        0.996875,
        0.997266,
        0.997656,
        0.998047,
        0.998242,
        0.998437,
        0.998633,
        0.998828,
        0.999023,
        0.999121,
        0.999219,
        0.999316,
        0.999414,
        0.999512,
        0.999561,
        0.999609,
        0.999658,
        0.999707,
        0.999756,
        0.99978,
        0.999805,
        0.999829,
        0.999854,
        0.999878,
        0.99989,
        0.999902,
        0.999915,
        0.999927,
        0.999939,
        1.0
    ]
}