{
    "Values": [
        170,
        231,
        248,
        267,
        287,
        312,
        327,
        343,
        361,
        381,
        403,
        417,
        432,
        449,
        469,
        494,
        508,
        523,
        541,
        565,
        594,
        611,
        633,
        655,
        686,
        718,
        739,
        766,
        792,
        825,
        870,
        893,
        922,
        959,
        1008,
        1095,
        1141,
        1276,
        1407,
        1521,
        1670,
        1737,
        1879,
        1983,
        2159,
        2383,
        2499,
        2733,
        2959,
        3181,
        3717,
        3911,
        4143,
        4743,
        5271,
        6491,
        6547,
        6715,
        6851,
        7659,
        7775,
        7795,
        8095,
        8143,
        8155,
        8183,
        8183,
        8191,
        8311,
        8311,
        8527,
        8527,
        8695,
        8695,
        8695,
        8879,
        8879,
        8879,
        8879,
        8879,
        9287,
        9287
    ],
    "Percentiles": [
        0.0,
        0.1,
        0.2,
        0.3,
        0.4,
        0.5,
        0.55,
        0.6,
        0.65,
        0.7,
        0.75,
        0.775,
        0.8,
        0.825,
        0.85,
        0.875,
        0.8875,
        0.9,
        0.9125,
        0.925,
        0.9375,
        0.94375,
        0.95,
        0.95625,
        0.9625,
        0.96875,
        0.971875,
        0.975,
        0.978125,
        0.98125,
        0.984375,
        0.985938,
        0.9875,
        0.989062,
        0.990625,
        0.992188,
        0.992969,
        0.99375,
        0.994531,
        0.995313,
        0.996094,
        0.996484,
        0.996875,
        0.997266,
        0.997656,
        0.998047,
        0.998242,
        0.998437,
        0.998633,
        0.998828,
        0.999023,
        0.999121,
        0.999219,
        0.999316,
        0.999414,
        0.999512,
        0.999561,
        0.999609,
        0.999658,
        0.999707,
        0.999756,
        0.99978,
        0.999805,
        0.999829,
        0.999854,
        0.999878,
        0.99989,
        0.999902,
        0.999915,
        0.999927,
        0.999939,
        0.999945,
        0.999951,
        0.999957,
        0.999963,
        0.999969,
        0.999973,
        0.999976,
        0.999979,
        0.999982,
        0.999985,
        1.0
    ]
}