{"Values": [149, 170, 174, 177, 180, 183, 184, 186, 187, 189, 191, 192, 194, 195, 197, 200, 201, 203, 206, 209, 214, 217, 221, 226, 232, 242, 248, 256, 266, 277, 296, 309, 326, 354, 401, 471, 529, 596, 690, 787, 989, 1125, 1193, 1262, 1366, 1506, 1578, 1648, 1771, 1899, 2101, 2227, 2387, 2639, 2841, 3171, 3275, 3503, 3851, 4119, 5287, 5491, 5787, 5907, 6291, 6603, 6615, 7763, 7767, 9047, 9087, 9335, 9527, 9527, 9823, 9823, 9983, 9983, 9983, 11599, 11599, 11599, 11599, 11599, 15759, 15759], "Percentiles": [0.0, 0.1, 0.2, 0.3, 0.4, 0.5, 0.55, 0.6, 0.65, 0.7, 0.75, 0.775, 0.8, 0.825, 0.85, 0.875, 0.8875, 0.9, 0.9125, 0.925, 0.9375, 0.94375, 0.95, 0.95625, 0.9625, 0.96875, 0.971875, 0.975, 0.978125, 0.98125, 0.984375, 0.985938, 0.9875, 0.989062, 0.990625, 0.992188, 0.992969, 0.99375, 0.994531, 0.995313, 0.996094, 0.996484, 0.996875, 0.997266, 0.997656, 0.998047, 0.998242, 0.998437, 0.998633, 0.998828, 0.999023, 0.999121, 0.999219, 0.999316, 0.999414, 0.999512, 0.999561, 0.999609, 0.999658, 0.999707, 0.999756, 0.99978, 0.999805, 0.999829, 0.999854, 0.999878, 0.99989, 0.999902, 0.999915, 0.999927, 0.999939, 0.999945, 0.999951, 0.999957, 0.999963, 0.999969, 0.999973, 0.999976, 0.999979, 0.999982, 0.999985, 0.999986, 0.999988, 0.999989, 0.999991, 1.0]}