{"Values": [87, 126, 133, 139, 142, 145, 147, 150, 152, 154, 157, 159, 161, 163, 166, 170, 172, 175, 179, 185, 193, 198, 204, 211, 220, 231, 238, 247, 258, 272, 289, 300, 314, 333, 360, 389, 405, 421, 446, 479, 522, 561, 608, 679, 794, 888, 941, 1052, 1170, 1311, 1534, 1627, 1707, 1855, 2123, 2243, 2341, 2441, 2841, 2961, 3135, 3207, 3387, 3439, 3621, 3861, 3897, 4183, 4251, 4535, 4679, 4679, 4695, 4843, 4847, 4903, 4903, 4903, 4903, 4903, 4907, 4907, 4907, 4907, 4907, 5211, 5211], "Percentiles": [0.0, 0.1, 0.2, 0.3, 0.4, 0.5, 0.55, 0.6, 0.65, 0.7, 0.75, 0.775, 0.8, 0.825, 0.85, 0.875, 0.8875, 0.9, 0.9125, 0.925, 0.9375, 0.94375, 0.95, 0.95625, 0.9625, 0.96875, 0.971875, 0.975, 0.978125, 0.98125, 0.984375, 0.985938, 0.9875, 0.989062, 0.990625, 0.992188, 0.992969, 0.99375, 0.994531, 0.995313, 0.996094, 0.996484, 0.996875, 0.997266, 0.997656, 0.998047, 0.998242, 0.998437, 0.998633, 0.998828, 0.999023, 0.999121, 0.999219, 0.999316, 0.999414, 0.999512, 0.999561, 0.999609, 0.999658, 0.999707, 0.999756, 0.99978, 0.999805, 0.999829, 0.999854, 0.999878, 0.99989, 0.999902, 0.999915, 0.999927, 0.999939, 0.999945, 0.999951, 0.999957, 0.999963, 0.999969, 0.999973, 0.999976, 0.999979, 0.999982, 0.999985, 0.999986, 0.999988, 0.999989, 0.999991, 0.999992, 1.0]}