{"Values": [91, 119, 123, 125, 127, 129, 130, 131, 133, 135, 137, 139, 142, 146, 153, 163, 170, 186, 210, 237, 270, 285, 309, 355, 418, 470, 521, 546, 553, 558, 566, 571, 581, 603, 644, 719, 788, 862, 930, 1043, 1131, 1192, 1286, 1404, 1497, 1565, 1601, 1672, 1733, 1835, 1893, 1921, 1949, 1977, 2001, 2026, 2053, 2101, 2119, 2173, 2273, 2333, 2389, 2415, 2489, 2721, 2963, 3035, 3359, 3485, 3741, 3783, 3783, 3813, 3827, 3839, 3839, 3839, 4399, 4399, 5051, 5051, 5051, 5051, 5051, 5103, 5103], "Percentiles": [0.0, 0.1, 0.2, 0.3, 0.4, 0.5, 0.55, 0.6, 0.65, 0.7, 0.75, 0.775, 0.8, 0.825, 0.85, 0.875, 0.8875, 0.9, 0.9125, 0.925, 0.9375, 0.94375, 0.95, 0.95625, 0.9625, 0.96875, 0.971875, 0.975, 0.978125, 0.98125, 0.984375, 0.985938, 0.9875, 0.989062, 0.990625, 0.992188, 0.992969, 0.99375, 0.994531, 0.995313, 0.996094, 0.996484, 0.996875, 0.997266, 0.997656, 0.998047, 0.998242, 0.998437, 0.998633, 0.998828, 0.999023, 0.999121, 0.999219, 0.999316, 0.999414, 0.999512, 0.999561, 0.999609, 0.999658, 0.999707, 0.999756, 0.99978, 0.999805, 0.999829, 0.999854, 0.999878, 0.99989, 0.999902, 0.999915, 0.999927, 0.999939, 0.999945, 0.999951, 0.999957, 0.999963, 0.999969, 0.999973, 0.999976, 0.999979, 0.999982, 0.999985, 0.999986, 0.999988, 0.999989, 0.999991, 0.999992, 1.0]}