{"Values": [184, 236, 256, 281, 313, 355, 380, 405, 433, 466, 505, 528, 554, 583, 618, 660, 685, 714, 747, 784, 833, 859, 886, 921, 960, 1010, 1043, 1075, 1118, 1173, 1345, 1451, 1518, 1588, 1647, 1725, 1763, 1797, 1848, 1927, 1997, 2024, 2063, 2103, 2137, 2207, 2261, 2283, 2303, 2347, 2393, 2443, 2471, 2531, 2705, 2877, 2905, 3033, 3075, 3097, 3309, 3403, 3819, 3961, 4025, 4059, 4059, 4187, 4295, 4295, 4327, 4327, 4327, 4515, 4515, 4515, 4515, 4515, 4615, 4615], "Percentiles": [0.0, 0.1, 0.2, 0.3, 0.4, 0.5, 0.55, 0.6, 0.65, 0.7, 0.75, 0.775, 0.8, 0.825, 0.85, 0.875, 0.8875, 0.9, 0.9125, 0.925, 0.9375, 0.94375, 0.95, 0.95625, 0.9625, 0.96875, 0.971875, 0.975, 0.978125, 0.98125, 0.984375, 0.985938, 0.9875, 0.989062, 0.990625, 0.992188, 0.992969, 0.99375, 0.994531, 0.995313, 0.996094, 0.996484, 0.996875, 0.997266, 0.997656, 0.998047, 0.998242, 0.998437, 0.998633, 0.998828, 0.999023, 0.999121, 0.999219, 0.999316, 0.999414, 0.999512, 0.999561, 0.999609, 0.999658, 0.999707, 0.999756, 0.99978, 0.999805, 0.999829, 0.999854, 0.999878, 0.99989, 0.999902, 0.999915, 0.999927, 0.999939, 0.999945, 0.999951, 0.999957, 0.999963, 0.999969, 0.999973, 0.999976, 0.999979, 1.0]}