{"Values": [369, 791, 810, 830, 843, 853, 861, 870, 880, 893, 900, 903, 906, 910, 916, 924, 930, 940, 953, 965, 978, 991, 1011, 1044, 1100, 1171, 1217, 1261, 1305, 1346, 1378, 1400, 1417, 1435, 1462, 1483, 1498, 1526, 1566, 1623, 1684, 1718, 1748, 1791, 1836, 1869, 1893, 1925, 1964, 2023, 2081, 2115, 2217, 2245, 2467, 2623, 3143, 3289, 3595, 4191, 4439, 5323, 5323, 5591, 5591, 6067, 6067, 6067, 6863, 6863, 6863, 6863, 6863, 7239, 7239], "Percentiles": [0.0, 0.1, 0.2, 0.3, 0.4, 0.5, 0.55, 0.6, 0.65, 0.7, 0.75, 0.775, 0.8, 0.825, 0.85, 0.875, 0.8875, 0.9, 0.9125, 0.925, 0.9375, 0.94375, 0.95, 0.95625, 0.9625, 0.96875, 0.971875, 0.975, 0.978125, 0.98125, 0.984375, 0.985938, 0.9875, 0.989062, 0.990625, 0.992188, 0.992969, 0.99375, 0.994531, 0.995313, 0.996094, 0.996484, 0.996875, 0.997266, 0.997656, 0.998047, 0.998242, 0.998437, 0.998633, 0.998828, 0.999023, 0.999121, 0.999219, 0.999316, 0.999414, 0.999512, 0.999561, 0.999609, 0.999658, 0.999707, 0.999756, 0.99978, 0.999805, 0.999829, 0.999854, 0.999878, 0.99989, 0.999902, 0.999915, 0.999927, 0.999939, 0.999945, 0.999951, 0.999957, 1.0]}