{"Values": [569, 584, 587, 590, 593, 596, 598, 601, 606, 613, 631, 640, 646, 651, 654, 658, 660, 662, 664, 667, 671, 674, 678, 683, 692, 716, 732, 750, 784, 856, 971, 1073, 1315, 1529, 1870, 2205, 2389, 2581, 2827, 3073, 3417, 3521, 3647, 3825, 4119, 4619, 4947, 5087, 5247, 5315, 5347, 5371, 5415, 5427, 5443, 5463, 5491, 5503, 5551, 5579, 5763, 6111, 6111, 6591, 8215, 8671, 8671, 8671, 9751, 9751, 10287, 10287, 10287, 10287, 10287, 14247, 14247], "Percentiles": [0.0, 0.1, 0.2, 0.3, 0.4, 0.5, 0.55, 0.6, 0.65, 0.7, 0.75, 0.775, 0.8, 0.825, 0.85, 0.875, 0.8875, 0.9, 0.9125, 0.925, 0.9375, 0.94375, 0.95, 0.95625, 0.9625, 0.96875, 0.971875, 0.975, 0.978125, 0.98125, 0.984375, 0.985938, 0.9875, 0.989062, 0.990625, 0.992188, 0.992969, 0.99375, 0.994531, 0.995313, 0.996094, 0.996484, 0.996875, 0.997266, 0.997656, 0.998047, 0.998242, 0.998437, 0.998633, 0.998828, 0.999023, 0.999121, 0.999219, 0.999316, 0.999414, 0.999512, 0.999561, 0.999609, 0.999658, 0.999707, 0.999756, 0.99978, 0.999805, 0.999829, 0.999854, 0.999878, 0.99989, 0.999902, 0.999915, 0.999927, 0.999939, 0.999945, 0.999951, 0.999957, 0.999963, 0.999969, 1.0]}