{"Values": [110, 134, 139, 142, 146, 150, 151, 154, 156, 158, 161, 163, 164, 166, 169, 171, 173, 174, 176, 178, 181, 182, 184, 186, 188, 191, 193, 196, 199, 203, 208, 211, 214, 220, 226, 238, 251, 274, 309, 357, 406, 439, 502, 590, 772, 1016, 1131, 1166, 1193, 1223, 1270, 1297, 1319, 1371, 1407, 1463, 1488, 1543, 1599, 1638, 1719, 1739, 1833, 1863, 1914, 2019, 2119, 2143, 2171, 2189, 2313, 2869, 2869, 3019, 3065, 3625, 3625, 3625, 5031, 5031, 5979, 5979, 5979, 5979, 5979, 21983, 21983], "Percentiles": [0.0, 0.1, 0.2, 0.3, 0.4, 0.5, 0.55, 0.6, 0.65, 0.7, 0.75, 0.775, 0.8, 0.825, 0.85, 0.875, 0.8875, 0.9, 0.9125, 0.925, 0.9375, 0.94375, 0.95, 0.95625, 0.9625, 0.96875, 0.971875, 0.975, 0.978125, 0.98125, 0.984375, 0.985938, 0.9875, 0.989062, 0.990625, 0.992188, 0.992969, 0.99375, 0.994531, 0.995313, 0.996094, 0.996484, 0.996875, 0.997266, 0.997656, 0.998047, 0.998242, 0.998437, 0.998633, 0.998828, 0.999023, 0.999121, 0.999219, 0.999316, 0.999414, 0.999512, 0.999561, 0.999609, 0.999658, 0.999707, 0.999756, 0.99978, 0.999805, 0.999829, 0.999854, 0.999878, 0.99989, 0.999902, 0.999915, 0.999927, 0.999939, 0.999945, 0.999951, 0.999957, 0.999963, 0.999969, 0.999973, 0.999976, 0.999979, 0.999982, 0.999985, 0.999986, 0.999988, 0.999989, 0.999991, 0.999992, 1.0]}