{
    "Values": [
        861,
        1118,
        1161,
        1197,
        1233,
        1267,
        1284,
        1301,
        1319,
        1340,
        1362,
        1372,
        1385,
        1398,
        1412,
        1434,
        1448,
        1464,
        1483,
        1499,
        1514,
        1522,
        1531,
        1546,
        1575,
        1647,
        1703,
        1764,
        1824,
        1907,
        1992,
        2021,
        2075,
        2121,
        2173,
        2301,
        2361,
        2411,
        2471,
        2569,
        2705,
        2791,
        2939,
        3095,
        3343,
        4069,
        4519,
        4975,
        5643,
        6283,
        6487,
        6671,
        6787,
        8079,
        8567,
        9431,
        9495,
        9751,
        9751,
        9759,
        9991,
        9991,
        10007,
        10007,
        10007,
        10247,
        10247,
        10247,
        10247,
        10247,
        11383,
        11383
    ],
    "Percentiles": [
        0.0,
        0.1,
        0.2,
        0.3,
        0.4,
        0.5,
        0.55,
        0.6,
        0.65,
        0.7,
        0.75,
        0.775,
        0.8,
        0.825,
        0.85,
        0.875,
        0.8875,
        0.9,
        0.9125,
        0.925,
        0.9375,
        0.94375,
        0.95,
        0.95625,
        0.9625,
        0.96875,
        0.971875,
        0.975,
        0.978125,
        0.98125,
        0.984375,
        0.985938,
        0.9875,
        0.989062,
        0.990625,
        0.992188,
        0.992969,
        0.99375,
        0.994531,
        0.995313,
        0.996094,
        0.996484,
        0.996875,
        0.997266,
        0.997656,
        0.998047,
        0.998242,
        0.998437,
        0.998633,
        0.998828,
        0.999023,
        0.999121,
        0.999219,
        0.999316,
        0.999414,
        0.999512,
        0.999561,
        0.999609,
        0.999658,
        0.999707,
        0.999756,
        0.99978,
        0.999805,
        0.999829,
        0.999854,
        0.999878,
        0.99989,
        0.999902,
        0.999915,
        0.999927,
        0.999939,
        1.0
    ]
}