{"Values": [437, 462, 467, 471, 474, 477, 479, 481, 482, 484, 486, 487, 489, 490, 492, 494, 495, 496, 498, 499, 501, 502, 503, 504, 505, 507, 508, 509, 510, 511, 513, 514, 515, 516, 518, 520, 521, 522, 525, 526, 528, 530, 533, 538, 543, 562, 594, 607, 620, 633, 649, 659, 671, 685, 692, 710, 732, 771, 843, 880, 915, 939, 976, 979, 1028, 1043, 1049, 1049, 1089, 1089, 1142, 1142, 1142, 1265, 1265, 1265, 1265, 1265, 1393, 1393], "Percentiles": [0.0, 0.1, 0.2, 0.3, 0.4, 0.5, 0.55, 0.6, 0.65, 0.7, 0.75, 0.775, 0.8, 0.825, 0.85, 0.875, 0.8875, 0.9, 0.9125, 0.925, 0.9375, 0.94375, 0.95, 0.95625, 0.9625, 0.96875, 0.971875, 0.975, 0.978125, 0.98125, 0.984375, 0.985938, 0.9875, 0.989062, 0.990625, 0.992188, 0.992969, 0.99375, 0.994531, 0.995313, 0.996094, 0.996484, 0.996875, 0.997266, 0.997656, 0.998047, 0.998242, 0.998437, 0.998633, 0.998828, 0.999023, 0.999121, 0.999219, 0.999316, 0.999414, 0.999512, 0.999561, 0.999609, 0.999658, 0.999707, 0.999756, 0.99978, 0.999805, 0.999829, 0.999854, 0.999878, 0.99989, 0.999902, 0.999915, 0.999927, 0.999939, 0.999945, 0.999951, 0.999957, 0.999963, 0.999969, 0.999973, 0.999976, 0.999979, 1.0]}