{"Values": [35, 46, 48, 48, 49, 49, 50, 51, 51, 56, 60, 61, 61, 63, 65, 69, 69, 70, 72, 75, 87, 91, 106, 113, 116, 118, 118, 120, 121, 125, 128, 130, 130, 132, 133, 137, 142, 144, 148, 151, 152, 153, 156, 159, 165, 168, 173, 176, 177, 188, 295, 380, 478, 518, 643, 661, 670, 678, 690, 1077, 1211, 1280, 1281, 1282, 1283, 1285, 1285, 1286, 1287, 1294, 1299, 1305, 1310, 1313, 1341, 1383, 1392, 1428, 1472, 1486, 1490, 1537, 1537, 1794, 1794, 3107, 3107, 3107, 3213, 3213, 3213, 3213, 3213, 3227, 3227], "Percentiles": [0.0, 0.1, 0.2, 0.3, 0.4, 0.5, 0.55, 0.6, 0.65, 0.7, 0.75, 0.775, 0.8, 0.825, 0.85, 0.875, 0.8875, 0.9, 0.9125, 0.925, 0.9375, 0.94375, 0.95, 0.95625, 0.9625, 0.96875, 0.971875, 0.975, 0.978125, 0.98125, 0.984375, 0.985938, 0.9875, 0.989062, 0.990625, 0.992188, 0.992969, 0.99375, 0.994531, 0.995313, 0.996094, 0.996484, 0.996875, 0.997266, 0.997656, 0.998047, 0.998242, 0.998437, 0.998633, 0.998828, 0.999023, 0.999121, 0.999219, 0.999316, 0.999414, 0.999512, 0.999561, 0.999609, 0.999658, 0.999707, 0.999756, 0.99978, 0.999805, 0.999829, 0.999854, 0.999878, 0.99989, 0.999902, 0.999915, 0.999927, 0.999939, 0.999945, 0.999951, 0.999957, 0.999963, 0.999969, 0.999973, 0.999976, 0.999979, 0.999982, 0.999985, 0.999986, 0.999988, 0.999989, 0.999991, 0.999992, 0.999993, 0.999994, 0.999995, 0.999995, 0.999996, 0.999997, 0.999997, 0.999997, 1.0]}