{"Values": [427, 441, 443, 445, 447, 449, 450, 451, 453, 455, 457, 458, 460, 462, 465, 469, 471, 474, 477, 482, 489, 493, 500, 507, 514, 522, 528, 535, 543, 555, 578, 597, 615, 636, 673, 723, 753, 811, 871, 955, 1070, 1187, 1267, 1376, 1509, 1618, 1754, 1828, 1973, 2263, 2403, 2447, 2551, 2627, 2835, 3005, 3069, 3285, 3331, 3577, 3581, 3707, 3723, 3737, 3919, 4483, 4751, 4751, 4779, 4779, 4823, 4823, 4823, 4943, 4943, 4943, 4943, 4943, 4947, 4947], "Percentiles": [0.0, 0.1, 0.2, 0.3, 0.4, 0.5, 0.55, 0.6, 0.65, 0.7, 0.75, 0.775, 0.8, 0.825, 0.85, 0.875, 0.8875, 0.9, 0.9125, 0.925, 0.9375, 0.94375, 0.95, 0.95625, 0.9625, 0.96875, 0.971875, 0.975, 0.978125, 0.98125, 0.984375, 0.985938, 0.9875, 0.989062, 0.990625, 0.992188, 0.992969, 0.99375, 0.994531, 0.995313, 0.996094, 0.996484, 0.996875, 0.997266, 0.997656, 0.998047, 0.998242, 0.998437, 0.998633, 0.998828, 0.999023, 0.999121, 0.999219, 0.999316, 0.999414, 0.999512, 0.999561, 0.999609, 0.999658, 0.999707, 0.999756, 0.99978, 0.999805, 0.999829, 0.999854, 0.999878, 0.99989, 0.999902, 0.999915, 0.999927, 0.999939, 0.999945, 0.999951, 0.999957, 0.999963, 0.999969, 0.999973, 0.999976, 0.999979, 1.0]}