{"Values": [201, 223, 225, 227, 229, 230, 231, 232, 234, 235, 236, 237, 237, 238, 239, 240, 241, 241, 242, 243, 244, 245, 246, 247, 248, 249, 249, 250, 251, 252, 253, 254, 254, 255, 256, 258, 259, 260, 261, 262, 264, 265, 266, 267, 268, 270, 271, 273, 275, 278, 281, 284, 288, 301, 326, 341, 354, 362, 369, 372, 381, 385, 390, 401, 410, 415, 416, 418, 420, 424, 427, 444, 444, 490, 490, 497, 497, 497, 513, 513, 513, 513, 513, 869, 869], "Percentiles": [0.0, 0.1, 0.2, 0.3, 0.4, 0.5, 0.55, 0.6, 0.65, 0.7, 0.75, 0.775, 0.8, 0.825, 0.85, 0.875, 0.8875, 0.9, 0.9125, 0.925, 0.9375, 0.94375, 0.95, 0.95625, 0.9625, 0.96875, 0.971875, 0.975, 0.978125, 0.98125, 0.984375, 0.985938, 0.9875, 0.989062, 0.990625, 0.992188, 0.992969, 0.99375, 0.994531, 0.995313, 0.996094, 0.996484, 0.996875, 0.997266, 0.997656, 0.998047, 0.998242, 0.998437, 0.998633, 0.998828, 0.999023, 0.999121, 0.999219, 0.999316, 0.999414, 0.999512, 0.999561, 0.999609, 0.999658, 0.999707, 0.999756, 0.99978, 0.999805, 0.999829, 0.999854, 0.999878, 0.99989, 0.999902, 0.999915, 0.999927, 0.999939, 0.999945, 0.999951, 0.999957, 0.999963, 0.999969, 0.999973, 0.999976, 0.999979, 0.999982, 0.999985, 0.999986, 0.999988, 0.999989, 1.0]}