{"Values": [260, 617, 665, 692, 715, 734, 743, 755, 765, 771, 778, 783, 789, 797, 805, 814, 819, 824, 831, 838, 846, 853, 860, 868, 879, 892, 900, 909, 921, 941, 971, 987, 1016, 1061, 1112, 1186, 1214, 1264, 1314, 1402, 1469, 1521, 1573, 1636, 1702, 1803, 1879, 1921, 2006, 2169, 2667, 2881, 3307, 4695, 4959, 5139, 5995, 6475, 7167, 7715, 7719, 7955, 7955, 7991, 8303, 8303, 8407, 8407, 8407, 9111, 9111, 9111, 9111, 9111, 42143, 42143], "Percentiles": [0.0, 0.1, 0.2, 0.3, 0.4, 0.5, 0.55, 0.6, 0.65, 0.7, 0.75, 0.775, 0.8, 0.825, 0.85, 0.875, 0.8875, 0.9, 0.9125, 0.925, 0.9375, 0.94375, 0.95, 0.95625, 0.9625, 0.96875, 0.971875, 0.975, 0.978125, 0.98125, 0.984375, 0.985938, 0.9875, 0.989062, 0.990625, 0.992188, 0.992969, 0.99375, 0.994531, 0.995313, 0.996094, 0.996484, 0.996875, 0.997266, 0.997656, 0.998047, 0.998242, 0.998437, 0.998633, 0.998828, 0.999023, 0.999121, 0.999219, 0.999316, 0.999414, 0.999512, 0.999561, 0.999609, 0.999658, 0.999707, 0.999756, 0.99978, 0.999805, 0.999829, 0.999854, 0.999878, 0.99989, 0.999902, 0.999915, 0.999927, 0.999939, 0.999945, 0.999951, 0.999957, 0.999963, 1.0]}