{"Values": [184, 247, 277, 309, 348, 394, 420, 449, 481, 521, 565, 594, 626, 666, 709, 763, 795, 831, 871, 917, 974, 1009, 1045, 1091, 1160, 1340, 1420, 1497, 1568, 1645, 1719, 1765, 1803, 1858, 1917, 1996, 2030, 2063, 2107, 2153, 2203, 2245, 2287, 2335, 2379, 2457, 2503, 2545, 2645, 2721, 2829, 2869, 2977, 3009, 3123, 3159, 3225, 3293, 3447, 3519, 4073, 4171, 4455, 4459, 4467, 4643, 4643, 5991, 5991, 6259, 6259, 6259, 6895, 6895, 6895, 6895, 6895, 7043, 7043], "Percentiles": [0.0, 0.1, 0.2, 0.3, 0.4, 0.5, 0.55, 0.6, 0.65, 0.7, 0.75, 0.775, 0.8, 0.825, 0.85, 0.875, 0.8875, 0.9, 0.9125, 0.925, 0.9375, 0.94375, 0.95, 0.95625, 0.9625, 0.96875, 0.971875, 0.975, 0.978125, 0.98125, 0.984375, 0.985938, 0.9875, 0.989062, 0.990625, 0.992188, 0.992969, 0.99375, 0.994531, 0.995313, 0.996094, 0.996484, 0.996875, 0.997266, 0.997656, 0.998047, 0.998242, 0.998437, 0.998633, 0.998828, 0.999023, 0.999121, 0.999219, 0.999316, 0.999414, 0.999512, 0.999561, 0.999609, 0.999658, 0.999707, 0.999756, 0.99978, 0.999805, 0.999829, 0.999854, 0.999878, 0.99989, 0.999902, 0.999915, 0.999927, 0.999939, 0.999945, 0.999951, 0.999957, 0.999963, 0.999969, 0.999973, 0.999976, 1.0]}