{"Values": [663, 683, 685, 686, 688, 689, 690, 691, 691, 693, 694, 695, 696, 697, 698, 700, 701, 702, 704, 707, 710, 712, 715, 719, 726, 739, 753, 773, 789, 794, 796, 798, 799, 800, 802, 804, 805, 808, 810, 814, 819, 826, 838, 860, 884, 913, 937, 983, 1012, 1025, 1046, 1058, 1092, 1178, 1219, 1406, 1563, 1582, 1707, 2011, 2051, 2459, 2539, 2581, 2581, 2665, 2665, 2701, 2701, 2701, 4103, 4103, 4103, 4103, 4103, 14671, 14671], "Percentiles": [0.0, 0.1, 0.2, 0.3, 0.4, 0.5, 0.55, 0.6, 0.65, 0.7, 0.75, 0.775, 0.8, 0.825, 0.85, 0.875, 0.8875, 0.9, 0.9125, 0.925, 0.9375, 0.94375, 0.95, 0.95625, 0.9625, 0.96875, 0.971875, 0.975, 0.978125, 0.98125, 0.984375, 0.985938, 0.9875, 0.989062, 0.990625, 0.992188, 0.992969, 0.99375, 0.994531, 0.995313, 0.996094, 0.996484, 0.996875, 0.997266, 0.997656, 0.998047, 0.998242, 0.998437, 0.998633, 0.998828, 0.999023, 0.999121, 0.999219, 0.999316, 0.999414, 0.999512, 0.999561, 0.999609, 0.999658, 0.999707, 0.999756, 0.99978, 0.999805, 0.999829, 0.999854, 0.999878, 0.99989, 0.999902, 0.999915, 0.999927, 0.999939, 0.999945, 0.999951, 0.999957, 0.999963, 0.999969, 1.0]}