{"Values": [191, 234, 248, 263, 287, 321, 343, 367, 394, 422, 457, 479, 507, 538, 577, 623, 652, 686, 727, 772, 832, 866, 902, 947, 1001, 1071, 1115, 1244, 1353, 1514, 1630, 1690, 1760, 1847, 1916, 2022, 2081, 2139, 2213, 2311, 2393, 2423, 2503, 2563, 2697, 2823, 2865, 2981, 3097, 3281, 3381, 3505, 3643, 3821, 4143, 4363, 4407, 4907, 7143, 7311, 7375, 7475, 7479, 7515, 7607, 7607, 7607, 7607, 7607, 8063, 8099, 8099, 8099, 8099, 8967, 8967, 8967, 8967, 8967, 9039, 9039], "Percentiles": [0.0, 0.1, 0.2, 0.3, 0.4, 0.5, 0.55, 0.6, 0.65, 0.7, 0.75, 0.775, 0.8, 0.825, 0.85, 0.875, 0.8875, 0.9, 0.9125, 0.925, 0.9375, 0.94375, 0.95, 0.95625, 0.9625, 0.96875, 0.971875, 0.975, 0.978125, 0.98125, 0.984375, 0.985938, 0.9875, 0.989062, 0.990625, 0.992188, 0.992969, 0.99375, 0.994531, 0.995313, 0.996094, 0.996484, 0.996875, 0.997266, 0.997656, 0.998047, 0.998242, 0.998437, 0.998633, 0.998828, 0.999023, 0.999121, 0.999219, 0.999316, 0.999414, 0.999512, 0.999561, 0.999609, 0.999658, 0.999707, 0.999756, 0.99978, 0.999805, 0.999829, 0.999854, 0.999878, 0.99989, 0.999902, 0.999915, 0.999927, 0.999939, 0.999945, 0.999951, 0.999957, 0.999963, 0.999969, 0.999973, 0.999976, 0.999979, 0.999982, 1.0]}