{"Values": [41, 49, 51, 52, 60, 61, 62, 63, 63, 66, 69, 69, 70, 71, 72, 72, 74, 76, 86, 89, 98, 114, 118, 120, 125, 130, 130, 131, 132, 133, 140, 147, 151, 156, 160, 165, 167, 168, 173, 175, 179, 184, 193, 226, 306, 372, 434, 479, 528, 635, 871, 1047, 1126, 1266, 1279, 1281, 1283, 1284, 1286, 1290, 1301, 1347, 1381, 1441, 1529, 1699, 1834, 1909, 1994, 2037, 2061, 2195, 2463, 3333, 3441, 3469, 3471, 3491, 3493, 3529, 3533, 3533, 3535, 3535, 3619, 3619, 3619, 3621, 3621, 3621, 3621, 3621, 3759, 3759], "Percentiles": [0.0, 0.1, 0.2, 0.3, 0.4, 0.5, 0.55, 0.6, 0.65, 0.7, 0.75, 0.775, 0.8, 0.825, 0.85, 0.875, 0.8875, 0.9, 0.9125, 0.925, 0.9375, 0.94375, 0.95, 0.95625, 0.9625, 0.96875, 0.971875, 0.975, 0.978125, 0.98125, 0.984375, 0.985938, 0.9875, 0.989062, 0.990625, 0.992188, 0.992969, 0.99375, 0.994531, 0.995313, 0.996094, 0.996484, 0.996875, 0.997266, 0.997656, 0.998047, 0.998242, 0.998437, 0.998633, 0.998828, 0.999023, 0.999121, 0.999219, 0.999316, 0.999414, 0.999512, 0.999561, 0.999609, 0.999658, 0.999707, 0.999756, 0.99978, 0.999805, 0.999829, 0.999854, 0.999878, 0.99989, 0.999902, 0.999915, 0.999927, 0.999939, 0.999945, 0.999951, 0.999957, 0.999963, 0.999969, 0.999973, 0.999976, 0.999979, 0.999982, 0.999985, 0.999986, 0.999988, 0.999989, 0.999991, 0.999992, 0.999993, 0.999994, 0.999995, 0.999995, 0.999996, 0.999997, 0.999997, 1.0]}