{"Values": [690, 1017, 1093, 1163, 1207, 1243, 1260, 1275, 1291, 1314, 1332, 1344, 1359, 1383, 1404, 1425, 1436, 1448, 1463, 1479, 1494, 1502, 1513, 1530, 1575, 1642, 1688, 1742, 1813, 1887, 1973, 2023, 2079, 2139, 2205, 2297, 2331, 2385, 2441, 2501, 2639, 2693, 2787, 2969, 3081, 3333, 3443, 3549, 4195, 4875, 5455, 6523, 8183, 8375, 8431, 8727, 8887, 8887, 8983, 9047, 9175, 9175, 9175, 9327, 9327, 9743, 9743, 9743, 9743, 9743, 10463, 10463], "Percentiles": [0.0, 0.1, 0.2, 0.3, 0.4, 0.5, 0.55, 0.6, 0.65, 0.7, 0.75, 0.775, 0.8, 0.825, 0.85, 0.875, 0.8875, 0.9, 0.9125, 0.925, 0.9375, 0.94375, 0.95, 0.95625, 0.9625, 0.96875, 0.971875, 0.975, 0.978125, 0.98125, 0.984375, 0.985938, 0.9875, 0.989062, 0.990625, 0.992188, 0.992969, 0.99375, 0.994531, 0.995313, 0.996094, 0.996484, 0.996875, 0.997266, 0.997656, 0.998047, 0.998242, 0.998437, 0.998633, 0.998828, 0.999023, 0.999121, 0.999219, 0.999316, 0.999414, 0.999512, 0.999561, 0.999609, 0.999658, 0.999707, 0.999756, 0.99978, 0.999805, 0.999829, 0.999854, 0.999878, 0.99989, 0.999902, 0.999915, 0.999927, 0.999939, 1.0]}