{"Values": [277, 638, 777, 828, 851, 861, 866, 871, 877, 884, 890, 894, 898, 903, 908, 914, 918, 924, 930, 938, 948, 954, 961, 968, 976, 985, 991, 998, 1009, 1022, 1041, 1051, 1061, 1074, 1098, 1131, 1166, 1206, 1265, 1318, 1382, 1402, 1442, 1513, 1562, 1601, 1630, 1664, 1714, 1754, 1800, 1823, 1836, 1847, 1852, 1902, 1902, 1904, 2099, 2181, 2373, 2373, 2489, 2489, 2589, 2793, 2793, 2793, 2793, 4723, 4723, 4723, 4723, 4723, 5251, 5251], "Percentiles": [0.0, 0.1, 0.2, 0.3, 0.4, 0.5, 0.55, 0.6, 0.65, 0.7, 0.75, 0.775, 0.8, 0.825, 0.85, 0.875, 0.8875, 0.9, 0.9125, 0.925, 0.9375, 0.94375, 0.95, 0.95625, 0.9625, 0.96875, 0.971875, 0.975, 0.978125, 0.98125, 0.984375, 0.985938, 0.9875, 0.989062, 0.990625, 0.992188, 0.992969, 0.99375, 0.994531, 0.995313, 0.996094, 0.996484, 0.996875, 0.997266, 0.997656, 0.998047, 0.998242, 0.998437, 0.998633, 0.998828, 0.999023, 0.999121, 0.999219, 0.999316, 0.999414, 0.999512, 0.999561, 0.999609, 0.999658, 0.999707, 0.999756, 0.99978, 0.999805, 0.999829, 0.999854, 0.999878, 0.99989, 0.999902, 0.999915, 0.999927, 0.999939, 0.999945, 0.999951, 0.999957, 0.999963, 1.0]}