{"Values": [641, 681, 683, 685, 687, 691, 693, 695, 696, 698, 700, 701, 702, 703, 704, 706, 707, 708, 709, 710, 712, 712, 713, 715, 716, 717, 718, 719, 721, 722, 724, 725, 726, 729, 730, 732, 734, 735, 737, 740, 743, 745, 748, 752, 756, 767, 770, 777, 783, 792, 810, 831, 847, 882, 920, 1039, 1380, 2199, 2497, 2849, 3031, 3031, 3083, 3149, 3149, 3607, 3607, 3715, 3715, 3715, 3821, 3821, 3821, 3821, 3821, 4919, 4919], "Percentiles": [0.0, 0.1, 0.2, 0.3, 0.4, 0.5, 0.55, 0.6, 0.65, 0.7, 0.75, 0.775, 0.8, 0.825, 0.85, 0.875, 0.8875, 0.9, 0.9125, 0.925, 0.9375, 0.94375, 0.95, 0.95625, 0.9625, 0.96875, 0.971875, 0.975, 0.978125, 0.98125, 0.984375, 0.985938, 0.9875, 0.989062, 0.990625, 0.992188, 0.992969, 0.99375, 0.994531, 0.995313, 0.996094, 0.996484, 0.996875, 0.997266, 0.997656, 0.998047, 0.998242, 0.998437, 0.998633, 0.998828, 0.999023, 0.999121, 0.999219, 0.999316, 0.999414, 0.999512, 0.999561, 0.999609, 0.999658, 0.999707, 0.999756, 0.99978, 0.999805, 0.999829, 0.999854, 0.999878, 0.99989, 0.999902, 0.999915, 0.999927, 0.999939, 0.999945, 0.999951, 0.999957, 0.999963, 0.999969, 1.0]}