{"Values": [864, 1108, 1156, 1196, 1231, 1268, 1282, 1297, 1315, 1333, 1352, 1365, 1382, 1399, 1419, 1437, 1450, 1462, 1477, 1489, 1499, 1507, 1518, 1535, 1561, 1635, 1692, 1742, 1805, 1863, 1921, 1972, 2017, 2061, 2127, 2203, 2255, 2299, 2357, 2405, 2557, 2583, 2673, 2855, 3051, 3159, 3241, 3333, 3453, 3753, 5171, 5407, 5479, 5987, 6187, 6307, 6355, 6355, 6367, 8023, 8031, 8031, 8031, 8615, 8615, 8847, 8847, 8847, 8847, 8847, 10679, 10679], "Percentiles": [0.0, 0.1, 0.2, 0.3, 0.4, 0.5, 0.55, 0.6, 0.65, 0.7, 0.75, 0.775, 0.8, 0.825, 0.85, 0.875, 0.8875, 0.9, 0.9125, 0.925, 0.9375, 0.94375, 0.95, 0.95625, 0.9625, 0.96875, 0.971875, 0.975, 0.978125, 0.98125, 0.984375, 0.985938, 0.9875, 0.989062, 0.990625, 0.992188, 0.992969, 0.99375, 0.994531, 0.995313, 0.996094, 0.996484, 0.996875, 0.997266, 0.997656, 0.998047, 0.998242, 0.998437, 0.998633, 0.998828, 0.999023, 0.999121, 0.999219, 0.999316, 0.999414, 0.999512, 0.999561, 0.999609, 0.999658, 0.999707, 0.999756, 0.99978, 0.999805, 0.999829, 0.999854, 0.999878, 0.99989, 0.999902, 0.999915, 0.999927, 0.999939, 1.0]}