{"Values": [292, 641, 671, 693, 716, 779, 823, 848, 862, 871, 879, 883, 888, 892, 897, 903, 907, 912, 917, 924, 934, 941, 950, 960, 972, 986, 995, 1009, 1021, 1040, 1063, 1083, 1104, 1136, 1189, 1269, 1297, 1339, 1413, 1450, 1524, 1555, 1595, 1668, 1709, 1758, 1793, 1844, 1957, 2069, 2177, 2269, 2345, 2511, 2559, 2647, 2717, 2771, 2971, 3029, 3535, 3721, 4243, 4243, 5111, 5111, 5503, 5503, 5503, 8191, 8191, 8191, 8191, 8191, 8279, 8279], "Percentiles": [0.0, 0.1, 0.2, 0.3, 0.4, 0.5, 0.55, 0.6, 0.65, 0.7, 0.75, 0.775, 0.8, 0.825, 0.85, 0.875, 0.8875, 0.9, 0.9125, 0.925, 0.9375, 0.94375, 0.95, 0.95625, 0.9625, 0.96875, 0.971875, 0.975, 0.978125, 0.98125, 0.984375, 0.985938, 0.9875, 0.989062, 0.990625, 0.992188, 0.992969, 0.99375, 0.994531, 0.995313, 0.996094, 0.996484, 0.996875, 0.997266, 0.997656, 0.998047, 0.998242, 0.998437, 0.998633, 0.998828, 0.999023, 0.999121, 0.999219, 0.999316, 0.999414, 0.999512, 0.999561, 0.999609, 0.999658, 0.999707, 0.999756, 0.99978, 0.999805, 0.999829, 0.999854, 0.999878, 0.99989, 0.999902, 0.999915, 0.999927, 0.999939, 0.999945, 0.999951, 0.999957, 0.999963, 1.0]}