{"Values": [107, 129, 131, 133, 134, 136, 137, 138, 138, 139, 140, 140, 141, 141, 142, 144, 145, 146, 147, 149, 151, 153, 155, 157, 159, 162, 164, 167, 170, 174, 178, 181, 186, 191, 198, 207, 214, 221, 230, 240, 254, 264, 278, 295, 316, 350, 373, 393, 414, 449, 486, 513, 567, 596, 640, 670, 697, 731, 759, 852, 898, 926, 1009, 1065, 1164, 1327, 1474, 1513, 1554, 1601, 1801, 1809, 1889, 1889, 2233, 2999, 3205, 3205, 3205, 11511, 11511, 11559, 11559, 11559, 11559, 11559, 12847, 12847], "Percentiles": [0.0, 0.1, 0.2, 0.3, 0.4, 0.5, 0.55, 0.6, 0.65, 0.7, 0.75, 0.775, 0.8, 0.825, 0.85, 0.875, 0.8875, 0.9, 0.9125, 0.925, 0.9375, 0.94375, 0.95, 0.95625, 0.9625, 0.96875, 0.971875, 0.975, 0.978125, 0.98125, 0.984375, 0.985938, 0.9875, 0.989062, 0.990625, 0.992188, 0.992969, 0.99375, 0.994531, 0.995313, 0.996094, 0.996484, 0.996875, 0.997266, 0.997656, 0.998047, 0.998242, 0.998437, 0.998633, 0.998828, 0.999023, 0.999121, 0.999219, 0.999316, 0.999414, 0.999512, 0.999561, 0.999609, 0.999658, 0.999707, 0.999756, 0.99978, 0.999805, 0.999829, 0.999854, 0.999878, 0.99989, 0.999902, 0.999915, 0.999927, 0.999939, 0.999945, 0.999951, 0.999957, 0.999963, 0.999969, 0.999973, 0.999976, 0.999979, 0.999982, 0.999985, 0.999986, 0.999988, 0.999989, 0.999991, 0.999992, 0.999993, 1.0]}