{"Values": [48, 62, 65, 66, 69, 72, 73, 74, 76, 78, 79, 81, 83, 85, 87, 90, 91, 93, 94, 96, 98, 99, 100, 101, 103, 105, 106, 107, 108, 110, 112, 113, 114, 116, 117, 119, 120, 122, 123, 125, 127, 129, 130, 132, 134, 136, 138, 139, 141, 144, 147, 149, 152, 153, 158, 161, 170, 175, 181, 185, 191, 199, 201, 206, 213, 228, 235, 245, 249, 269, 310, 327, 331, 461, 496, 515, 521, 913, 956, 2379, 2379, 2907, 2907, 3469, 3469, 3469, 4079, 4079, 4079, 4079, 4079, 4127, 4127], "Percentiles": [0.0, 0.1, 0.2, 0.3, 0.4, 0.5, 0.55, 0.6, 0.65, 0.7, 0.75, 0.775, 0.8, 0.825, 0.85, 0.875, 0.8875, 0.9, 0.9125, 0.925, 0.9375, 0.94375, 0.95, 0.95625, 0.9625, 0.96875, 0.971875, 0.975, 0.978125, 0.98125, 0.984375, 0.985938, 0.9875, 0.989062, 0.990625, 0.992188, 0.992969, 0.99375, 0.994531, 0.995313, 0.996094, 0.996484, 0.996875, 0.997266, 0.997656, 0.998047, 0.998242, 0.998437, 0.998633, 0.998828, 0.999023, 0.999121, 0.999219, 0.999316, 0.999414, 0.999512, 0.999561, 0.999609, 0.999658, 0.999707, 0.999756, 0.99978, 0.999805, 0.999829, 0.999854, 0.999878, 0.99989, 0.999902, 0.999915, 0.999927, 0.999939, 0.999945, 0.999951, 0.999957, 0.999963, 0.999969, 0.999973, 0.999976, 0.999979, 0.999982, 0.999985, 0.999986, 0.999988, 0.999989, 0.999991, 0.999992, 0.999993, 0.999994, 0.999995, 0.999995, 0.999996, 0.999997, 1.0]}