{"Values": [649, 919, 939, 958, 968, 977, 983, 991, 1001, 1016, 1025, 1028, 1033, 1038, 1046, 1058, 1066, 1077, 1084, 1090, 1100, 1108, 1120, 1140, 1183, 1248, 1286, 1352, 1413, 1464, 1509, 1540, 1558, 1588, 1617, 1661, 1689, 1711, 1762, 1801, 1844, 1855, 1888, 1910, 1923, 1954, 1979, 1995, 2010, 2027, 2051, 2075, 2093, 2133, 2179, 2221, 2253, 2311, 2325, 2351, 4423, 4423, 4447, 4447, 5175, 5175, 5175, 6915, 6915, 6915, 6915, 6915, 7019, 7019], "Percentiles": [0.0, 0.1, 0.2, 0.3, 0.4, 0.5, 0.55, 0.6, 0.65, 0.7, 0.75, 0.775, 0.8, 0.825, 0.85, 0.875, 0.8875, 0.9, 0.9125, 0.925, 0.9375, 0.94375, 0.95, 0.95625, 0.9625, 0.96875, 0.971875, 0.975, 0.978125, 0.98125, 0.984375, 0.985938, 0.9875, 0.989062, 0.990625, 0.992188, 0.992969, 0.99375, 0.994531, 0.995313, 0.996094, 0.996484, 0.996875, 0.997266, 0.997656, 0.998047, 0.998242, 0.998437, 0.998633, 0.998828, 0.999023, 0.999121, 0.999219, 0.999316, 0.999414, 0.999512, 0.999561, 0.999609, 0.999658, 0.999707, 0.999756, 0.99978, 0.999805, 0.999829, 0.999854, 0.999878, 0.99989, 0.999902, 0.999915, 0.999927, 0.999939, 0.999945, 0.999951, 1.0]}