{"Values": [94, 110, 119, 135, 205, 324, 408, 508, 839, 1610, 2459, 2931, 3251, 3495, 3849, 4363, 4611, 4819, 4959, 5047, 5195, 5215, 5223, 5287, 5503, 5919, 6131, 6367, 6559, 6687, 6787, 6851, 6899, 6947, 6951, 6955, 6955, 6955, 6959, 6959, 6963, 6963, 6963, 6967, 6967, 6967, 6967, 6967, 6967, 6971, 6971, 6975, 6983, 6995, 6999, 7019, 7019, 7035, 7051, 7051, 7051, 7051, 7059, 7059, 7059, 7331, 7331, 7331, 7331, 7331, 9743, 9743], "Percentiles": [0.0, 0.1, 0.2, 0.3, 0.4, 0.5, 0.55, 0.6, 0.65, 0.7, 0.75, 0.775, 0.8, 0.825, 0.85, 0.875, 0.8875, 0.9, 0.9125, 0.925, 0.9375, 0.94375, 0.95, 0.95625, 0.9625, 0.96875, 0.971875, 0.975, 0.978125, 0.98125, 0.984375, 0.985938, 0.9875, 0.989062, 0.990625, 0.992188, 0.992969, 0.99375, 0.994531, 0.995313, 0.996094, 0.996484, 0.996875, 0.997266, 0.997656, 0.998047, 0.998242, 0.998437, 0.998633, 0.998828, 0.999023, 0.999121, 0.999219, 0.999316, 0.999414, 0.999512, 0.999561, 0.999609, 0.999658, 0.999707, 0.999756, 0.99978, 0.999805, 0.999829, 0.999854, 0.999878, 0.99989, 0.999902, 0.999915, 0.999927, 0.999939, 1.0]}