{"Values": [823, 1049, 1088, 1118, 1143, 1168, 1179, 1191, 1205, 1223, 1241, 1252, 1264, 1279, 1297, 1321, 1336, 1350, 1365, 1382, 1405, 1418, 1440, 1475, 1552, 1676, 1737, 1809, 1877, 1966, 2047, 2087, 2141, 2209, 2295, 2381, 2449, 2527, 2613, 2729, 2831, 2987, 3053, 3183, 3403, 3581, 4081, 4339, 4939, 5447, 5623, 6055, 6319, 6427, 6831, 7011, 7191, 7711, 7819, 7891, 7891, 8103, 8103, 8359, 8359, 8359, 8439, 8439, 8439, 8439, 8439, 9087, 9087], "Percentiles": [0.0, 0.1, 0.2, 0.3, 0.4, 0.5, 0.55, 0.6, 0.65, 0.7, 0.75, 0.775, 0.8, 0.825, 0.85, 0.875, 0.8875, 0.9, 0.9125, 0.925, 0.9375, 0.94375, 0.95, 0.95625, 0.9625, 0.96875, 0.971875, 0.975, 0.978125, 0.98125, 0.984375, 0.985938, 0.9875, 0.989062, 0.990625, 0.992188, 0.992969, 0.99375, 0.994531, 0.995313, 0.996094, 0.996484, 0.996875, 0.997266, 0.997656, 0.998047, 0.998242, 0.998437, 0.998633, 0.998828, 0.999023, 0.999121, 0.999219, 0.999316, 0.999414, 0.999512, 0.999561, 0.999609, 0.999658, 0.999707, 0.999756, 0.99978, 0.999805, 0.999829, 0.999854, 0.999878, 0.99989, 0.999902, 0.999915, 0.999927, 0.999939, 0.999945, 1.0]}