{"Values": [153, 217, 233, 249, 268, 291, 306, 322, 342, 365, 393, 410, 429, 452, 478, 512, 531, 553, 579, 608, 649, 669, 692, 718, 743, 773, 791, 810, 835, 866, 910, 930, 955, 978, 1000, 1027, 1043, 1067, 1110, 1193, 1429, 1502, 1658, 1858, 1972, 2235, 2305, 2383, 2517, 2633, 2899, 2973, 3115, 5739, 6047, 6355, 6631, 7591, 7623, 7715, 7835, 7859, 7927, 7943, 7987, 7995, 7995, 7999, 8091, 8091, 8175, 8175, 8187, 8187, 8187, 8399, 8399, 8399, 8399, 8399, 9551, 9551], "Percentiles": [0.0, 0.1, 0.2, 0.3, 0.4, 0.5, 0.55, 0.6, 0.65, 0.7, 0.75, 0.775, 0.8, 0.825, 0.85, 0.875, 0.8875, 0.9, 0.9125, 0.925, 0.9375, 0.94375, 0.95, 0.95625, 0.9625, 0.96875, 0.971875, 0.975, 0.978125, 0.98125, 0.984375, 0.985938, 0.9875, 0.989062, 0.990625, 0.992188, 0.992969, 0.99375, 0.994531, 0.995313, 0.996094, 0.996484, 0.996875, 0.997266, 0.997656, 0.998047, 0.998242, 0.998437, 0.998633, 0.998828, 0.999023, 0.999121, 0.999219, 0.999316, 0.999414, 0.999512, 0.999561, 0.999609, 0.999658, 0.999707, 0.999756, 0.99978, 0.999805, 0.999829, 0.999854, 0.999878, 0.99989, 0.999902, 0.999915, 0.999927, 0.999939, 0.999945, 0.999951, 0.999957, 0.999963, 0.999969, 0.999973, 0.999976, 0.999979, 0.999982, 0.999985, 1.0]}