{"Values": [85, 99, 106, 122, 251, 3527, 6231, 6287, 6411, 6491, 6591, 8231, 8767, 8911, 9095, 9111, 9119, 9127, 9135, 9135, 9143, 9143, 9151, 9151, 9151, 9159, 9159, 9159, 9167, 9167, 9167, 9167, 9167, 9175, 9175, 9175, 9183, 9183, 9183, 9183, 9199, 9199, 9207, 9215, 9215, 9215, 9223, 9247, 9255, 9271, 9319, 9319, 9383, 9383, 9479, 9479, 9479, 9527, 9527, 9527, 9527, 9527, 9815, 9815], "Percentiles": [0.0, 0.1, 0.2, 0.3, 0.4, 0.5, 0.55, 0.6, 0.65, 0.7, 0.75, 0.775, 0.8, 0.825, 0.85, 0.875, 0.8875, 0.9, 0.9125, 0.925, 0.9375, 0.94375, 0.95, 0.95625, 0.9625, 0.96875, 0.971875, 0.975, 0.978125, 0.98125, 0.984375, 0.985938, 0.9875, 0.989062, 0.990625, 0.992188, 0.992969, 0.99375, 0.994531, 0.995313, 0.996094, 0.996484, 0.996875, 0.997266, 0.997656, 0.998047, 0.998242, 0.998437, 0.998633, 0.998828, 0.999023, 0.999121, 0.999219, 0.999316, 0.999414, 0.999512, 0.999561, 0.999609, 0.999658, 0.999707, 0.999756, 0.99978, 0.999805, 1.0]}