{"Values": [77, 82, 82, 83, 87, 88, 88, 88, 89, 89, 89, 89, 89, 89, 90, 90, 90, 90, 90, 90, 91, 91, 91, 91, 92, 93, 93, 94, 95, 97, 99, 100, 101, 105, 110, 117, 123, 130, 140, 158, 197, 257, 269, 283, 291, 302, 306, 311, 315, 320, 323, 325, 328, 330, 332, 335, 336, 340, 341, 347, 361, 368, 393, 411, 522, 1104, 1105, 1130, 1142, 1152, 1155, 1157, 1161, 1165, 1167, 1177, 1177, 1186, 1212, 1212, 1216, 1216, 1254, 1254, 1254, 1281, 1281, 1281, 1281, 1281, 1362, 1362], "Percentiles": [0.0, 0.1, 0.2, 0.3, 0.4, 0.5, 0.55, 0.6, 0.65, 0.7, 0.75, 0.775, 0.8, 0.825, 0.85, 0.875, 0.8875, 0.9, 0.9125, 0.925, 0.9375, 0.94375, 0.95, 0.95625, 0.9625, 0.96875, 0.971875, 0.975, 0.978125, 0.98125, 0.984375, 0.985938, 0.9875, 0.989062, 0.990625, 0.992188, 0.992969, 0.99375, 0.994531, 0.995313, 0.996094, 0.996484, 0.996875, 0.997266, 0.997656, 0.998047, 0.998242, 0.998437, 0.998633, 0.998828, 0.999023, 0.999121, 0.999219, 0.999316, 0.999414, 0.999512, 0.999561, 0.999609, 0.999658, 0.999707, 0.999756, 0.99978, 0.999805, 0.999829, 0.999854, 0.999878, 0.99989, 0.999902, 0.999915, 0.999927, 0.999939, 0.999945, 0.999951, 0.999957, 0.999963, 0.999969, 0.999973, 0.999976, 0.999979, 0.999982, 0.999985, 0.999986, 0.999988, 0.999989, 0.999991, 0.999992, 0.999993, 0.999994, 0.999995, 0.999995, 0.999996, 1.0]}