{"Values": [450, 678, 706, 725, 747, 772, 794, 820, 840, 860, 884, 897, 916, 943, 966, 982, 987, 993, 999, 1006, 1013, 1017, 1023, 1028, 1036, 1047, 1055, 1064, 1074, 1090, 1107, 1120, 1134, 1156, 1178, 1235, 1287, 1348, 1391, 1449, 1500, 1539, 1574, 1610, 1649, 1695, 1705, 1745, 1754, 1811, 1880, 1884, 1897, 2019, 2030, 2317, 2337, 2393, 2425, 2459, 2669, 2669, 4051, 4051, 5075, 5987, 5987, 5987, 5987, 6283, 6283, 6283, 6283, 6283, 42431, 42431], "Percentiles": [0.0, 0.1, 0.2, 0.3, 0.4, 0.5, 0.55, 0.6, 0.65, 0.7, 0.75, 0.775, 0.8, 0.825, 0.85, 0.875, 0.8875, 0.9, 0.9125, 0.925, 0.9375, 0.94375, 0.95, 0.95625, 0.9625, 0.96875, 0.971875, 0.975, 0.978125, 0.98125, 0.984375, 0.985938, 0.9875, 0.989062, 0.990625, 0.992188, 0.992969, 0.99375, 0.994531, 0.995313, 0.996094, 0.996484, 0.996875, 0.997266, 0.997656, 0.998047, 0.998242, 0.998437, 0.998633, 0.998828, 0.999023, 0.999121, 0.999219, 0.999316, 0.999414, 0.999512, 0.999561, 0.999609, 0.999658, 0.999707, 0.999756, 0.99978, 0.999805, 0.999829, 0.999854, 0.999878, 0.99989, 0.999902, 0.999915, 0.999927, 0.999939, 0.999945, 0.999951, 0.999957, 0.999963, 1.0]}