{"Values": [292, 653, 674, 697, 727, 814, 842, 857, 867, 876, 883, 887, 891, 897, 903, 912, 918, 924, 932, 940, 949, 954, 961, 969, 980, 996, 1006, 1018, 1034, 1054, 1078, 1093, 1120, 1151, 1187, 1252, 1297, 1332, 1395, 1458, 1542, 1565, 1614, 1682, 1708, 1789, 1827, 1838, 1933, 1975, 2047, 2271, 2331, 2549, 2593, 2869, 3081, 3997, 4523, 4943, 5147, 5327, 5407, 5407, 5503, 5503, 5511, 5511, 5511, 6099, 6099, 6099, 6099, 6099, 6443, 6443], "Percentiles": [0.0, 0.1, 0.2, 0.3, 0.4, 0.5, 0.55, 0.6, 0.65, 0.7, 0.75, 0.775, 0.8, 0.825, 0.85, 0.875, 0.8875, 0.9, 0.9125, 0.925, 0.9375, 0.94375, 0.95, 0.95625, 0.9625, 0.96875, 0.971875, 0.975, 0.978125, 0.98125, 0.984375, 0.985938, 0.9875, 0.989062, 0.990625, 0.992188, 0.992969, 0.99375, 0.994531, 0.995313, 0.996094, 0.996484, 0.996875, 0.997266, 0.997656, 0.998047, 0.998242, 0.998437, 0.998633, 0.998828, 0.999023, 0.999121, 0.999219, 0.999316, 0.999414, 0.999512, 0.999561, 0.999609, 0.999658, 0.999707, 0.999756, 0.99978, 0.999805, 0.999829, 0.999854, 0.999878, 0.99989, 0.999902, 0.999915, 0.999927, 0.999939, 0.999945, 0.999951, 0.999957, 0.999963, 1.0]}