{"Values": [596, 633, 643, 651, 657, 664, 667, 670, 674, 678, 682, 685, 687, 690, 694, 697, 699, 702, 704, 707, 710, 712, 714, 716, 719, 722, 723, 726, 728, 730, 733, 735, 738, 740, 743, 748, 750, 754, 758, 766, 778, 787, 797, 813, 831, 848, 854, 861, 866, 876, 884, 891, 915, 1304, 1467, 1611, 1672, 1842, 1957, 2581, 3051, 3353, 3389, 3389, 3653, 5263, 5263, 5283, 5283, 5283, 5663, 5663, 5663, 5663, 5663, 5679, 5679], "Percentiles": [0.0, 0.1, 0.2, 0.3, 0.4, 0.5, 0.55, 0.6, 0.65, 0.7, 0.75, 0.775, 0.8, 0.825, 0.85, 0.875, 0.8875, 0.9, 0.9125, 0.925, 0.9375, 0.94375, 0.95, 0.95625, 0.9625, 0.96875, 0.971875, 0.975, 0.978125, 0.98125, 0.984375, 0.985938, 0.9875, 0.989062, 0.990625, 0.992188, 0.992969, 0.99375, 0.994531, 0.995313, 0.996094, 0.996484, 0.996875, 0.997266, 0.997656, 0.998047, 0.998242, 0.998437, 0.998633, 0.998828, 0.999023, 0.999121, 0.999219, 0.999316, 0.999414, 0.999512, 0.999561, 0.999609, 0.999658, 0.999707, 0.999756, 0.99978, 0.999805, 0.999829, 0.999854, 0.999878, 0.99989, 0.999902, 0.999915, 0.999927, 0.999939, 0.999945, 0.999951, 0.999957, 0.999963, 0.999969, 1.0]}