{"Values": [176, 222, 235, 250, 268, 291, 306, 323, 341, 361, 383, 396, 411, 428, 449, 474, 488, 503, 523, 545, 573, 589, 609, 628, 654, 684, 698, 717, 741, 763, 799, 816, 843, 870, 910, 944, 968, 991, 1025, 1050, 1103, 1173, 1461, 1587, 1753, 1949, 1990, 2051, 2135, 2257, 2473, 2687, 2899, 3117, 3385, 6091, 6331, 6483, 8103, 8527, 13495, 14415, 14567, 14639, 14839, 14919, 14991, 15679, 15975, 15975, 16271, 16271, 16359, 16359, 16359, 16415, 16415, 16415, 16415, 16415, 17087, 17087], "Percentiles": [0.0, 0.1, 0.2, 0.3, 0.4, 0.5, 0.55, 0.6, 0.65, 0.7, 0.75, 0.775, 0.8, 0.825, 0.85, 0.875, 0.8875, 0.9, 0.9125, 0.925, 0.9375, 0.94375, 0.95, 0.95625, 0.9625, 0.96875, 0.971875, 0.975, 0.978125, 0.98125, 0.984375, 0.985938, 0.9875, 0.989062, 0.990625, 0.992188, 0.992969, 0.99375, 0.994531, 0.995313, 0.996094, 0.996484, 0.996875, 0.997266, 0.997656, 0.998047, 0.998242, 0.998437, 0.998633, 0.998828, 0.999023, 0.999121, 0.999219, 0.999316, 0.999414, 0.999512, 0.999561, 0.999609, 0.999658, 0.999707, 0.999756, 0.99978, 0.999805, 0.999829, 0.999854, 0.999878, 0.99989, 0.999902, 0.999915, 0.999927, 0.999939, 0.999945, 0.999951, 0.999957, 0.999963, 0.999969, 0.999973, 0.999976, 0.999979, 0.999982, 0.999985, 1.0]}