{"Values": [385, 749, 777, 799, 817, 832, 836, 841, 846, 852, 859, 864, 869, 875, 882, 891, 896, 902, 908, 917, 927, 932, 940, 948, 958, 970, 977, 986, 998, 1016, 1048, 1071, 1108, 1144, 1211, 1294, 1331, 1379, 1419, 1481, 1526, 1561, 1591, 1635, 1713, 1782, 1835, 1880, 2017, 2189, 2585, 2677, 2797, 2923, 3989, 4367, 4763, 5039, 5055, 5215, 5399, 5399, 5887, 5887, 6379, 7387, 7387, 7387, 7387, 9431, 9431, 9431, 9431, 9431, 49279, 49279], "Percentiles": [0.0, 0.1, 0.2, 0.3, 0.4, 0.5, 0.55, 0.6, 0.65, 0.7, 0.75, 0.775, 0.8, 0.825, 0.85, 0.875, 0.8875, 0.9, 0.9125, 0.925, 0.9375, 0.94375, 0.95, 0.95625, 0.9625, 0.96875, 0.971875, 0.975, 0.978125, 0.98125, 0.984375, 0.985938, 0.9875, 0.989062, 0.990625, 0.992188, 0.992969, 0.99375, 0.994531, 0.995313, 0.996094, 0.996484, 0.996875, 0.997266, 0.997656, 0.998047, 0.998242, 0.998437, 0.998633, 0.998828, 0.999023, 0.999121, 0.999219, 0.999316, 0.999414, 0.999512, 0.999561, 0.999609, 0.999658, 0.999707, 0.999756, 0.99978, 0.999805, 0.999829, 0.999854, 0.999878, 0.99989, 0.999902, 0.999915, 0.999927, 0.999939, 0.999945, 0.999951, 0.999957, 0.999963, 1.0]}