{"Values": [188, 228, 237, 245, 252, 260, 264, 270, 276, 283, 293, 299, 307, 316, 327, 340, 348, 357, 366, 377, 390, 398, 407, 418, 432, 450, 461, 473, 488, 510, 535, 552, 575, 608, 645, 708, 757, 824, 944, 1209, 1664, 1777, 1899, 1950, 2025, 2117, 2209, 2315, 2485, 3087, 3315, 3443, 4543, 4711, 4851, 5059, 6103, 6339, 7195, 8711, 8847, 9391, 10383, 14575, 15855, 16247, 16639, 17103, 17151, 17167, 17167, 17279, 17279, 17439, 17439, 17439, 17951, 17951, 17951, 17951, 17951, 18095, 18095], "Percentiles": [0.0, 0.1, 0.2, 0.3, 0.4, 0.5, 0.55, 0.6, 0.65, 0.7, 0.75, 0.775, 0.8, 0.825, 0.85, 0.875, 0.8875, 0.9, 0.9125, 0.925, 0.9375, 0.94375, 0.95, 0.95625, 0.9625, 0.96875, 0.971875, 0.975, 0.978125, 0.98125, 0.984375, 0.985938, 0.9875, 0.989062, 0.990625, 0.992188, 0.992969, 0.99375, 0.994531, 0.995313, 0.996094, 0.996484, 0.996875, 0.997266, 0.997656, 0.998047, 0.998242, 0.998437, 0.998633, 0.998828, 0.999023, 0.999121, 0.999219, 0.999316, 0.999414, 0.999512, 0.999561, 0.999609, 0.999658, 0.999707, 0.999756, 0.99978, 0.999805, 0.999829, 0.999854, 0.999878, 0.99989, 0.999902, 0.999915, 0.999927, 0.999939, 0.999945, 0.999951, 0.999957, 0.999963, 0.999969, 0.999973, 0.999976, 0.999979, 0.999982, 0.999985, 0.999986, 1.0]}