{"Values": [96, 112, 115, 117, 119, 121, 122, 123, 124, 125, 126, 126, 127, 128, 128, 129, 130, 131, 132, 134, 136, 137, 138, 140, 141, 143, 144, 146, 151, 158, 167, 173, 181, 194, 215, 245, 260, 279, 308, 339, 396, 438, 482, 545, 597, 704, 776, 860, 970, 1103, 1274, 1430, 1617, 1730, 1760, 1856, 1976, 2203, 2595, 2697, 2967, 3293, 3479, 3543, 3615, 4143, 4171, 4207, 4211, 4239, 4267, 4279, 4291, 4311, 4323, 4339, 4339, 4371, 4371, 4439, 4439, 4439, 5223, 5223, 5223, 5223, 5223, 5323, 5323], "Percentiles": [0.0, 0.1, 0.2, 0.3, 0.4, 0.5, 0.55, 0.6, 0.65, 0.7, 0.75, 0.775, 0.8, 0.825, 0.85, 0.875, 0.8875, 0.9, 0.9125, 0.925, 0.9375, 0.94375, 0.95, 0.95625, 0.9625, 0.96875, 0.971875, 0.975, 0.978125, 0.98125, 0.984375, 0.985938, 0.9875, 0.989062, 0.990625, 0.992188, 0.992969, 0.99375, 0.994531, 0.995313, 0.996094, 0.996484, 0.996875, 0.997266, 0.997656, 0.998047, 0.998242, 0.998437, 0.998633, 0.998828, 0.999023, 0.999121, 0.999219, 0.999316, 0.999414, 0.999512, 0.999561, 0.999609, 0.999658, 0.999707, 0.999756, 0.99978, 0.999805, 0.999829, 0.999854, 0.999878, 0.99989, 0.999902, 0.999915, 0.999927, 0.999939, 0.999945, 0.999951, 0.999957, 0.999963, 0.999969, 0.999973, 0.999976, 0.999979, 0.999982, 0.999985, 0.999986, 0.999988, 0.999989, 0.999991, 0.999992, 0.999993, 0.999994, 1.0]}