{"Values": [155, 220, 244, 272, 304, 343, 367, 394, 427, 468, 517, 548, 582, 622, 670, 729, 761, 799, 842, 894, 957, 997, 1042, 1090, 1157, 1330, 1422, 1481, 1539, 1602, 1683, 1723, 1774, 1830, 1888, 1960, 1990, 2030, 2087, 2143, 2207, 2285, 2349, 2421, 2475, 2617, 2673, 2775, 2895, 2973, 3097, 3205, 3293, 3563, 3695, 3813, 3877, 3925, 4063, 4303, 6903, 6971, 7091, 7187, 7275, 7307, 7479, 7479, 7627, 7627, 7755, 7755, 7755, 7759, 7759, 7759, 7759, 7759, 8279, 8279], "Percentiles": [0.0, 0.1, 0.2, 0.3, 0.4, 0.5, 0.55, 0.6, 0.65, 0.7, 0.75, 0.775, 0.8, 0.825, 0.85, 0.875, 0.8875, 0.9, 0.9125, 0.925, 0.9375, 0.94375, 0.95, 0.95625, 0.9625, 0.96875, 0.971875, 0.975, 0.978125, 0.98125, 0.984375, 0.985938, 0.9875, 0.989062, 0.990625, 0.992188, 0.992969, 0.99375, 0.994531, 0.995313, 0.996094, 0.996484, 0.996875, 0.997266, 0.997656, 0.998047, 0.998242, 0.998437, 0.998633, 0.998828, 0.999023, 0.999121, 0.999219, 0.999316, 0.999414, 0.999512, 0.999561, 0.999609, 0.999658, 0.999707, 0.999756, 0.99978, 0.999805, 0.999829, 0.999854, 0.999878, 0.99989, 0.999902, 0.999915, 0.999927, 0.999939, 0.999945, 0.999951, 0.999957, 0.999963, 0.999969, 0.999973, 0.999976, 0.999979, 1.0]}