{"Values": [474, 488, 491, 492, 494, 496, 497, 498, 500, 502, 506, 511, 530, 552, 556, 561, 564, 566, 568, 570, 574, 577, 580, 583, 585, 587, 587, 588, 589, 590, 591, 592, 594, 595, 597, 599, 600, 601, 602, 604, 607, 608, 610, 612, 617, 626, 628, 633, 642, 650, 664, 672, 685, 698, 713, 716, 718, 719, 729, 737, 745, 748, 760, 789, 794, 831, 831, 848, 848, 917, 917, 917, 1611, 1611, 1611, 1611, 1611, 17135, 17135], "Percentiles": [0.0, 0.1, 0.2, 0.3, 0.4, 0.5, 0.55, 0.6, 0.65, 0.7, 0.75, 0.775, 0.8, 0.825, 0.85, 0.875, 0.8875, 0.9, 0.9125, 0.925, 0.9375, 0.94375, 0.95, 0.95625, 0.9625, 0.96875, 0.971875, 0.975, 0.978125, 0.98125, 0.984375, 0.985938, 0.9875, 0.989062, 0.990625, 0.992188, 0.992969, 0.99375, 0.994531, 0.995313, 0.996094, 0.996484, 0.996875, 0.997266, 0.997656, 0.998047, 0.998242, 0.998437, 0.998633, 0.998828, 0.999023, 0.999121, 0.999219, 0.999316, 0.999414, 0.999512, 0.999561, 0.999609, 0.999658, 0.999707, 0.999756, 0.99978, 0.999805, 0.999829, 0.999854, 0.999878, 0.99989, 0.999902, 0.999915, 0.999927, 0.999939, 0.999945, 0.999951, 0.999957, 0.999963, 0.999969, 0.999973, 0.999976, 1.0]}