{"Values": [465, 482, 488, 494, 516, 550, 557, 565, 570, 572, 574, 575, 577, 578, 580, 583, 585, 586, 588, 590, 593, 595, 599, 603, 610, 623, 634, 650, 674, 707, 747, 774, 799, 838, 907, 990, 1068, 1246, 1430, 1703, 1902, 2036, 2205, 2411, 2695, 3303, 3511, 3687, 3851, 4103, 4503, 4727, 4787, 5027, 5251, 5391, 5435, 5455, 5467, 5475, 5491, 5495, 5495, 5499, 5515, 5539, 5575, 5575, 5575, 5687, 5687, 5727, 5727, 5727, 5727, 5727, 8027, 8027], "Percentiles": [0.0, 0.1, 0.2, 0.3, 0.4, 0.5, 0.55, 0.6, 0.65, 0.7, 0.75, 0.775, 0.8, 0.825, 0.85, 0.875, 0.8875, 0.9, 0.9125, 0.925, 0.9375, 0.94375, 0.95, 0.95625, 0.9625, 0.96875, 0.971875, 0.975, 0.978125, 0.98125, 0.984375, 0.985938, 0.9875, 0.989062, 0.990625, 0.992188, 0.992969, 0.99375, 0.994531, 0.995313, 0.996094, 0.996484, 0.996875, 0.997266, 0.997656, 0.998047, 0.998242, 0.998437, 0.998633, 0.998828, 0.999023, 0.999121, 0.999219, 0.999316, 0.999414, 0.999512, 0.999561, 0.999609, 0.999658, 0.999707, 0.999756, 0.99978, 0.999805, 0.999829, 0.999854, 0.999878, 0.99989, 0.999902, 0.999915, 0.999927, 0.999939, 0.999945, 0.999951, 0.999957, 0.999963, 0.999969, 0.999973, 1.0]}