{"Values": [174, 213, 225, 236, 248, 262, 270, 280, 291, 303, 319, 328, 337, 348, 361, 377, 385, 395, 407, 421, 437, 446, 459, 472, 488, 511, 526, 542, 563, 587, 626, 648, 681, 728, 789, 879, 963, 1042, 1219, 1756, 1931, 2001, 2079, 2175, 2251, 2443, 2713, 3245, 4931, 5599, 6787, 6883, 7235, 7719, 8535, 8999, 9319, 11167, 15375, 16191, 16943, 16991, 17295, 17615, 17663, 17775, 17775, 17983, 18031, 18127, 18639, 18639, 18639, 18655, 18655, 18767, 18767, 18767, 18767, 18767, 19919, 19919], "Percentiles": [0.0, 0.1, 0.2, 0.3, 0.4, 0.5, 0.55, 0.6, 0.65, 0.7, 0.75, 0.775, 0.8, 0.825, 0.85, 0.875, 0.8875, 0.9, 0.9125, 0.925, 0.9375, 0.94375, 0.95, 0.95625, 0.9625, 0.96875, 0.971875, 0.975, 0.978125, 0.98125, 0.984375, 0.985938, 0.9875, 0.989062, 0.990625, 0.992188, 0.992969, 0.99375, 0.994531, 0.995313, 0.996094, 0.996484, 0.996875, 0.997266, 0.997656, 0.998047, 0.998242, 0.998437, 0.998633, 0.998828, 0.999023, 0.999121, 0.999219, 0.999316, 0.999414, 0.999512, 0.999561, 0.999609, 0.999658, 0.999707, 0.999756, 0.99978, 0.999805, 0.999829, 0.999854, 0.999878, 0.99989, 0.999902, 0.999915, 0.999927, 0.999939, 0.999945, 0.999951, 0.999957, 0.999963, 0.999969, 0.999973, 0.999976, 0.999979, 0.999982, 0.999985, 1.0]}