{"Values": [621, 936, 964, 982, 997, 1015, 1021, 1026, 1030, 1037, 1047, 1053, 1061, 1070, 1079, 1087, 1090, 1093, 1099, 1107, 1121, 1136, 1164, 1202, 1264, 1357, 1420, 1463, 1504, 1550, 1601, 1623, 1643, 1665, 1712, 1758, 1786, 1826, 1860, 1896, 1937, 1971, 1996, 2025, 2069, 2107, 2123, 2145, 2175, 2235, 2379, 2527, 2529, 2643, 2707, 3479, 3551, 3973, 4203, 4323, 4495, 4495, 5375, 5375, 5995, 5995, 5995, 9479, 9479, 9479, 9479, 9479, 9575, 9575], "Percentiles": [0.0, 0.1, 0.2, 0.3, 0.4, 0.5, 0.55, 0.6, 0.65, 0.7, 0.75, 0.775, 0.8, 0.825, 0.85, 0.875, 0.8875, 0.9, 0.9125, 0.925, 0.9375, 0.94375, 0.95, 0.95625, 0.9625, 0.96875, 0.971875, 0.975, 0.978125, 0.98125, 0.984375, 0.985938, 0.9875, 0.989062, 0.990625, 0.992188, 0.992969, 0.99375, 0.994531, 0.995313, 0.996094, 0.996484, 0.996875, 0.997266, 0.997656, 0.998047, 0.998242, 0.998437, 0.998633, 0.998828, 0.999023, 0.999121, 0.999219, 0.999316, 0.999414, 0.999512, 0.999561, 0.999609, 0.999658, 0.999707, 0.999756, 0.99978, 0.999805, 0.999829, 0.999854, 0.999878, 0.99989, 0.999902, 0.999915, 0.999927, 0.999939, 0.999945, 0.999951, 1.0]}