{"Values": [437, 760, 806, 838, 848, 859, 864, 870, 877, 882, 888, 891, 895, 899, 904, 911, 916, 922, 929, 938, 950, 957, 964, 971, 980, 990, 998, 1007, 1019, 1035, 1062, 1080, 1105, 1151, 1212, 1307, 1351, 1409, 1437, 1496, 1560, 1612, 1638, 1660, 1687, 1725, 1743, 1787, 1813, 1838, 1898, 1929, 1939, 2057, 2131, 2183, 2307, 3575, 4135, 4155, 4563, 4563, 4575, 4935, 4935, 4955, 4955, 4955, 5263, 5263, 5263, 5263, 5263, 5379, 5379], "Percentiles": [0.0, 0.1, 0.2, 0.3, 0.4, 0.5, 0.55, 0.6, 0.65, 0.7, 0.75, 0.775, 0.8, 0.825, 0.85, 0.875, 0.8875, 0.9, 0.9125, 0.925, 0.9375, 0.94375, 0.95, 0.95625, 0.9625, 0.96875, 0.971875, 0.975, 0.978125, 0.98125, 0.984375, 0.985938, 0.9875, 0.989062, 0.990625, 0.992188, 0.992969, 0.99375, 0.994531, 0.995313, 0.996094, 0.996484, 0.996875, 0.997266, 0.997656, 0.998047, 0.998242, 0.998437, 0.998633, 0.998828, 0.999023, 0.999121, 0.999219, 0.999316, 0.999414, 0.999512, 0.999561, 0.999609, 0.999658, 0.999707, 0.999756, 0.99978, 0.999805, 0.999829, 0.999854, 0.999878, 0.99989, 0.999902, 0.999915, 0.999927, 0.999939, 0.999945, 0.999951, 0.999957, 1.0]}