{"Values": [668, 911, 932, 954, 962, 976, 986, 997, 1012, 1022, 1030, 1034, 1040, 1048, 1059, 1075, 1081, 1086, 1091, 1097, 1110, 1124, 1146, 1179, 1237, 1314, 1357, 1394, 1433, 1468, 1507, 1533, 1564, 1588, 1620, 1650, 1668, 1699, 1732, 1756, 1801, 1824, 1855, 1874, 1901, 1934, 1945, 1949, 1964, 1975, 2007, 2042, 2087, 2113, 2147, 2167, 2187, 2231, 2249, 2255, 2257, 2257, 2385, 2385, 4359, 4359, 4359, 4551, 4551, 4551, 4551, 4551, 4839, 4839], "Percentiles": [0.0, 0.1, 0.2, 0.3, 0.4, 0.5, 0.55, 0.6, 0.65, 0.7, 0.75, 0.775, 0.8, 0.825, 0.85, 0.875, 0.8875, 0.9, 0.9125, 0.925, 0.9375, 0.94375, 0.95, 0.95625, 0.9625, 0.96875, 0.971875, 0.975, 0.978125, 0.98125, 0.984375, 0.985938, 0.9875, 0.989062, 0.990625, 0.992188, 0.992969, 0.99375, 0.994531, 0.995313, 0.996094, 0.996484, 0.996875, 0.997266, 0.997656, 0.998047, 0.998242, 0.998437, 0.998633, 0.998828, 0.999023, 0.999121, 0.999219, 0.999316, 0.999414, 0.999512, 0.999561, 0.999609, 0.999658, 0.999707, 0.999756, 0.99978, 0.999805, 0.999829, 0.999854, 0.999878, 0.99989, 0.999902, 0.999915, 0.999927, 0.999939, 0.999945, 0.999951, 1.0]}