{"Values": [187, 251, 276, 300, 326, 355, 372, 391, 413, 440, 472, 492, 514, 539, 567, 602, 621, 642, 665, 691, 723, 742, 764, 791, 823, 866, 891, 921, 950, 978, 1001, 1019, 1042, 1067, 1099, 1147, 1304, 1357, 1432, 1510, 1681, 1785, 1904, 1990, 2093, 2187, 2259, 2311, 2393, 2541, 2831, 2985, 3065, 3243, 3509, 5915, 6043, 6071, 6355, 7795, 7935, 7943, 7987, 8011, 8063, 8151, 8151, 8175, 8175, 8287, 8415, 8415, 8415, 8415, 8455, 8455, 8455, 8455, 8455, 9367, 9367], "Percentiles": [0.0, 0.1, 0.2, 0.3, 0.4, 0.5, 0.55, 0.6, 0.65, 0.7, 0.75, 0.775, 0.8, 0.825, 0.85, 0.875, 0.8875, 0.9, 0.9125, 0.925, 0.9375, 0.94375, 0.95, 0.95625, 0.9625, 0.96875, 0.971875, 0.975, 0.978125, 0.98125, 0.984375, 0.985938, 0.9875, 0.989062, 0.990625, 0.992188, 0.992969, 0.99375, 0.994531, 0.995313, 0.996094, 0.996484, 0.996875, 0.997266, 0.997656, 0.998047, 0.998242, 0.998437, 0.998633, 0.998828, 0.999023, 0.999121, 0.999219, 0.999316, 0.999414, 0.999512, 0.999561, 0.999609, 0.999658, 0.999707, 0.999756, 0.99978, 0.999805, 0.999829, 0.999854, 0.999878, 0.99989, 0.999902, 0.999915, 0.999927, 0.999939, 0.999945, 0.999951, 0.999957, 0.999963, 0.999969, 0.999973, 0.999976, 0.999979, 0.999982, 1.0]}