{"Values": [552, 596, 602, 606, 610, 613, 615, 617, 619, 621, 624, 626, 627, 629, 631, 634, 636, 638, 640, 643, 646, 648, 650, 653, 656, 660, 662, 666, 669, 675, 681, 684, 687, 691, 697, 702, 705, 709, 714, 718, 721, 724, 727, 731, 737, 744, 747, 751, 762, 784, 810, 822, 832, 869, 1251, 1471, 1654, 1723, 1738, 1985, 2571, 2571, 3623, 3825, 3833, 3871, 3871, 3871, 3889, 3889, 4093, 4093, 4093, 4093, 4093, 4439, 4439], "Percentiles": [0.0, 0.1, 0.2, 0.3, 0.4, 0.5, 0.55, 0.6, 0.65, 0.7, 0.75, 0.775, 0.8, 0.825, 0.85, 0.875, 0.8875, 0.9, 0.9125, 0.925, 0.9375, 0.94375, 0.95, 0.95625, 0.9625, 0.96875, 0.971875, 0.975, 0.978125, 0.98125, 0.984375, 0.985938, 0.9875, 0.989062, 0.990625, 0.992188, 0.992969, 0.99375, 0.994531, 0.995313, 0.996094, 0.996484, 0.996875, 0.997266, 0.997656, 0.998047, 0.998242, 0.998437, 0.998633, 0.998828, 0.999023, 0.999121, 0.999219, 0.999316, 0.999414, 0.999512, 0.999561, 0.999609, 0.999658, 0.999707, 0.999756, 0.99978, 0.999805, 0.999829, 0.999854, 0.999878, 0.99989, 0.999902, 0.999915, 0.999927, 0.999939, 0.999945, 0.999951, 0.999957, 0.999963, 0.999969, 1.0]}