{
    "Values": [
        437,
        839,
        863,
        881,
        897,
        907,
        914,
        921,
        930,
        939,
        952,
        956,
        959,
        962,
        966,
        971,
        975,
        980,
        986,
        1001,
        1032,
        1051,
        1086,
        1131,
        1192,
        1267,
        1308,
        1346,
        1385,
        1421,
        1458,
        1477,
        1493,
        1513,
        1538,
        1567,
        1587,
        1604,
        1644,
        1679,
        1725,
        1747,
        1791,
        1807,
        1847,
        1885,
        1900,
        1919,
        1944,
        1958,
        2012,
        2032,
        2055,
        2067,
        2089,
        2131,
        2143,
        2163,
        2175,
        2195,
        2209,
        2233,
        2233,
        2235,
        2235,
        2429,
        2429,
        2429,
        2553,
        2553,
        2553,
        2553,
        2553,
        5039,
        5039
    ],
    "Percentiles": [
        0.0,
        0.1,
        0.2,
        0.3,
        0.4,
        0.5,
        0.55,
        0.6,
        0.65,
        0.7,
        0.75,
        0.775,
        0.8,
        0.825,
        0.85,
        0.875,
        0.8875,
        0.9,
        0.9125,
        0.925,
        0.9375,
        0.94375,
        0.95,
        0.95625,
        0.9625,
        0.96875,
        0.971875,
        0.975,
        0.978125,
        0.98125,
        0.984375,
        0.985938,
        0.9875,
        0.989062,
        0.990625,
        0.992188,
        0.992969,
        0.99375,
        0.994531,
        0.995313,
        0.996094,
        0.996484,
        0.996875,
        0.997266,
        0.997656,
        0.998047,
        0.998242,
        0.998437,
        0.998633,
        0.998828,
        0.999023,
        0.999121,
        0.999219,
        0.999316,
        0.999414,
        0.999512,
        0.999561,
        0.999609,
        0.999658,
        0.999707,
        0.999756,
        0.99978,
        0.999805,
        0.999829,
        0.999854,
        0.999878,
        0.99989,
        0.999902,
        0.999915,
        0.999927,
        0.999939,
        0.999945,
        0.999951,
        0.999957,
        1.0
    ]
}