{"Values": [105, 122, 123, 124, 127, 129, 130, 130, 131, 131, 132, 132, 133, 133, 134, 135, 135, 136, 137, 138, 139, 140, 142, 144, 147, 152, 156, 159, 165, 170, 175, 178, 182, 192, 205, 222, 231, 245, 260, 279, 304, 317, 339, 358, 384, 419, 442, 469, 491, 532, 564, 578, 615, 697, 779, 937, 985, 1054, 1105, 1225, 1428, 1466, 1598, 2049, 2571, 2655, 2679, 3205, 3379, 3965, 4067, 4107, 4131, 4159, 4171, 4239, 4239, 4335, 4335, 4343, 4343, 4343, 4943, 4943, 4943, 4943, 4943, 5491, 5491], "Percentiles": [0.0, 0.1, 0.2, 0.3, 0.4, 0.5, 0.55, 0.6, 0.65, 0.7, 0.75, 0.775, 0.8, 0.825, 0.85, 0.875, 0.8875, 0.9, 0.9125, 0.925, 0.9375, 0.94375, 0.95, 0.95625, 0.9625, 0.96875, 0.971875, 0.975, 0.978125, 0.98125, 0.984375, 0.985938, 0.9875, 0.989062, 0.990625, 0.992188, 0.992969, 0.99375, 0.994531, 0.995313, 0.996094, 0.996484, 0.996875, 0.997266, 0.997656, 0.998047, 0.998242, 0.998437, 0.998633, 0.998828, 0.999023, 0.999121, 0.999219, 0.999316, 0.999414, 0.999512, 0.999561, 0.999609, 0.999658, 0.999707, 0.999756, 0.99978, 0.999805, 0.999829, 0.999854, 0.999878, 0.99989, 0.999902, 0.999915, 0.999927, 0.999939, 0.999945, 0.999951, 0.999957, 0.999963, 0.999969, 0.999973, 0.999976, 0.999979, 0.999982, 0.999985, 0.999986, 0.999988, 0.999989, 0.999991, 0.999992, 0.999993, 0.999994, 1.0]}