{
    "Values": [
        188,
        243,
        259,
        278,
        298,
        321,
        334,
        349,
        365,
        383,
        406,
        419,
        434,
        451,
        472,
        498,
        513,
        531,
        552,
        579,
        615,
        637,
        660,
        690,
        728,
        773,
        799,
        829,
        871,
        925,
        1014,
        1070,
        1139,
        1325,
        1487,
        1652,
        1785,
        1888,
        2026,
        2183,
        2337,
        2501,
        2607,
        2877,
        3183,
        3449,
        4007,
        4519,
        5195,
        6631,
        7331,
        7467,
        7855,
        8015,
        8295,
        8519,
        8895,
        8951,
        9935,
        10071,
        17743,
        18399,
        18415,
        19535,
        19567,
        19615,
        19695,
        19695,
        19871,
        19951,
        19951,
        19967,
        19967,
        19967,
        20191,
        20191,
        20191,
        20191,
        20191,
        20495,
        20495
    ],
    "Percentiles": [
        0.0,
        0.1,
        0.2,
        0.3,
        0.4,
        0.5,
        0.55,
        0.6,
        0.65,
        0.7,
        0.75,
        0.775,
        0.8,
        0.825,
        0.85,
        0.875,
        0.8875,
        0.9,
        0.9125,
        0.925,
        0.9375,
        0.94375,
        0.95,
        0.95625,
        0.9625,
        0.96875,
        0.971875,
        0.975,
        0.978125,
        0.98125,
        0.984375,
        0.985938,
        0.9875,
        0.989062,
        0.990625,
        0.992188,
        0.992969,
        0.99375,
        0.994531,
        0.995313,
        0.996094,
        0.996484,
        0.996875,
        0.997266,
        0.997656,
        0.998047,
        0.998242,
        0.998437,
        0.998633,
        0.998828,
        0.999023,
        0.999121,
        0.999219,
        0.999316,
        0.999414,
        0.999512,
        0.999561,
        0.999609,
        0.999658,
        0.999707,
        0.999756,
        0.99978,
        0.999805,
        0.999829,
        0.999854,
        0.999878,
        0.99989,
        0.999902,
        0.999915,
        0.999927,
        0.999939,
        0.999945,
        0.999951,
        0.999957,
        0.999963,
        0.999969,
        0.999973,
        0.999976,
        0.999979,
        0.999982,
        1.0
    ]
}