{"Values": [619, 654, 658, 661, 665, 669, 673, 677, 683, 692, 709, 724, 737, 742, 748, 753, 755, 757, 759, 762, 765, 767, 770, 773, 777, 783, 786, 792, 803, 822, 854, 887, 942, 1019, 1225, 1441, 1587, 1839, 2161, 2531, 2951, 3087, 3449, 3733, 4223, 4651, 4999, 5219, 5311, 5343, 5355, 5367, 5383, 5387, 5407, 5423, 5427, 5439, 5455, 5499, 5539, 5539, 5543, 5743, 5743, 5783, 5783, 5983, 5983, 5983, 6003, 6003, 6003, 6003, 6003, 8455, 8455], "Percentiles": [0.0, 0.1, 0.2, 0.3, 0.4, 0.5, 0.55, 0.6, 0.65, 0.7, 0.75, 0.775, 0.8, 0.825, 0.85, 0.875, 0.8875, 0.9, 0.9125, 0.925, 0.9375, 0.94375, 0.95, 0.95625, 0.9625, 0.96875, 0.971875, 0.975, 0.978125, 0.98125, 0.984375, 0.985938, 0.9875, 0.989062, 0.990625, 0.992188, 0.992969, 0.99375, 0.994531, 0.995313, 0.996094, 0.996484, 0.996875, 0.997266, 0.997656, 0.998047, 0.998242, 0.998437, 0.998633, 0.998828, 0.999023, 0.999121, 0.999219, 0.999316, 0.999414, 0.999512, 0.999561, 0.999609, 0.999658, 0.999707, 0.999756, 0.99978, 0.999805, 0.999829, 0.999854, 0.999878, 0.99989, 0.999902, 0.999915, 0.999927, 0.999939, 0.999945, 0.999951, 0.999957, 0.999963, 0.999969, 1.0]}