{
    "Values": [
        83,
        102,
        107,
        112,
        120,
        125,
        127,
        130,
        132,
        134,
        137,
        139,
        141,
        144,
        148,
        156,
        163,
        174,
        182,
        186,
        189,
        190,
        191,
        193,
        196,
        199,
        202,
        206,
        211,
        217,
        224,
        227,
        231,
        237,
        246,
        258,
        265,
        272,
        286,
        309,
        343,
        369,
        392,
        439,
        505,
        577,
        628,
        699,
        826,
        991,
        1616,
        1795,
        2065,
        2357,
        2749,
        3011,
        3159,
        3481,
        3743,
        4167,
        4415,
        4515,
        4547,
        4559,
        4591,
        4639,
        4655,
        4659,
        4671,
        4703,
        4707,
        4723,
        4731,
        4731,
        4735,
        4787,
        4787,
        4835,
        4835,
        4875,
        4875,
        4875,
        5027,
        5027,
        5027,
        5027,
        5027,
        5191,
        5191
    ],
    "Percentiles": [
        0.0,
        0.1,
        0.2,
        0.3,
        0.4,
        0.5,
        0.55,
        0.6,
        0.65,
        0.7,
        0.75,
        0.775,
        0.8,
        0.825,
        0.85,
        0.875,
        0.8875,
        0.9,
        0.9125,
        0.925,
        0.9375,
        0.94375,
        0.95,
        0.95625,
        0.9625,
        0.96875,
        0.971875,
        0.975,
        0.978125,
        0.98125,
        0.984375,
        0.985938,
        0.9875,
        0.989062,
        0.990625,
        0.992188,
        0.992969,
        0.99375,
        0.994531,
        0.995313,
        0.996094,
        0.996484,
        0.996875,
        0.997266,
        0.997656,
        0.998047,
        0.998242,
        0.998437,
        0.998633,
        0.998828,
        0.999023,
        0.999121,
        0.999219,
        0.999316,
        0.999414,
        0.999512,
        0.999561,
        0.999609,
        0.999658,
        0.999707,
        0.999756,
        0.99978,
        0.999805,
        0.999829,
        0.999854,
        0.999878,
        0.99989,
        0.999902,
        0.999915,
        0.999927,
        0.999939,
        0.999945,
        0.999951,
        0.999957,
        0.999963,
        0.999969,
        0.999973,
        0.999976,
        0.999979,
        0.999982,
        0.999985,
        0.999986,
        0.999988,
        0.999989,
        0.999991,
        0.999992,
        0.999993,
        0.999994,
        1.0
    ]
}