{"Values": [50, 57, 58, 59, 61, 62, 63, 64, 64, 65, 66, 66, 67, 67, 67, 68, 68, 68, 68, 69, 69, 70, 70, 70, 71, 71, 72, 72, 73, 75, 76, 77, 80, 86, 90, 94, 97, 105, 123, 162, 239, 250, 259, 267, 275, 282, 286, 292, 297, 302, 308, 311, 320, 346, 391, 424, 431, 442, 454, 483, 529, 547, 586, 704, 976, 1090, 1108, 1151, 1188, 1258, 1293, 1309, 1313, 1316, 1327, 1338, 1361, 1367, 1483, 1507, 1559, 1559, 2038, 2038, 2563, 2563, 2563, 2937, 2937, 2937, 2937, 2937, 4627, 4627], "Percentiles": [0.0, 0.1, 0.2, 0.3, 0.4, 0.5, 0.55, 0.6, 0.65, 0.7, 0.75, 0.775, 0.8, 0.825, 0.85, 0.875, 0.8875, 0.9, 0.9125, 0.925, 0.9375, 0.94375, 0.95, 0.95625, 0.9625, 0.96875, 0.971875, 0.975, 0.978125, 0.98125, 0.984375, 0.985938, 0.9875, 0.989062, 0.990625, 0.992188, 0.992969, 0.99375, 0.994531, 0.995313, 0.996094, 0.996484, 0.996875, 0.997266, 0.997656, 0.998047, 0.998242, 0.998437, 0.998633, 0.998828, 0.999023, 0.999121, 0.999219, 0.999316, 0.999414, 0.999512, 0.999561, 0.999609, 0.999658, 0.999707, 0.999756, 0.99978, 0.999805, 0.999829, 0.999854, 0.999878, 0.99989, 0.999902, 0.999915, 0.999927, 0.999939, 0.999945, 0.999951, 0.999957, 0.999963, 0.999969, 0.999973, 0.999976, 0.999979, 0.999982, 0.999985, 0.999986, 0.999988, 0.999989, 0.999991, 0.999992, 0.999993, 0.999994, 0.999995, 0.999995, 0.999996, 0.999997, 0.999997, 1.0]}