{"Values": [592, 844, 881, 920, 953, 971, 979, 988, 998, 1011, 1023, 1028, 1034, 1042, 1050, 1062, 1070, 1080, 1086, 1094, 1104, 1109, 1116, 1130, 1155, 1203, 1249, 1293, 1346, 1426, 1496, 1535, 1572, 1622, 1647, 1698, 1732, 1761, 1780, 1824, 1851, 1876, 1928, 1967, 1986, 2031, 2055, 2083, 2141, 2175, 2199, 2257, 2361, 2387, 2689, 3545, 3789, 3839, 3851, 4055, 4123, 4123, 4315, 4315, 4379, 4379, 4379, 4407, 4407, 4407, 4407, 4407, 7475, 7475], "Percentiles": [0.0, 0.1, 0.2, 0.3, 0.4, 0.5, 0.55, 0.6, 0.65, 0.7, 0.75, 0.775, 0.8, 0.825, 0.85, 0.875, 0.8875, 0.9, 0.9125, 0.925, 0.9375, 0.94375, 0.95, 0.95625, 0.9625, 0.96875, 0.971875, 0.975, 0.978125, 0.98125, 0.984375, 0.985938, 0.9875, 0.989062, 0.990625, 0.992188, 0.992969, 0.99375, 0.994531, 0.995313, 0.996094, 0.996484, 0.996875, 0.997266, 0.997656, 0.998047, 0.998242, 0.998437, 0.998633, 0.998828, 0.999023, 0.999121, 0.999219, 0.999316, 0.999414, 0.999512, 0.999561, 0.999609, 0.999658, 0.999707, 0.999756, 0.99978, 0.999805, 0.999829, 0.999854, 0.999878, 0.99989, 0.999902, 0.999915, 0.999927, 0.999939, 0.999945, 0.999951, 1.0]}