{"Values": [202, 432, 497, 599, 731, 791, 820, 840, 854, 866, 878, 885, 891, 897, 902, 910, 914, 918, 923, 929, 937, 942, 949, 957, 966, 978, 984, 993, 1002, 1012, 1027, 1035, 1048, 1066, 1090, 1116, 1132, 1157, 1191, 1266, 1327, 1384, 1425, 1445, 1503, 1566, 1580, 1617, 1667, 1726, 1776, 1845, 1869, 1926, 1983, 2016, 2187, 2195, 2345, 2451, 2463, 2473, 2473, 2663, 2683, 2683, 4091, 4091, 4091, 4895, 4895, 4895, 4895, 4895, 5347, 5347], "Percentiles": [0.0, 0.1, 0.2, 0.3, 0.4, 0.5, 0.55, 0.6, 0.65, 0.7, 0.75, 0.775, 0.8, 0.825, 0.85, 0.875, 0.8875, 0.9, 0.9125, 0.925, 0.9375, 0.94375, 0.95, 0.95625, 0.9625, 0.96875, 0.971875, 0.975, 0.978125, 0.98125, 0.984375, 0.985938, 0.9875, 0.989062, 0.990625, 0.992188, 0.992969, 0.99375, 0.994531, 0.995313, 0.996094, 0.996484, 0.996875, 0.997266, 0.997656, 0.998047, 0.998242, 0.998437, 0.998633, 0.998828, 0.999023, 0.999121, 0.999219, 0.999316, 0.999414, 0.999512, 0.999561, 0.999609, 0.999658, 0.999707, 0.999756, 0.99978, 0.999805, 0.999829, 0.999854, 0.999878, 0.99989, 0.999902, 0.999915, 0.999927, 0.999939, 0.999945, 0.999951, 0.999957, 0.999963, 1.0]}