{"Values": [37, 47, 48, 48, 49, 49, 49, 50, 50, 51, 56, 60, 61, 63, 64, 68, 69, 71, 72, 74, 79, 89, 97, 110, 115, 116, 117, 118, 119, 122, 125, 126, 127, 130, 132, 136, 141, 144, 148, 151, 156, 161, 166, 174, 192, 253, 293, 344, 394, 452, 494, 517, 541, 592, 872, 1104, 1154, 1253, 1279, 1283, 1295, 1305, 1350, 1473, 1533, 1849, 1955, 2963, 3131, 3159, 3167, 3171, 3173, 3181, 3183, 3187, 3189, 3193, 3203, 3211, 3213, 3223, 3223, 3223, 3223, 3249, 3249, 3249, 3459, 3459, 3459, 3459, 3459, 3511, 3511], "Percentiles": [0.0, 0.1, 0.2, 0.3, 0.4, 0.5, 0.55, 0.6, 0.65, 0.7, 0.75, 0.775, 0.8, 0.825, 0.85, 0.875, 0.8875, 0.9, 0.9125, 0.925, 0.9375, 0.94375, 0.95, 0.95625, 0.9625, 0.96875, 0.971875, 0.975, 0.978125, 0.98125, 0.984375, 0.985938, 0.9875, 0.989062, 0.990625, 0.992188, 0.992969, 0.99375, 0.994531, 0.995313, 0.996094, 0.996484, 0.996875, 0.997266, 0.997656, 0.998047, 0.998242, 0.998437, 0.998633, 0.998828, 0.999023, 0.999121, 0.999219, 0.999316, 0.999414, 0.999512, 0.999561, 0.999609, 0.999658, 0.999707, 0.999756, 0.99978, 0.999805, 0.999829, 0.999854, 0.999878, 0.99989, 0.999902, 0.999915, 0.999927, 0.999939, 0.999945, 0.999951, 0.999957, 0.999963, 0.999969, 0.999973, 0.999976, 0.999979, 0.999982, 0.999985, 0.999986, 0.999988, 0.999989, 0.999991, 0.999992, 0.999993, 0.999994, 0.999995, 0.999995, 0.999996, 0.999997, 0.999997, 0.999997, 1.0]}