{"Values": [172, 234, 264, 299, 341, 387, 412, 441, 475, 513, 561, 589, 620, 657, 701, 756, 787, 820, 859, 911, 970, 1002, 1041, 1083, 1137, 1329, 1444, 1507, 1575, 1630, 1698, 1737, 1774, 1817, 1870, 1935, 1965, 1995, 2036, 2083, 2143, 2197, 2239, 2279, 2321, 2365, 2383, 2417, 2447, 2469, 2535, 2583, 2595, 2627, 2649, 2677, 2717, 2783, 2813, 3121, 3167, 3189, 3271, 3581, 3611, 3729, 3917, 3917, 4363, 4363, 4747, 4747, 4747, 4959, 4959, 4959, 4959, 4959, 10015, 10015], "Percentiles": [0.0, 0.1, 0.2, 0.3, 0.4, 0.5, 0.55, 0.6, 0.65, 0.7, 0.75, 0.775, 0.8, 0.825, 0.85, 0.875, 0.8875, 0.9, 0.9125, 0.925, 0.9375, 0.94375, 0.95, 0.95625, 0.9625, 0.96875, 0.971875, 0.975, 0.978125, 0.98125, 0.984375, 0.985938, 0.9875, 0.989062, 0.990625, 0.992188, 0.992969, 0.99375, 0.994531, 0.995313, 0.996094, 0.996484, 0.996875, 0.997266, 0.997656, 0.998047, 0.998242, 0.998437, 0.998633, 0.998828, 0.999023, 0.999121, 0.999219, 0.999316, 0.999414, 0.999512, 0.999561, 0.999609, 0.999658, 0.999707, 0.999756, 0.99978, 0.999805, 0.999829, 0.999854, 0.999878, 0.99989, 0.999902, 0.999915, 0.999927, 0.999939, 0.999945, 0.999951, 0.999957, 0.999963, 0.999969, 0.999973, 0.999976, 0.999979, 1.0]}