{"Values": [549, 772, 810, 833, 856, 884, 898, 913, 927, 946, 971, 984, 995, 1007, 1017, 1026, 1031, 1036, 1042, 1049, 1057, 1063, 1070, 1080, 1090, 1107, 1116, 1128, 1142, 1159, 1187, 1209, 1241, 1284, 1343, 1412, 1450, 1488, 1532, 1588, 1648, 1685, 1806, 1848, 1907, 1980, 1993, 2047, 2101, 2359, 2505, 2541, 2661, 3083, 4087, 4603, 4767, 5035, 5143, 5499, 6747, 8075, 8075, 8183, 8183, 8511, 8511, 8511, 9199, 9199, 9199, 9199, 9199, 45151, 45151], "Percentiles": [0.0, 0.1, 0.2, 0.3, 0.4, 0.5, 0.55, 0.6, 0.65, 0.7, 0.75, 0.775, 0.8, 0.825, 0.85, 0.875, 0.8875, 0.9, 0.9125, 0.925, 0.9375, 0.94375, 0.95, 0.95625, 0.9625, 0.96875, 0.971875, 0.975, 0.978125, 0.98125, 0.984375, 0.985938, 0.9875, 0.989062, 0.990625, 0.992188, 0.992969, 0.99375, 0.994531, 0.995313, 0.996094, 0.996484, 0.996875, 0.997266, 0.997656, 0.998047, 0.998242, 0.998437, 0.998633, 0.998828, 0.999023, 0.999121, 0.999219, 0.999316, 0.999414, 0.999512, 0.999561, 0.999609, 0.999658, 0.999707, 0.999756, 0.99978, 0.999805, 0.999829, 0.999854, 0.999878, 0.99989, 0.999902, 0.999915, 0.999927, 0.999939, 0.999945, 0.999951, 0.999957, 1.0]}