{"Values": [80, 87, 88, 89, 92, 94, 94, 94, 95, 95, 95, 95, 95, 95, 95, 95, 96, 96, 96, 96, 96, 96, 96, 97, 97, 97, 98, 99, 100, 101, 102, 104, 106, 109, 115, 122, 126, 131, 150, 223, 263, 275, 285, 295, 305, 315, 321, 325, 332, 337, 345, 349, 359, 381, 401, 446, 486, 534, 550, 632, 838, 1083, 1139, 1170, 1182, 1199, 1211, 1216, 1284, 1338, 1712, 1736, 2241, 2541, 2553, 2561, 2579, 2579, 2579, 2593, 2593, 2599, 2599, 2599, 2607, 2607, 2607, 2607, 2607, 2835, 2835], "Percentiles": [0.0, 0.1, 0.2, 0.3, 0.4, 0.5, 0.55, 0.6, 0.65, 0.7, 0.75, 0.775, 0.8, 0.825, 0.85, 0.875, 0.8875, 0.9, 0.9125, 0.925, 0.9375, 0.94375, 0.95, 0.95625, 0.9625, 0.96875, 0.971875, 0.975, 0.978125, 0.98125, 0.984375, 0.985938, 0.9875, 0.989062, 0.990625, 0.992188, 0.992969, 0.99375, 0.994531, 0.995313, 0.996094, 0.996484, 0.996875, 0.997266, 0.997656, 0.998047, 0.998242, 0.998437, 0.998633, 0.998828, 0.999023, 0.999121, 0.999219, 0.999316, 0.999414, 0.999512, 0.999561, 0.999609, 0.999658, 0.999707, 0.999756, 0.99978, 0.999805, 0.999829, 0.999854, 0.999878, 0.99989, 0.999902, 0.999915, 0.999927, 0.999939, 0.999945, 0.999951, 0.999957, 0.999963, 0.999969, 0.999973, 0.999976, 0.999979, 0.999982, 0.999985, 0.999986, 0.999988, 0.999989, 0.999991, 0.999992, 0.999993, 0.999994, 0.999995, 0.999995, 1.0]}