{"Values": [303, 719, 743, 756, 764, 781, 792, 799, 809, 817, 827, 833, 840, 850, 858, 868, 872, 876, 881, 889, 899, 904, 913, 920, 931, 945, 954, 964, 977, 993, 1011, 1027, 1044, 1072, 1102, 1149, 1178, 1200, 1233, 1270, 1341, 1379, 1404, 1452, 1475, 1551, 1560, 1611, 1637, 1677, 1739, 1807, 1853, 1886, 2010, 2031, 2225, 2369, 2419, 2509, 2693, 2769, 4363, 4363, 5015, 5015, 5463, 5463, 5463, 5915, 5915, 5915, 5915, 5915, 8583, 8583], "Percentiles": [0.0, 0.1, 0.2, 0.3, 0.4, 0.5, 0.55, 0.6, 0.65, 0.7, 0.75, 0.775, 0.8, 0.825, 0.85, 0.875, 0.8875, 0.9, 0.9125, 0.925, 0.9375, 0.94375, 0.95, 0.95625, 0.9625, 0.96875, 0.971875, 0.975, 0.978125, 0.98125, 0.984375, 0.985938, 0.9875, 0.989062, 0.990625, 0.992188, 0.992969, 0.99375, 0.994531, 0.995313, 0.996094, 0.996484, 0.996875, 0.997266, 0.997656, 0.998047, 0.998242, 0.998437, 0.998633, 0.998828, 0.999023, 0.999121, 0.999219, 0.999316, 0.999414, 0.999512, 0.999561, 0.999609, 0.999658, 0.999707, 0.999756, 0.99978, 0.999805, 0.999829, 0.999854, 0.999878, 0.99989, 0.999902, 0.999915, 0.999927, 0.999939, 0.999945, 0.999951, 0.999957, 0.999963, 1.0]}