{"Values": [84, 98, 102, 117, 305, 491, 502, 1085, 3889, 6031, 6403, 6431, 6447, 6463, 8599, 8983, 8999, 9023, 9103, 9167, 9183, 9183, 9191, 9191, 9207, 9223, 9223, 9239, 9255, 9279, 9303, 9311, 9311, 9319, 9335, 9359, 9367, 9375, 9383, 9383, 9415, 9431, 9439, 9447, 9487, 9519, 9527, 9551, 9559, 9575, 9639, 9639, 9647, 9663, 9663, 9663, 9663, 9799, 9799, 9799, 10335, 10335, 10335, 10335, 10335, 11343, 11343], "Percentiles": [0.0, 0.1, 0.2, 0.3, 0.4, 0.5, 0.55, 0.6, 0.65, 0.7, 0.75, 0.775, 0.8, 0.825, 0.85, 0.875, 0.8875, 0.9, 0.9125, 0.925, 0.9375, 0.94375, 0.95, 0.95625, 0.9625, 0.96875, 0.971875, 0.975, 0.978125, 0.98125, 0.984375, 0.985938, 0.9875, 0.989062, 0.990625, 0.992188, 0.992969, 0.99375, 0.994531, 0.995313, 0.996094, 0.996484, 0.996875, 0.997266, 0.997656, 0.998047, 0.998242, 0.998437, 0.998633, 0.998828, 0.999023, 0.999121, 0.999219, 0.999316, 0.999414, 0.999512, 0.999561, 0.999609, 0.999658, 0.999707, 0.999756, 0.99978, 0.999805, 0.999829, 0.999854, 0.999878, 1.0]}