{"Values": [90, 104, 107, 109, 112, 115, 118, 122, 135, 195, 206, 208, 211, 214, 218, 224, 228, 234, 242, 254, 275, 297, 341, 429, 666, 1103, 1370, 1576, 1703, 1790, 1861, 1893, 1928, 1958, 1985, 1998, 2000, 2004, 2010, 2019, 2037, 2041, 2046, 2059, 2071, 2089, 2107, 2133, 2173, 2199, 2231, 2261, 2307, 2343, 2449, 2581, 2601, 2647, 2661, 2709, 2791, 2811, 2855, 2919, 2951, 3019, 3039, 3047, 3051, 3061, 3535, 3535, 3719, 3719, 4275, 5363, 5363, 5363, 5363, 5967, 5967, 5967, 5967, 5967, 6763, 6763], "Percentiles": [0.0, 0.1, 0.2, 0.3, 0.4, 0.5, 0.55, 0.6, 0.65, 0.7, 0.75, 0.775, 0.8, 0.825, 0.85, 0.875, 0.8875, 0.9, 0.9125, 0.925, 0.9375, 0.94375, 0.95, 0.95625, 0.9625, 0.96875, 0.971875, 0.975, 0.978125, 0.98125, 0.984375, 0.985938, 0.9875, 0.989062, 0.990625, 0.992188, 0.992969, 0.99375, 0.994531, 0.995313, 0.996094, 0.996484, 0.996875, 0.997266, 0.997656, 0.998047, 0.998242, 0.998437, 0.998633, 0.998828, 0.999023, 0.999121, 0.999219, 0.999316, 0.999414, 0.999512, 0.999561, 0.999609, 0.999658, 0.999707, 0.999756, 0.99978, 0.999805, 0.999829, 0.999854, 0.999878, 0.99989, 0.999902, 0.999915, 0.999927, 0.999939, 0.999945, 0.999951, 0.999957, 0.999963, 0.999969, 0.999973, 0.999976, 0.999979, 0.999982, 0.999985, 0.999986, 0.999988, 0.999989, 0.999991, 1.0]}