{"Values": [670, 1064, 1109, 1140, 1162, 1185, 1196, 1209, 1221, 1234, 1250, 1259, 1269, 1279, 1288, 1299, 1307, 1315, 1327, 1340, 1356, 1367, 1381, 1400, 1430, 1487, 1543, 1619, 1688, 1765, 1865, 1912, 1962, 2031, 2093, 2167, 2207, 2277, 2389, 2517, 2653, 2807, 2921, 3051, 3095, 3267, 3375, 3747, 4089, 4575, 5239, 5423, 5807, 6175, 7651, 7931, 8047, 8223, 8295, 9087, 9087, 10039, 10039, 10087, 10087, 10087, 10199, 10199, 10199, 10199, 10199, 10351, 10351], "Percentiles": [0.0, 0.1, 0.2, 0.3, 0.4, 0.5, 0.55, 0.6, 0.65, 0.7, 0.75, 0.775, 0.8, 0.825, 0.85, 0.875, 0.8875, 0.9, 0.9125, 0.925, 0.9375, 0.94375, 0.95, 0.95625, 0.9625, 0.96875, 0.971875, 0.975, 0.978125, 0.98125, 0.984375, 0.985938, 0.9875, 0.989062, 0.990625, 0.992188, 0.992969, 0.99375, 0.994531, 0.995313, 0.996094, 0.996484, 0.996875, 0.997266, 0.997656, 0.998047, 0.998242, 0.998437, 0.998633, 0.998828, 0.999023, 0.999121, 0.999219, 0.999316, 0.999414, 0.999512, 0.999561, 0.999609, 0.999658, 0.999707, 0.999756, 0.99978, 0.999805, 0.999829, 0.999854, 0.999878, 0.99989, 0.999902, 0.999915, 0.999927, 0.999939, 0.999945, 1.0]}