{
    "Values": [
        186,
        251,
        276,
        299,
        323,
        351,
        367,
        385,
        406,
        430,
        459,
        475,
        494,
        516,
        542,
        574,
        592,
        613,
        636,
        664,
        695,
        714,
        737,
        764,
        796,
        832,
        854,
        881,
        910,
        944,
        995,
        1021,
        1059,
        1112,
        1230,
        1338,
        1407,
        1471,
        1573,
        1662,
        1783,
        1871,
        2001,
        2225,
        2511,
        3151,
        6667,
        7203,
        7811,
        8231,
        14303,
        16095,
        17327,
        18703,
        19823,
        21455,
        22543,
        22831,
        23327,
        23871,
        24415,
        24911,
        25247,
        25695,
        25967,
        26031,
        26031,
        26431,
        26687,
        26687,
        27103,
        27103,
        27103,
        27519,
        27519,
        27519,
        27519,
        27519,
        45183,
        45183
    ],
    "Percentiles": [
        0.0,
        0.1,
        0.2,
        0.3,
        0.4,
        0.5,
        0.55,
        0.6,
        0.65,
        0.7,
        0.75,
        0.775,
        0.8,
        0.825,
        0.85,
        0.875,
        0.8875,
        0.9,
        0.9125,
        0.925,
        0.9375,
        0.94375,
        0.95,
        0.95625,
        0.9625,
        0.96875,
        0.971875,
        0.975,
        0.978125,
        0.98125,
        0.984375,
        0.985938,
        0.9875,
        0.989062,
        0.990625,
        0.992188,
        0.992969,
        0.99375,
        0.994531,
        0.995313,
        0.996094,
        0.996484,
        0.996875,
        0.997266,
        0.997656,
        0.998047,
        0.998242,
        0.998437,
        0.998633,
        0.998828,
        0.999023,
        0.999121,
        0.999219,
        0.999316,
        0.999414,
        0.999512,
        0.999561,
        0.999609,
        0.999658,
        0.999707,
        0.999756,
        0.99978,
        0.999805,
        0.999829,
        0.999854,
        0.999878,
        0.99989,
        0.999902,
        0.999915,
        0.999927,
        0.999939,
        0.999945,
        0.999951,
        0.999957,
        0.999963,
        0.999969,
        0.999973,
        0.999976,
        0.999979,
        1.0
    ]
}