{"Values": [170, 223, 241, 259, 278, 301, 314, 330, 348, 370, 398, 416, 437, 462, 495, 538, 565, 599, 637, 688, 745, 778, 816, 870, 925, 983, 999, 1016, 1040, 1086, 1153, 1284, 1342, 1436, 1522, 1623, 1681, 1740, 1808, 1908, 1997, 2059, 2115, 2151, 2225, 2303, 2411, 2531, 2609, 2805, 3439, 3625, 4647, 4911, 5011, 5087, 5095, 5139, 5163, 5263, 5275, 5327, 5335, 5343, 5367, 5367, 5391, 5391, 5399, 5483, 5483, 5811, 5811, 5811, 5819, 5819, 5819, 5819, 5819, 5983, 5983], "Percentiles": [0.0, 0.1, 0.2, 0.3, 0.4, 0.5, 0.55, 0.6, 0.65, 0.7, 0.75, 0.775, 0.8, 0.825, 0.85, 0.875, 0.8875, 0.9, 0.9125, 0.925, 0.9375, 0.94375, 0.95, 0.95625, 0.9625, 0.96875, 0.971875, 0.975, 0.978125, 0.98125, 0.984375, 0.985938, 0.9875, 0.989062, 0.990625, 0.992188, 0.992969, 0.99375, 0.994531, 0.995313, 0.996094, 0.996484, 0.996875, 0.997266, 0.997656, 0.998047, 0.998242, 0.998437, 0.998633, 0.998828, 0.999023, 0.999121, 0.999219, 0.999316, 0.999414, 0.999512, 0.999561, 0.999609, 0.999658, 0.999707, 0.999756, 0.99978, 0.999805, 0.999829, 0.999854, 0.999878, 0.99989, 0.999902, 0.999915, 0.999927, 0.999939, 0.999945, 0.999951, 0.999957, 0.999963, 0.999969, 0.999973, 0.999976, 0.999979, 0.999982, 1.0]}