{"Values": [199, 266, 282, 299, 318, 342, 356, 374, 394, 418, 444, 458, 474, 492, 513, 539, 555, 573, 592, 615, 643, 659, 678, 700, 724, 755, 774, 797, 824, 852, 892, 913, 936, 964, 1002, 1043, 1065, 1094, 1124, 1188, 1302, 1347, 1417, 1502, 1605, 1705, 1766, 1810, 1910, 2051, 2151, 2319, 2407, 2641, 2709, 3073, 3205, 3653, 3695, 4037, 4085, 4103, 4211, 4223, 4259, 4319, 4695, 4947, 4947, 4955, 4955, 5095, 5095, 5095, 5119, 5119, 5119, 5119, 5119, 6907, 6907], "Percentiles": [0.0, 0.1, 0.2, 0.3, 0.4, 0.5, 0.55, 0.6, 0.65, 0.7, 0.75, 0.775, 0.8, 0.825, 0.85, 0.875, 0.8875, 0.9, 0.9125, 0.925, 0.9375, 0.94375, 0.95, 0.95625, 0.9625, 0.96875, 0.971875, 0.975, 0.978125, 0.98125, 0.984375, 0.985938, 0.9875, 0.989062, 0.990625, 0.992188, 0.992969, 0.99375, 0.994531, 0.995313, 0.996094, 0.996484, 0.996875, 0.997266, 0.997656, 0.998047, 0.998242, 0.998437, 0.998633, 0.998828, 0.999023, 0.999121, 0.999219, 0.999316, 0.999414, 0.999512, 0.999561, 0.999609, 0.999658, 0.999707, 0.999756, 0.99978, 0.999805, 0.999829, 0.999854, 0.999878, 0.99989, 0.999902, 0.999915, 0.999927, 0.999939, 0.999945, 0.999951, 0.999957, 0.999963, 0.999969, 0.999973, 0.999976, 0.999979, 0.999982, 1.0]}