{"Values": [193, 257, 270, 282, 294, 308, 316, 325, 335, 346, 360, 368, 377, 387, 400, 413, 421, 430, 440, 452, 467, 476, 488, 501, 516, 537, 550, 564, 580, 603, 640, 660, 690, 726, 784, 870, 995, 1334, 1754, 1946, 2103, 2191, 2261, 2371, 2489, 2705, 2945, 3113, 3281, 4077, 5079, 5207, 5459, 5955, 6975, 7983, 8479, 8503, 8607, 8791, 10071, 10167, 10455, 14823, 15831, 16751, 17247, 17407, 17423, 17423, 17647, 17647, 18287, 18287, 18287, 18575, 18575, 18575, 18575, 18575, 18831, 18831], "Percentiles": [0.0, 0.1, 0.2, 0.3, 0.4, 0.5, 0.55, 0.6, 0.65, 0.7, 0.75, 0.775, 0.8, 0.825, 0.85, 0.875, 0.8875, 0.9, 0.9125, 0.925, 0.9375, 0.94375, 0.95, 0.95625, 0.9625, 0.96875, 0.971875, 0.975, 0.978125, 0.98125, 0.984375, 0.985938, 0.9875, 0.989062, 0.990625, 0.992188, 0.992969, 0.99375, 0.994531, 0.995313, 0.996094, 0.996484, 0.996875, 0.997266, 0.997656, 0.998047, 0.998242, 0.998437, 0.998633, 0.998828, 0.999023, 0.999121, 0.999219, 0.999316, 0.999414, 0.999512, 0.999561, 0.999609, 0.999658, 0.999707, 0.999756, 0.99978, 0.999805, 0.999829, 0.999854, 0.999878, 0.99989, 0.999902, 0.999915, 0.999927, 0.999939, 0.999945, 0.999951, 0.999957, 0.999963, 0.999969, 0.999973, 0.999976, 0.999979, 0.999982, 0.999985, 1.0]}