{"Values": [87, 105, 111, 120, 173, 1091, 5775, 7407, 7567, 7627, 7715, 7759, 7775, 7791, 7799, 7807, 7815, 7819, 7827, 7831, 7839, 7839, 7843, 7847, 7855, 7863, 7863, 7867, 7871, 7875, 7883, 7891, 7895, 7903, 7911, 7923, 7927, 7939, 7955, 7963, 7979, 7983, 7995, 8015, 8015, 8027, 8027, 8031, 8039, 8051, 8055, 8067, 8067, 8071, 8071, 8079, 8079, 8079, 8083, 8083, 8083, 8083, 8083, 8091, 8091], "Percentiles": [0.0, 0.1, 0.2, 0.3, 0.4, 0.5, 0.55, 0.6, 0.65, 0.7, 0.75, 0.775, 0.8, 0.825, 0.85, 0.875, 0.8875, 0.9, 0.9125, 0.925, 0.9375, 0.94375, 0.95, 0.95625, 0.9625, 0.96875, 0.971875, 0.975, 0.978125, 0.98125, 0.984375, 0.985938, 0.9875, 0.989062, 0.990625, 0.992188, 0.992969, 0.99375, 0.994531, 0.995313, 0.996094, 0.996484, 0.996875, 0.997266, 0.997656, 0.998047, 0.998242, 0.998437, 0.998633, 0.998828, 0.999023, 0.999121, 0.999219, 0.999316, 0.999414, 0.999512, 0.999561, 0.999609, 0.999658, 0.999707, 0.999756, 0.99978, 0.999805, 0.999829, 1.0]}