{"Values": [199, 235, 246, 256, 270, 290, 304, 320, 341, 366, 394, 408, 423, 441, 461, 488, 504, 521, 542, 565, 595, 613, 631, 653, 677, 707, 724, 743, 762, 788, 814, 829, 848, 874, 902, 931, 950, 967, 986, 1003, 1028, 1045, 1075, 1097, 1122, 1159, 1277, 1334, 1451, 1539, 1618, 1678, 1715, 1772, 1852, 1932, 1973, 2071, 2269, 2513, 2577, 2603, 2607, 2689, 2703, 2729, 2827, 2859, 2905, 2905, 3063, 3063, 3171, 3171, 3171, 3443, 3443, 3443, 3443, 3443, 3733, 3733], "Percentiles": [0.0, 0.1, 0.2, 0.3, 0.4, 0.5, 0.55, 0.6, 0.65, 0.7, 0.75, 0.775, 0.8, 0.825, 0.85, 0.875, 0.8875, 0.9, 0.9125, 0.925, 0.9375, 0.94375, 0.95, 0.95625, 0.9625, 0.96875, 0.971875, 0.975, 0.978125, 0.98125, 0.984375, 0.985938, 0.9875, 0.989062, 0.990625, 0.992188, 0.992969, 0.99375, 0.994531, 0.995313, 0.996094, 0.996484, 0.996875, 0.997266, 0.997656, 0.998047, 0.998242, 0.998437, 0.998633, 0.998828, 0.999023, 0.999121, 0.999219, 0.999316, 0.999414, 0.999512, 0.999561, 0.999609, 0.999658, 0.999707, 0.999756, 0.99978, 0.999805, 0.999829, 0.999854, 0.999878, 0.99989, 0.999902, 0.999915, 0.999927, 0.999939, 0.999945, 0.999951, 0.999957, 0.999963, 0.999969, 0.999973, 0.999976, 0.999979, 0.999982, 0.999985, 1.0]}