{
    "Values": [
        192,
        253,
        270,
        288,
        308,
        332,
        347,
        365,
        385,
        408,
        434,
        448,
        463,
        480,
        500,
        524,
        538,
        553,
        570,
        591,
        616,
        631,
        649,
        668,
        688,
        716,
        731,
        751,
        770,
        791,
        818,
        836,
        854,
        869,
        894,
        920,
        939,
        959,
        984,
        1013,
        1044,
        1066,
        1093,
        1126,
        1178,
        1231,
        1318,
        1353,
        1417,
        1497,
        1604,
        1632,
        1701,
        1850,
        1953,
        2073,
        2097,
        2193,
        2331,
        2433,
        2625,
        2653,
        2677,
        2843,
        3201,
        3255,
        3323,
        3323,
        3427,
        4351,
        4351,
        4363,
        4363,
        4363,
        4875,
        4875,
        4875,
        4875,
        4875,
        5115,
        5115
    ],
    "Percentiles": [
        0.0,
        0.1,
        0.2,
        0.3,
        0.4,
        0.5,
        0.55,
        0.6,
        0.65,
        0.7,
        0.75,
        0.775,
        0.8,
        0.825,
        0.85,
        0.875,
        0.8875,
        0.9,
        0.9125,
        0.925,
        0.9375,
        0.94375,
        0.95,
        0.95625,
        0.9625,
        0.96875,
        0.971875,
        0.975,
        0.978125,
        0.98125,
        0.984375,
        0.985938,
        0.9875,
        0.989062,
        0.990625,
        0.992188,
        0.992969,
        0.99375,
        0.994531,
        0.995313,
        0.996094,
        0.996484,
        0.996875,
        0.997266,
        0.997656,
        0.998047,
        0.998242,
        0.998437,
        0.998633,
        0.998828,
        0.999023,
        0.999121,
        0.999219,
        0.999316,
        0.999414,
        0.999512,
        0.999561,
        0.999609,
        0.999658,
        0.999707,
        0.999756,
        0.99978,
        0.999805,
        0.999829,
        0.999854,
        0.999878,
        0.99989,
        0.999902,
        0.999915,
        0.999927,
        0.999939,
        0.999945,
        0.999951,
        0.999957,
        0.999963,
        0.999969,
        0.999973,
        0.999976,
        0.999979,
        0.999982,
        1.0
    ]
}