{"Values": [409, 655, 711, 739, 759, 778, 791, 805, 823, 843, 866, 880, 894, 910, 933, 961, 972, 982, 991, 999, 1009, 1014, 1020, 1027, 1036, 1052, 1061, 1072, 1086, 1107, 1129, 1143, 1163, 1200, 1262, 1336, 1373, 1419, 1486, 1532, 1627, 1650, 1674, 1726, 1771, 1823, 1867, 1907, 1961, 2011, 2159, 2279, 2313, 2423, 2485, 2525, 2647, 2649, 2691, 2807, 3065, 3415, 3495, 3495, 4327, 4327, 4651, 4651, 4651, 4795, 4795, 4795, 4795, 4795, 44799, 44799], "Percentiles": [0.0, 0.1, 0.2, 0.3, 0.4, 0.5, 0.55, 0.6, 0.65, 0.7, 0.75, 0.775, 0.8, 0.825, 0.85, 0.875, 0.8875, 0.9, 0.9125, 0.925, 0.9375, 0.94375, 0.95, 0.95625, 0.9625, 0.96875, 0.971875, 0.975, 0.978125, 0.98125, 0.984375, 0.985938, 0.9875, 0.989062, 0.990625, 0.992188, 0.992969, 0.99375, 0.994531, 0.995313, 0.996094, 0.996484, 0.996875, 0.997266, 0.997656, 0.998047, 0.998242, 0.998437, 0.998633, 0.998828, 0.999023, 0.999121, 0.999219, 0.999316, 0.999414, 0.999512, 0.999561, 0.999609, 0.999658, 0.999707, 0.999756, 0.99978, 0.999805, 0.999829, 0.999854, 0.999878, 0.99989, 0.999902, 0.999915, 0.999927, 0.999939, 0.999945, 0.999951, 0.999957, 0.999963, 1.0]}