{"Values": [155, 218, 237, 255, 276, 301, 314, 330, 349, 371, 397, 413, 433, 456, 483, 519, 539, 564, 596, 632, 680, 708, 739, 778, 820, 875, 905, 947, 990, 1040, 1109, 1153, 1267, 1379, 1456, 1535, 1584, 1635, 1685, 1737, 1801, 1854, 1912, 1968, 2035, 2109, 2153, 2239, 2315, 2423, 2565, 2697, 2759, 2993, 3163, 6463, 6507, 6787, 7103, 11543, 11599, 11887, 11911, 12223, 13367, 13391, 13879, 13879, 13943, 13967, 13967, 14375, 14375, 14375, 14431, 14431, 14431, 14431, 14431, 15487, 15487], "Percentiles": [0.0, 0.1, 0.2, 0.3, 0.4, 0.5, 0.55, 0.6, 0.65, 0.7, 0.75, 0.775, 0.8, 0.825, 0.85, 0.875, 0.8875, 0.9, 0.9125, 0.925, 0.9375, 0.94375, 0.95, 0.95625, 0.9625, 0.96875, 0.971875, 0.975, 0.978125, 0.98125, 0.984375, 0.985938, 0.9875, 0.989062, 0.990625, 0.992188, 0.992969, 0.99375, 0.994531, 0.995313, 0.996094, 0.996484, 0.996875, 0.997266, 0.997656, 0.998047, 0.998242, 0.998437, 0.998633, 0.998828, 0.999023, 0.999121, 0.999219, 0.999316, 0.999414, 0.999512, 0.999561, 0.999609, 0.999658, 0.999707, 0.999756, 0.99978, 0.999805, 0.999829, 0.999854, 0.999878, 0.99989, 0.999902, 0.999915, 0.999927, 0.999939, 0.999945, 0.999951, 0.999957, 0.999963, 0.999969, 0.999973, 0.999976, 0.999979, 0.999982, 1.0]}