{
    "Values": [
        158,
        221,
        237,
        251,
        270,
        293,
        307,
        324,
        342,
        363,
        387,
        401,
        415,
        434,
        456,
        482,
        497,
        514,
        536,
        561,
        591,
        608,
        628,
        653,
        680,
        720,
        744,
        775,
        805,
        842,
        883,
        911,
        948,
        992,
        1056,
        1132,
        1262,
        1376,
        1526,
        1663,
        1805,
        1899,
        1992,
        2111,
        2177,
        2303,
        2383,
        2547,
        2891,
        3235,
        4319,
        4595,
        7223,
        7471,
        8039,
        8703,
        9687,
        10079,
        10183,
        10399,
        10903,
        10943,
        11263,
        17743,
        18207,
        18799,
        18799,
        18815,
        19071,
        19071,
        19279,
        19279,
        19343,
        19343,
        19343,
        20207,
        20207,
        20207,
        20207,
        20207,
        20719,
        20719
    ],
    "Percentiles": [
        0.0,
        0.1,
        0.2,
        0.3,
        0.4,
        0.5,
        0.55,
        0.6,
        0.65,
        0.7,
        0.75,
        0.775,
        0.8,
        0.825,
        0.85,
        0.875,
        0.8875,
        0.9,
        0.9125,
        0.925,
        0.9375,
        0.94375,
        0.95,
        0.95625,
        0.9625,
        0.96875,
        0.971875,
        0.975,
        0.978125,
        0.98125,
        0.984375,
        0.985938,
        0.9875,
        0.989062,
        0.990625,
        0.992188,
        0.992969,
        0.99375,
        0.994531,
        0.995313,
        0.996094,
        0.996484,
        0.996875,
        0.997266,
        0.997656,
        0.998047,
        0.998242,
        0.998437,
        0.998633,
        0.998828,
        0.999023,
        0.999121,
        0.999219,
        0.999316,
        0.999414,
        0.999512,
        0.999561,
        0.999609,
        0.999658,
        0.999707,
        0.999756,
        0.99978,
        0.999805,
        0.999829,
        0.999854,
        0.999878,
        0.99989,
        0.999902,
        0.999915,
        0.999927,
        0.999939,
        0.999945,
        0.999951,
        0.999957,
        0.999963,
        0.999969,
        0.999973,
        0.999976,
        0.999979,
        0.999982,
        0.999985,
        1.0
    ]
}