{
    "Values": [
        172,
        220,
        234,
        249,
        264,
        282,
        292,
        304,
        317,
        333,
        352,
        363,
        375,
        389,
        407,
        429,
        442,
        457,
        475,
        495,
        521,
        538,
        557,
        577,
        604,
        637,
        654,
        678,
        699,
        732,
        776,
        799,
        825,
        855,
        888,
        944,
        980,
        1027,
        1086,
        1180,
        1430,
        1511,
        1624,
        1718,
        1871,
        2001,
        2075,
        2169,
        2339,
        2559,
        2717,
        2791,
        2839,
        2961,
        3191,
        3861,
        4235,
        6351,
        6475,
        6511,
        6695,
        6695,
        6795,
        6823,
        7147,
        7987,
        8175,
        8207,
        8207,
        8255,
        8407,
        8407,
        9095,
        9095,
        9095,
        9119,
        9119,
        9119,
        9119,
        9119,
        9327,
        9327
    ],
    "Percentiles": [
        0.0,
        0.1,
        0.2,
        0.3,
        0.4,
        0.5,
        0.55,
        0.6,
        0.65,
        0.7,
        0.75,
        0.775,
        0.8,
        0.825,
        0.85,
        0.875,
        0.8875,
        0.9,
        0.9125,
        0.925,
        0.9375,
        0.94375,
        0.95,
        0.95625,
        0.9625,
        0.96875,
        0.971875,
        0.975,
        0.978125,
        0.98125,
        0.984375,
        0.985938,
        0.9875,
        0.989062,
        0.990625,
        0.992188,
        0.992969,
        0.99375,
        0.994531,
        0.995313,
        0.996094,
        0.996484,
        0.996875,
        0.997266,
        0.997656,
        0.998047,
        0.998242,
        0.998437,
        0.998633,
        0.998828,
        0.999023,
        0.999121,
        0.999219,
        0.999316,
        0.999414,
        0.999512,
        0.999561,
        0.999609,
        0.999658,
        0.999707,
        0.999756,
        0.99978,
        0.999805,
        0.999829,
        0.999854,
        0.999878,
        0.99989,
        0.999902,
        0.999915,
        0.999927,
        0.999939,
        0.999945,
        0.999951,
        0.999957,
        0.999963,
        0.999969,
        0.999973,
        0.999976,
        0.999979,
        0.999982,
        0.999985,
        1.0
    ]
}