{"Values": [104, 122, 126, 130, 135, 139, 141, 142, 144, 146, 149, 152, 156, 165, 194, 262, 299, 315, 336, 367, 429, 455, 494, 530, 549, 559, 564, 570, 581, 598, 621, 636, 655, 686, 747, 843, 894, 972, 1054, 1122, 1185, 1235, 1278, 1369, 1502, 1602, 1658, 1732, 1789, 1859, 1911, 1936, 1972, 1993, 2006, 2021, 2027, 2081, 2113, 2241, 2415, 2633, 2739, 2927, 3323, 3793, 4391, 4435, 4563, 5031, 5959, 6319, 6319, 6975, 7331, 7331, 8015, 8015, 8015, 8111, 8111, 8111, 8111, 8111, 8959, 8959], "Percentiles": [0.0, 0.1, 0.2, 0.3, 0.4, 0.5, 0.55, 0.6, 0.65, 0.7, 0.75, 0.775, 0.8, 0.825, 0.85, 0.875, 0.8875, 0.9, 0.9125, 0.925, 0.9375, 0.94375, 0.95, 0.95625, 0.9625, 0.96875, 0.971875, 0.975, 0.978125, 0.98125, 0.984375, 0.985938, 0.9875, 0.989062, 0.990625, 0.992188, 0.992969, 0.99375, 0.994531, 0.995313, 0.996094, 0.996484, 0.996875, 0.997266, 0.997656, 0.998047, 0.998242, 0.998437, 0.998633, 0.998828, 0.999023, 0.999121, 0.999219, 0.999316, 0.999414, 0.999512, 0.999561, 0.999609, 0.999658, 0.999707, 0.999756, 0.99978, 0.999805, 0.999829, 0.999854, 0.999878, 0.99989, 0.999902, 0.999915, 0.999927, 0.999939, 0.999945, 0.999951, 0.999957, 0.999963, 0.999969, 0.999973, 0.999976, 0.999979, 0.999982, 0.999985, 0.999986, 0.999988, 0.999989, 0.999991, 1.0]}