{"Values": [119, 136, 144, 149, 152, 156, 158, 160, 162, 165, 167, 169, 171, 173, 176, 179, 180, 182, 184, 187, 190, 192, 194, 196, 198, 201, 202, 204, 206, 208, 210, 212, 214, 216, 220, 225, 228, 231, 235, 240, 248, 260, 294, 323, 347, 362, 370, 378, 385, 395, 406, 413, 420, 430, 436, 448, 459, 464, 480, 498, 654, 921, 1114, 1592, 2121, 2287, 2543, 2571, 2739, 3145, 3475, 3527, 3527, 3581, 3583, 3625, 3625, 3625, 3941, 3941, 4053, 4053, 4053, 4053, 4053, 4251, 4251], "Percentiles": [0.0, 0.1, 0.2, 0.3, 0.4, 0.5, 0.55, 0.6, 0.65, 0.7, 0.75, 0.775, 0.8, 0.825, 0.85, 0.875, 0.8875, 0.9, 0.9125, 0.925, 0.9375, 0.94375, 0.95, 0.95625, 0.9625, 0.96875, 0.971875, 0.975, 0.978125, 0.98125, 0.984375, 0.985938, 0.9875, 0.989062, 0.990625, 0.992188, 0.992969, 0.99375, 0.994531, 0.995313, 0.996094, 0.996484, 0.996875, 0.997266, 0.997656, 0.998047, 0.998242, 0.998437, 0.998633, 0.998828, 0.999023, 0.999121, 0.999219, 0.999316, 0.999414, 0.999512, 0.999561, 0.999609, 0.999658, 0.999707, 0.999756, 0.99978, 0.999805, 0.999829, 0.999854, 0.999878, 0.99989, 0.999902, 0.999915, 0.999927, 0.999939, 0.999945, 0.999951, 0.999957, 0.999963, 0.999969, 0.999973, 0.999976, 0.999979, 0.999982, 0.999985, 0.999986, 0.999988, 0.999989, 0.999991, 0.999992, 1.0]}