{
    "Values": [
        200,
        241,
        255,
        269,
        286,
        307,
        319,
        334,
        352,
        372,
        392,
        404,
        416,
        430,
        446,
        467,
        479,
        493,
        509,
        529,
        553,
        566,
        585,
        607,
        634,
        667,
        691,
        719,
        748,
        789,
        848,
        879,
        923,
        983,
        1104,
        1436,
        1543,
        1651,
        1831,
        1991,
        2107,
        2183,
        2317,
        2439,
        2767,
        3171,
        3463,
        3701,
        4187,
        4927,
        6075,
        6431,
        6795,
        7063,
        7531,
        7979,
        7991,
        8255,
        8887,
        9271,
        9583,
        10199,
        10207,
        11383,
        17151,
        17343,
        17487,
        17487,
        19263,
        20079,
        20079,
        20655,
        20655,
        20655,
        20847,
        20847,
        20847,
        20847,
        20847,
        22511,
        22511
    ],
    "Percentiles": [
        0.0,
        0.1,
        0.2,
        0.3,
        0.4,
        0.5,
        0.55,
        0.6,
        0.65,
        0.7,
        0.75,
        0.775,
        0.8,
        0.825,
        0.85,
        0.875,
        0.8875,
        0.9,
        0.9125,
        0.925,
        0.9375,
        0.94375,
        0.95,
        0.95625,
        0.9625,
        0.96875,
        0.971875,
        0.975,
        0.978125,
        0.98125,
        0.984375,
        0.985938,
        0.9875,
        0.989062,
        0.990625,
        0.992188,
        0.992969,
        0.99375,
        0.994531,
        0.995313,
        0.996094,
        0.996484,
        0.996875,
        0.997266,
        0.997656,
        0.998047,
        0.998242,
        0.998437,
        0.998633,
        0.998828,
        0.999023,
        0.999121,
        0.999219,
        0.999316,
        0.999414,
        0.999512,
        0.999561,
        0.999609,
        0.999658,
        0.999707,
        0.999756,
        0.99978,
        0.999805,
        0.999829,
        0.999854,
        0.999878,
        0.99989,
        0.999902,
        0.999915,
        0.999927,
        0.999939,
        0.999945,
        0.999951,
        0.999957,
        0.999963,
        0.999969,
        0.999973,
        0.999976,
        0.999979,
        0.999982,
        1.0
    ]
}