{"Values": [212, 629, 677, 715, 741, 760, 771, 786, 803, 829, 861, 869, 876, 884, 892, 898, 901, 905, 909, 913, 921, 926, 931, 939, 950, 965, 974, 982, 990, 1001, 1017, 1026, 1042, 1055, 1080, 1109, 1124, 1153, 1199, 1247, 1313, 1345, 1366, 1435, 1476, 1539, 1570, 1587, 1634, 1764, 1826, 1885, 1974, 2053, 2299, 2379, 2391, 2499, 3581, 3661, 4535, 4555, 4555, 5523, 6159, 6159, 7471, 7471, 7471, 7519, 7519, 7519, 7519, 7519, 7579, 7579], "Percentiles": [0.0, 0.1, 0.2, 0.3, 0.4, 0.5, 0.55, 0.6, 0.65, 0.7, 0.75, 0.775, 0.8, 0.825, 0.85, 0.875, 0.8875, 0.9, 0.9125, 0.925, 0.9375, 0.94375, 0.95, 0.95625, 0.9625, 0.96875, 0.971875, 0.975, 0.978125, 0.98125, 0.984375, 0.985938, 0.9875, 0.989062, 0.990625, 0.992188, 0.992969, 0.99375, 0.994531, 0.995313, 0.996094, 0.996484, 0.996875, 0.997266, 0.997656, 0.998047, 0.998242, 0.998437, 0.998633, 0.998828, 0.999023, 0.999121, 0.999219, 0.999316, 0.999414, 0.999512, 0.999561, 0.999609, 0.999658, 0.999707, 0.999756, 0.99978, 0.999805, 0.999829, 0.999854, 0.999878, 0.99989, 0.999902, 0.999915, 0.999927, 0.999939, 0.999945, 0.999951, 0.999957, 0.999963, 1.0]}