{"Values": [609, 828, 873, 911, 940, 962, 967, 975, 984, 995, 1008, 1015, 1021, 1026, 1032, 1038, 1042, 1046, 1051, 1058, 1070, 1077, 1088, 1106, 1134, 1182, 1230, 1290, 1355, 1413, 1485, 1514, 1552, 1584, 1637, 1683, 1718, 1754, 1790, 1844, 1879, 1903, 1941, 1981, 2000, 2013, 2028, 2055, 2125, 2157, 2177, 2215, 2221, 2253, 2347, 2853, 2913, 3017, 3127, 3583, 3709, 4379, 4379, 5315, 5315, 6587, 6587, 6587, 7067, 7067, 7067, 7067, 7067, 7923, 7923], "Percentiles": [0.0, 0.1, 0.2, 0.3, 0.4, 0.5, 0.55, 0.6, 0.65, 0.7, 0.75, 0.775, 0.8, 0.825, 0.85, 0.875, 0.8875, 0.9, 0.9125, 0.925, 0.9375, 0.94375, 0.95, 0.95625, 0.9625, 0.96875, 0.971875, 0.975, 0.978125, 0.98125, 0.984375, 0.985938, 0.9875, 0.989062, 0.990625, 0.992188, 0.992969, 0.99375, 0.994531, 0.995313, 0.996094, 0.996484, 0.996875, 0.997266, 0.997656, 0.998047, 0.998242, 0.998437, 0.998633, 0.998828, 0.999023, 0.999121, 0.999219, 0.999316, 0.999414, 0.999512, 0.999561, 0.999609, 0.999658, 0.999707, 0.999756, 0.99978, 0.999805, 0.999829, 0.999854, 0.999878, 0.99989, 0.999902, 0.999915, 0.999927, 0.999939, 0.999945, 0.999951, 0.999957, 1.0]}