{"Values": [90, 110, 112, 115, 117, 121, 123, 124, 125, 126, 127, 130, 135, 162, 211, 338, 468, 592, 1050, 1606, 2341, 2897, 3261, 3525, 3903, 4431, 4695, 4903, 5011, 5115, 5211, 5219, 5263, 5407, 5759, 6103, 6291, 6515, 6647, 6775, 6887, 6939, 6943, 6947, 6951, 6955, 6959, 6959, 6963, 6967, 6967, 6971, 6971, 6975, 6975, 6979, 6979, 6983, 6983, 6995, 7003, 7011, 7019, 7031, 7051, 7051, 7055, 7055, 7055, 7055, 7063, 7063, 7063, 7067, 7067, 7067, 7067, 7067, 8271, 8271], "Percentiles": [0.0, 0.1, 0.2, 0.3, 0.4, 0.5, 0.55, 0.6, 0.65, 0.7, 0.75, 0.775, 0.8, 0.825, 0.85, 0.875, 0.8875, 0.9, 0.9125, 0.925, 0.9375, 0.94375, 0.95, 0.95625, 0.9625, 0.96875, 0.971875, 0.975, 0.978125, 0.98125, 0.984375, 0.985938, 0.9875, 0.989062, 0.990625, 0.992188, 0.992969, 0.99375, 0.994531, 0.995313, 0.996094, 0.996484, 0.996875, 0.997266, 0.997656, 0.998047, 0.998242, 0.998437, 0.998633, 0.998828, 0.999023, 0.999121, 0.999219, 0.999316, 0.999414, 0.999512, 0.999561, 0.999609, 0.999658, 0.999707, 0.999756, 0.99978, 0.999805, 0.999829, 0.999854, 0.999878, 0.99989, 0.999902, 0.999915, 0.999927, 0.999939, 0.999945, 0.999951, 0.999957, 0.999963, 0.999969, 0.999973, 0.999976, 0.999979, 1.0]}