{
    "Values": [
        883,
        1118,
        1154,
        1191,
        1231,
        1270,
        1290,
        1307,
        1327,
        1347,
        1368,
        1378,
        1389,
        1401,
        1416,
        1438,
        1451,
        1466,
        1483,
        1497,
        1509,
        1517,
        1527,
        1541,
        1566,
        1617,
        1644,
        1699,
        1776,
        1842,
        1926,
        1972,
        2023,
        2097,
        2145,
        2221,
        2283,
        2353,
        2439,
        2541,
        2669,
        2763,
        2871,
        2953,
        3115,
        3321,
        3419,
        3507,
        3729,
        4643,
        5763,
        6159,
        6359,
        6399,
        7563,
        7747,
        7767,
        7919,
        7919,
        8375,
        9071,
        9071,
        10871,
        10871,
        10871,
        11255,
        11255,
        11255,
        11255,
        11255,
        11351,
        11351
    ],
    "Percentiles": [
        0.0,
        0.1,
        0.2,
        0.3,
        0.4,
        0.5,
        0.55,
        0.6,
        0.65,
        0.7,
        0.75,
        0.775,
        0.8,
        0.825,
        0.85,
        0.875,
        0.8875,
        0.9,
        0.9125,
        0.925,
        0.9375,
        0.94375,
        0.95,
        0.95625,
        0.9625,
        0.96875,
        0.971875,
        0.975,
        0.978125,
        0.98125,
        0.984375,
        0.985938,
        0.9875,
        0.989062,
        0.990625,
        0.992188,
        0.992969,
        0.99375,
        0.994531,
        0.995313,
        0.996094,
        0.996484,
        0.996875,
        0.997266,
        0.997656,
        0.998047,
        0.998242,
        0.998437,
        0.998633,
        0.998828,
        0.999023,
        0.999121,
        0.999219,
        0.999316,
        0.999414,
        0.999512,
        0.999561,
        0.999609,
        0.999658,
        0.999707,
        0.999756,
        0.99978,
        0.999805,
        0.999829,
        0.999854,
        0.999878,
        0.99989,
        0.999902,
        0.999915,
        0.999927,
        0.999939,
        1.0
    ]
}