{"Values": [148, 170, 173, 176, 179, 181, 182, 183, 185, 187, 188, 189, 191, 193, 195, 198, 199, 202, 204, 208, 212, 215, 218, 223, 230, 240, 246, 255, 267, 281, 301, 313, 333, 357, 393, 446, 498, 552, 607, 691, 806, 925, 1035, 1134, 1192, 1277, 1338, 1414, 1492, 1588, 1706, 1816, 1890, 2012, 2201, 2419, 2545, 2715, 2919, 2999, 3487, 3703, 4035, 4303, 5003, 7207, 7487, 7599, 8487, 8663, 8823, 9303, 9303, 9735, 9775, 9775, 9927, 9927, 9927, 13975, 13975, 13975, 13975, 13975, 14263, 14263], "Percentiles": [0.0, 0.1, 0.2, 0.3, 0.4, 0.5, 0.55, 0.6, 0.65, 0.7, 0.75, 0.775, 0.8, 0.825, 0.85, 0.875, 0.8875, 0.9, 0.9125, 0.925, 0.9375, 0.94375, 0.95, 0.95625, 0.9625, 0.96875, 0.971875, 0.975, 0.978125, 0.98125, 0.984375, 0.985938, 0.9875, 0.989062, 0.990625, 0.992188, 0.992969, 0.99375, 0.994531, 0.995313, 0.996094, 0.996484, 0.996875, 0.997266, 0.997656, 0.998047, 0.998242, 0.998437, 0.998633, 0.998828, 0.999023, 0.999121, 0.999219, 0.999316, 0.999414, 0.999512, 0.999561, 0.999609, 0.999658, 0.999707, 0.999756, 0.99978, 0.999805, 0.999829, 0.999854, 0.999878, 0.99989, 0.999902, 0.999915, 0.999927, 0.999939, 0.999945, 0.999951, 0.999957, 0.999963, 0.999969, 0.999973, 0.999976, 0.999979, 0.999982, 0.999985, 0.999986, 0.999988, 0.999989, 0.999991, 1.0]}