{"Values": [188, 421, 455, 557, 705, 779, 815, 845, 858, 869, 882, 887, 892, 896, 902, 907, 910, 914, 919, 926, 934, 940, 946, 956, 967, 978, 986, 993, 1002, 1014, 1032, 1040, 1054, 1068, 1089, 1125, 1147, 1199, 1237, 1317, 1386, 1435, 1475, 1510, 1560, 1614, 1662, 1697, 1794, 1912, 1971, 2009, 2057, 2107, 2333, 2411, 2425, 2655, 3349, 3601, 5279, 5279, 5411, 5567, 5567, 5695, 5695, 7967, 7967, 7967, 8351, 8351, 8351, 8351, 8351, 8383, 8383], "Percentiles": [0.0, 0.1, 0.2, 0.3, 0.4, 0.5, 0.55, 0.6, 0.65, 0.7, 0.75, 0.775, 0.8, 0.825, 0.85, 0.875, 0.8875, 0.9, 0.9125, 0.925, 0.9375, 0.94375, 0.95, 0.95625, 0.9625, 0.96875, 0.971875, 0.975, 0.978125, 0.98125, 0.984375, 0.985938, 0.9875, 0.989062, 0.990625, 0.992188, 0.992969, 0.99375, 0.994531, 0.995313, 0.996094, 0.996484, 0.996875, 0.997266, 0.997656, 0.998047, 0.998242, 0.998437, 0.998633, 0.998828, 0.999023, 0.999121, 0.999219, 0.999316, 0.999414, 0.999512, 0.999561, 0.999609, 0.999658, 0.999707, 0.999756, 0.99978, 0.999805, 0.999829, 0.999854, 0.999878, 0.99989, 0.999902, 0.999915, 0.999927, 0.999939, 0.999945, 0.999951, 0.999957, 0.999963, 0.999969, 1.0]}