{"Values": [458, 474, 478, 484, 487, 489, 490, 491, 492, 493, 494, 494, 495, 496, 497, 499, 500, 502, 504, 506, 508, 509, 511, 512, 514, 517, 519, 520, 523, 525, 528, 529, 531, 533, 535, 537, 539, 541, 543, 546, 550, 553, 554, 557, 560, 564, 566, 568, 569, 573, 579, 582, 591, 598, 603, 609, 618, 621, 625, 627, 631, 632, 632, 636, 638, 639, 639, 644, 644, 651, 651, 651, 685, 685, 685, 685, 685, 1098, 1098], "Percentiles": [0.0, 0.1, 0.2, 0.3, 0.4, 0.5, 0.55, 0.6, 0.65, 0.7, 0.75, 0.775, 0.8, 0.825, 0.85, 0.875, 0.8875, 0.9, 0.9125, 0.925, 0.9375, 0.94375, 0.95, 0.95625, 0.9625, 0.96875, 0.971875, 0.975, 0.978125, 0.98125, 0.984375, 0.985938, 0.9875, 0.989062, 0.990625, 0.992188, 0.992969, 0.99375, 0.994531, 0.995313, 0.996094, 0.996484, 0.996875, 0.997266, 0.997656, 0.998047, 0.998242, 0.998437, 0.998633, 0.998828, 0.999023, 0.999121, 0.999219, 0.999316, 0.999414, 0.999512, 0.999561, 0.999609, 0.999658, 0.999707, 0.999756, 0.99978, 0.999805, 0.999829, 0.999854, 0.999878, 0.99989, 0.999902, 0.999915, 0.999927, 0.999939, 0.999945, 0.999951, 0.999957, 0.999963, 0.999969, 0.999973, 0.999976, 1.0]}