{"Values": [184, 243, 275, 307, 342, 382, 405, 432, 465, 503, 549, 579, 614, 656, 703, 764, 798, 838, 881, 934, 995, 1035, 1085, 1143, 1301, 1509, 1570, 1628, 1683, 1760, 1832, 1872, 1922, 1970, 2053, 2115, 2161, 2211, 2295, 2367, 2491, 2549, 2613, 2679, 2797, 2903, 3013, 3121, 3241, 3449, 3701, 4455, 6031, 6755, 7375, 8383, 8463, 8719, 9455, 15551, 16375, 16383, 16495, 16735, 16895, 17119, 17119, 17135, 17135, 17151, 17151, 17151, 17295, 17295, 17295, 17295, 17295, 17423, 17423], "Percentiles": [0.0, 0.1, 0.2, 0.3, 0.4, 0.5, 0.55, 0.6, 0.65, 0.7, 0.75, 0.775, 0.8, 0.825, 0.85, 0.875, 0.8875, 0.9, 0.9125, 0.925, 0.9375, 0.94375, 0.95, 0.95625, 0.9625, 0.96875, 0.971875, 0.975, 0.978125, 0.98125, 0.984375, 0.985938, 0.9875, 0.989062, 0.990625, 0.992188, 0.992969, 0.99375, 0.994531, 0.995313, 0.996094, 0.996484, 0.996875, 0.997266, 0.997656, 0.998047, 0.998242, 0.998437, 0.998633, 0.998828, 0.999023, 0.999121, 0.999219, 0.999316, 0.999414, 0.999512, 0.999561, 0.999609, 0.999658, 0.999707, 0.999756, 0.99978, 0.999805, 0.999829, 0.999854, 0.999878, 0.99989, 0.999902, 0.999915, 0.999927, 0.999939, 0.999945, 0.999951, 0.999957, 0.999963, 0.999969, 0.999973, 0.999976, 1.0]}