{
    "Values": [
        195,
        237,
        251,
        264,
        282,
        302,
        316,
        330,
        348,
        368,
        392,
        404,
        419,
        435,
        454,
        476,
        490,
        506,
        524,
        546,
        571,
        588,
        606,
        629,
        655,
        689,
        709,
        733,
        761,
        797,
        837,
        864,
        896,
        937,
        974,
        1041,
        1085,
        1146,
        1228,
        1435,
        1582,
        1653,
        1765,
        1896,
        2079,
        2323,
        2479,
        2559,
        2679,
        2809,
        2989,
        3315,
        3777,
        4035,
        4491,
        6139,
        6299,
        6751,
        7275,
        7747,
        7911,
        7927,
        8047,
        8135,
        8163,
        8279,
        8279,
        8279,
        8495,
        8495,
        8719,
        8719,
        8839,
        8839,
        8839,
        8847,
        8847,
        8847,
        8847,
        8847,
        8927,
        8927
    ],
    "Percentiles": [
        0.0,
        0.1,
        0.2,
        0.3,
        0.4,
        0.5,
        0.55,
        0.6,
        0.65,
        0.7,
        0.75,
        0.775,
        0.8,
        0.825,
        0.85,
        0.875,
        0.8875,
        0.9,
        0.9125,
        0.925,
        0.9375,
        0.94375,
        0.95,
        0.95625,
        0.9625,
        0.96875,
        0.971875,
        0.975,
        0.978125,
        0.98125,
        0.984375,
        0.985938,
        0.9875,
        0.989062,
        0.990625,
        0.992188,
        0.992969,
        0.99375,
        0.994531,
        0.995313,
        0.996094,
        0.996484,
        0.996875,
        0.997266,
        0.997656,
        0.998047,
        0.998242,
        0.998437,
        0.998633,
        0.998828,
        0.999023,
        0.999121,
        0.999219,
        0.999316,
        0.999414,
        0.999512,
        0.999561,
        0.999609,
        0.999658,
        0.999707,
        0.999756,
        0.99978,
        0.999805,
        0.999829,
        0.999854,
        0.999878,
        0.99989,
        0.999902,
        0.999915,
        0.999927,
        0.999939,
        0.999945,
        0.999951,
        0.999957,
        0.999963,
        0.999969,
        0.999973,
        0.999976,
        0.999979,
        0.999982,
        0.999985,
        1.0
    ]
}