{"Values": [710, 1090, 1130, 1157, 1179, 1201, 1212, 1222, 1231, 1243, 1254, 1261, 1269, 1278, 1288, 1300, 1307, 1315, 1324, 1335, 1350, 1361, 1379, 1411, 1454, 1570, 1632, 1704, 1765, 1840, 1917, 1954, 2008, 2085, 2147, 2225, 2287, 2371, 2471, 2531, 2601, 2641, 2725, 2833, 3011, 3097, 3203, 3223, 3265, 3661, 4451, 4535, 5687, 6071, 6767, 7335, 7335, 7943, 8027, 9215, 9407, 9407, 9407, 9503, 9503, 9631, 9631, 9631, 9631, 9631, 9671, 9671], "Percentiles": [0.0, 0.1, 0.2, 0.3, 0.4, 0.5, 0.55, 0.6, 0.65, 0.7, 0.75, 0.775, 0.8, 0.825, 0.85, 0.875, 0.8875, 0.9, 0.9125, 0.925, 0.9375, 0.94375, 0.95, 0.95625, 0.9625, 0.96875, 0.971875, 0.975, 0.978125, 0.98125, 0.984375, 0.985938, 0.9875, 0.989062, 0.990625, 0.992188, 0.992969, 0.99375, 0.994531, 0.995313, 0.996094, 0.996484, 0.996875, 0.997266, 0.997656, 0.998047, 0.998242, 0.998437, 0.998633, 0.998828, 0.999023, 0.999121, 0.999219, 0.999316, 0.999414, 0.999512, 0.999561, 0.999609, 0.999658, 0.999707, 0.999756, 0.99978, 0.999805, 0.999829, 0.999854, 0.999878, 0.99989, 0.999902, 0.999915, 0.999927, 0.999939, 1.0]}