{"Values": [494, 527, 529, 531, 532, 534, 535, 537, 538, 540, 543, 545, 548, 554, 579, 633, 637, 638, 640, 641, 642, 643, 644, 645, 646, 647, 648, 648, 649, 650, 652, 653, 654, 656, 658, 660, 661, 663, 665, 667, 671, 673, 676, 681, 696, 713, 724, 734, 751, 768, 800, 814, 833, 878, 912, 970, 995, 1054, 1082, 1148, 1359, 1446, 1446, 1488, 1505, 1626, 1746, 1746, 1746, 1852, 1852, 1896, 1896, 1896, 1896, 1896, 14615, 14615], "Percentiles": [0.0, 0.1, 0.2, 0.3, 0.4, 0.5, 0.55, 0.6, 0.65, 0.7, 0.75, 0.775, 0.8, 0.825, 0.85, 0.875, 0.8875, 0.9, 0.9125, 0.925, 0.9375, 0.94375, 0.95, 0.95625, 0.9625, 0.96875, 0.971875, 0.975, 0.978125, 0.98125, 0.984375, 0.985938, 0.9875, 0.989062, 0.990625, 0.992188, 0.992969, 0.99375, 0.994531, 0.995313, 0.996094, 0.996484, 0.996875, 0.997266, 0.997656, 0.998047, 0.998242, 0.998437, 0.998633, 0.998828, 0.999023, 0.999121, 0.999219, 0.999316, 0.999414, 0.999512, 0.999561, 0.999609, 0.999658, 0.999707, 0.999756, 0.99978, 0.999805, 0.999829, 0.999854, 0.999878, 0.99989, 0.999902, 0.999915, 0.999927, 0.999939, 0.999945, 0.999951, 0.999957, 0.999963, 0.999969, 0.999973, 1.0]}