{"Values": [427, 723, 765, 791, 814, 845, 858, 874, 896, 926, 961, 974, 982, 989, 995, 1002, 1005, 1010, 1015, 1021, 1029, 1035, 1041, 1050, 1061, 1079, 1091, 1103, 1118, 1137, 1164, 1186, 1211, 1247, 1301, 1370, 1406, 1439, 1487, 1546, 1648, 1683, 1731, 1777, 1847, 1884, 1929, 2008, 2117, 2217, 2545, 2791, 2999, 3193, 3559, 3789, 4659, 4871, 4979, 5379, 6235, 6235, 6267, 7335, 7335, 8647, 8647, 8647, 8967, 8967, 8967, 8967, 8967, 43199, 43199], "Percentiles": [0.0, 0.1, 0.2, 0.3, 0.4, 0.5, 0.55, 0.6, 0.65, 0.7, 0.75, 0.775, 0.8, 0.825, 0.85, 0.875, 0.8875, 0.9, 0.9125, 0.925, 0.9375, 0.94375, 0.95, 0.95625, 0.9625, 0.96875, 0.971875, 0.975, 0.978125, 0.98125, 0.984375, 0.985938, 0.9875, 0.989062, 0.990625, 0.992188, 0.992969, 0.99375, 0.994531, 0.995313, 0.996094, 0.996484, 0.996875, 0.997266, 0.997656, 0.998047, 0.998242, 0.998437, 0.998633, 0.998828, 0.999023, 0.999121, 0.999219, 0.999316, 0.999414, 0.999512, 0.999561, 0.999609, 0.999658, 0.999707, 0.999756, 0.99978, 0.999805, 0.999829, 0.999854, 0.999878, 0.99989, 0.999902, 0.999915, 0.999927, 0.999939, 0.999945, 0.999951, 0.999957, 1.0]}