{"Values": [534, 921, 951, 966, 980, 997, 1005, 1011, 1016, 1021, 1027, 1032, 1038, 1045, 1056, 1069, 1076, 1081, 1085, 1092, 1105, 1117, 1137, 1175, 1216, 1287, 1327, 1380, 1422, 1462, 1508, 1535, 1554, 1573, 1604, 1661, 1680, 1706, 1741, 1770, 1808, 1832, 1852, 1882, 1950, 1977, 2001, 2039, 2061, 2097, 2121, 2155, 2183, 2223, 2261, 2309, 2331, 2409, 2583, 2665, 2669, 2669, 4103, 4103, 5307, 5307, 5307, 5879, 5879, 5879, 5879, 5879, 6759, 6759], "Percentiles": [0.0, 0.1, 0.2, 0.3, 0.4, 0.5, 0.55, 0.6, 0.65, 0.7, 0.75, 0.775, 0.8, 0.825, 0.85, 0.875, 0.8875, 0.9, 0.9125, 0.925, 0.9375, 0.94375, 0.95, 0.95625, 0.9625, 0.96875, 0.971875, 0.975, 0.978125, 0.98125, 0.984375, 0.985938, 0.9875, 0.989062, 0.990625, 0.992188, 0.992969, 0.99375, 0.994531, 0.995313, 0.996094, 0.996484, 0.996875, 0.997266, 0.997656, 0.998047, 0.998242, 0.998437, 0.998633, 0.998828, 0.999023, 0.999121, 0.999219, 0.999316, 0.999414, 0.999512, 0.999561, 0.999609, 0.999658, 0.999707, 0.999756, 0.99978, 0.999805, 0.999829, 0.999854, 0.999878, 0.99989, 0.999902, 0.999915, 0.999927, 0.999939, 0.999945, 0.999951, 1.0]}