{"Values": [866, 1175, 1214, 1241, 1265, 1285, 1296, 1309, 1319, 1329, 1340, 1346, 1353, 1362, 1371, 1381, 1387, 1394, 1404, 1419, 1446, 1469, 1496, 1540, 1608, 1728, 1775, 1836, 1914, 2008, 2099, 2147, 2209, 2265, 2367, 2473, 2559, 2659, 2709, 2755, 2853, 3003, 3123, 3193, 3315, 3471, 3565, 3701, 3907, 4355, 5623, 5751, 6999, 7067, 7823, 7955, 8167, 9087, 9087, 9823, 10103, 10103, 10159, 10159, 10159, 10255, 10255, 10255, 10255, 10255, 10927, 10927], "Percentiles": [0.0, 0.1, 0.2, 0.3, 0.4, 0.5, 0.55, 0.6, 0.65, 0.7, 0.75, 0.775, 0.8, 0.825, 0.85, 0.875, 0.8875, 0.9, 0.9125, 0.925, 0.9375, 0.94375, 0.95, 0.95625, 0.9625, 0.96875, 0.971875, 0.975, 0.978125, 0.98125, 0.984375, 0.985938, 0.9875, 0.989062, 0.990625, 0.992188, 0.992969, 0.99375, 0.994531, 0.995313, 0.996094, 0.996484, 0.996875, 0.997266, 0.997656, 0.998047, 0.998242, 0.998437, 0.998633, 0.998828, 0.999023, 0.999121, 0.999219, 0.999316, 0.999414, 0.999512, 0.999561, 0.999609, 0.999658, 0.999707, 0.999756, 0.99978, 0.999805, 0.999829, 0.999854, 0.999878, 0.99989, 0.999902, 0.999915, 0.999927, 0.999939, 1.0]}