{
    "Values": [
        178,
        240,
        261,
        281,
        302,
        326,
        340,
        356,
        374,
        395,
        421,
        438,
        455,
        478,
        504,
        536,
        553,
        574,
        599,
        628,
        667,
        687,
        711,
        739,
        773,
        811,
        837,
        862,
        892,
        922,
        971,
        995,
        1026,
        1056,
        1093,
        1148,
        1192,
        1248,
        1304,
        1350,
        1398,
        1444,
        1504,
        1547,
        1606,
        1671,
        1708,
        1763,
        1821,
        1868,
        1984,
        2039,
        2091,
        2129,
        2245,
        2405,
        2459,
        2579,
        2747,
        3095,
        3287,
        3449,
        3537,
        4223,
        4251,
        4271,
        4299,
        4299,
        4371,
        4615,
        4615,
        4863,
        4863,
        4863,
        5151,
        5151,
        5151,
        5151,
        5151,
        5691,
        5691
    ],
    "Percentiles": [
        0.0,
        0.1,
        0.2,
        0.3,
        0.4,
        0.5,
        0.55,
        0.6,
        0.65,
        0.7,
        0.75,
        0.775,
        0.8,
        0.825,
        0.85,
        0.875,
        0.8875,
        0.9,
        0.9125,
        0.925,
        0.9375,
        0.94375,
        0.95,
        0.95625,
        0.9625,
        0.96875,
        0.971875,
        0.975,
        0.978125,
        0.98125,
        0.984375,
        0.985938,
        0.9875,
        0.989062,
        0.990625,
        0.992188,
        0.992969,
        0.99375,
        0.994531,
        0.995313,
        0.996094,
        0.996484,
        0.996875,
        0.997266,
        0.997656,
        0.998047,
        0.998242,
        0.998437,
        0.998633,
        0.998828,
        0.999023,
        0.999121,
        0.999219,
        0.999316,
        0.999414,
        0.999512,
        0.999561,
        0.999609,
        0.999658,
        0.999707,
        0.999756,
        0.99978,
        0.999805,
        0.999829,
        0.999854,
        0.999878,
        0.99989,
        0.999902,
        0.999915,
        0.999927,
        0.999939,
        0.999945,
        0.999951,
        0.999957,
        0.999963,
        0.999969,
        0.999973,
        0.999976,
        0.999979,
        0.999982,
        1.0
    ]
}