{"Values": [144, 166, 173, 176, 180, 184, 186, 187, 189, 191, 194, 196, 197, 199, 200, 203, 204, 205, 207, 209, 211, 212, 214, 215, 217, 219, 220, 222, 223, 225, 227, 228, 229, 231, 233, 235, 236, 238, 240, 242, 245, 247, 249, 253, 260, 278, 289, 302, 319, 337, 353, 361, 380, 395, 444, 528, 564, 611, 665, 732, 944, 989, 1025, 1042, 1087, 1120, 1200, 1206, 1246, 1453, 1486, 1505, 1505, 1604, 1610, 1610, 1954, 1954, 1954, 2877, 2877, 2877, 2877, 2877, 4371, 4371], "Percentiles": [0.0, 0.1, 0.2, 0.3, 0.4, 0.5, 0.55, 0.6, 0.65, 0.7, 0.75, 0.775, 0.8, 0.825, 0.85, 0.875, 0.8875, 0.9, 0.9125, 0.925, 0.9375, 0.94375, 0.95, 0.95625, 0.9625, 0.96875, 0.971875, 0.975, 0.978125, 0.98125, 0.984375, 0.985938, 0.9875, 0.989062, 0.990625, 0.992188, 0.992969, 0.99375, 0.994531, 0.995313, 0.996094, 0.996484, 0.996875, 0.997266, 0.997656, 0.998047, 0.998242, 0.998437, 0.998633, 0.998828, 0.999023, 0.999121, 0.999219, 0.999316, 0.999414, 0.999512, 0.999561, 0.999609, 0.999658, 0.999707, 0.999756, 0.99978, 0.999805, 0.999829, 0.999854, 0.999878, 0.99989, 0.999902, 0.999915, 0.999927, 0.999939, 0.999945, 0.999951, 0.999957, 0.999963, 0.999969, 0.999973, 0.999976, 0.999979, 0.999982, 0.999985, 0.999986, 0.999988, 0.999989, 0.999991, 1.0]}