{"Values": [50, 58, 59, 60, 60, 61, 62, 62, 63, 63, 64, 65, 66, 68, 68, 69, 69, 69, 70, 70, 71, 71, 71, 71, 72, 72, 72, 73, 73, 75, 78, 81, 83, 86, 90, 94, 97, 104, 122, 210, 255, 265, 273, 281, 289, 296, 299, 303, 310, 323, 364, 412, 444, 469, 524, 582, 649, 705, 777, 947, 1005, 1024, 1041, 1062, 1119, 1292, 1309, 1335, 1412, 1660, 1794, 1797, 1867, 1897, 1917, 1982, 2067, 2575, 2601, 2649, 2701, 2701, 3671, 3671, 3881, 3881, 3881, 4371, 4371, 4371, 4371, 4371, 5059, 5059], "Percentiles": [0.0, 0.1, 0.2, 0.3, 0.4, 0.5, 0.55, 0.6, 0.65, 0.7, 0.75, 0.775, 0.8, 0.825, 0.85, 0.875, 0.8875, 0.9, 0.9125, 0.925, 0.9375, 0.94375, 0.95, 0.95625, 0.9625, 0.96875, 0.971875, 0.975, 0.978125, 0.98125, 0.984375, 0.985938, 0.9875, 0.989062, 0.990625, 0.992188, 0.992969, 0.99375, 0.994531, 0.995313, 0.996094, 0.996484, 0.996875, 0.997266, 0.997656, 0.998047, 0.998242, 0.998437, 0.998633, 0.998828, 0.999023, 0.999121, 0.999219, 0.999316, 0.999414, 0.999512, 0.999561, 0.999609, 0.999658, 0.999707, 0.999756, 0.99978, 0.999805, 0.999829, 0.999854, 0.999878, 0.99989, 0.999902, 0.999915, 0.999927, 0.999939, 0.999945, 0.999951, 0.999957, 0.999963, 0.999969, 0.999973, 0.999976, 0.999979, 0.999982, 0.999985, 0.999986, 0.999988, 0.999989, 0.999991, 0.999992, 0.999993, 0.999994, 0.999995, 0.999995, 0.999996, 0.999997, 0.999997, 1.0]}