{"Values": [193, 271, 290, 309, 330, 357, 374, 395, 419, 444, 475, 491, 510, 531, 555, 585, 602, 621, 644, 673, 705, 725, 745, 770, 800, 840, 863, 887, 912, 945, 985, 1008, 1041, 1076, 1121, 1178, 1235, 1353, 1529, 1648, 1785, 1860, 1993, 2083, 2211, 2351, 2401, 2593, 2711, 2769, 3103, 3217, 3323, 3541, 5159, 5331, 5471, 5543, 8023, 8127, 8131, 8151, 8163, 8207, 8287, 8287, 8287, 8423, 8423, 8455, 8503, 8503, 8503, 8503, 8519, 8519, 8519, 8519, 8519, 8911, 8911], "Percentiles": [0.0, 0.1, 0.2, 0.3, 0.4, 0.5, 0.55, 0.6, 0.65, 0.7, 0.75, 0.775, 0.8, 0.825, 0.85, 0.875, 0.8875, 0.9, 0.9125, 0.925, 0.9375, 0.94375, 0.95, 0.95625, 0.9625, 0.96875, 0.971875, 0.975, 0.978125, 0.98125, 0.984375, 0.985938, 0.9875, 0.989062, 0.990625, 0.992188, 0.992969, 0.99375, 0.994531, 0.995313, 0.996094, 0.996484, 0.996875, 0.997266, 0.997656, 0.998047, 0.998242, 0.998437, 0.998633, 0.998828, 0.999023, 0.999121, 0.999219, 0.999316, 0.999414, 0.999512, 0.999561, 0.999609, 0.999658, 0.999707, 0.999756, 0.99978, 0.999805, 0.999829, 0.999854, 0.999878, 0.99989, 0.999902, 0.999915, 0.999927, 0.999939, 0.999945, 0.999951, 0.999957, 0.999963, 0.999969, 0.999973, 0.999976, 0.999979, 0.999982, 1.0]}