{"Values": [91, 99, 101, 106, 108, 110, 111, 112, 112, 116, 121, 124, 126, 128, 132, 135, 136, 136, 136, 137, 137, 138, 139, 141, 143, 145, 148, 151, 155, 160, 164, 166, 168, 175, 186, 199, 209, 219, 231, 242, 259, 271, 284, 300, 320, 355, 372, 393, 421, 452, 518, 565, 611, 697, 877, 1373, 1513, 1695, 1998, 2161, 2431, 2595, 2693, 3277, 3757, 4259, 4555, 4787, 4899, 5023, 5039, 5059, 5059, 5083, 5167, 5171, 5335, 5335, 5427, 5427, 5495, 5495, 5495, 5771, 5771, 5771, 5771, 5771, 7843, 7843], "Percentiles": [0.0, 0.1, 0.2, 0.3, 0.4, 0.5, 0.55, 0.6, 0.65, 0.7, 0.75, 0.775, 0.8, 0.825, 0.85, 0.875, 0.8875, 0.9, 0.9125, 0.925, 0.9375, 0.94375, 0.95, 0.95625, 0.9625, 0.96875, 0.971875, 0.975, 0.978125, 0.98125, 0.984375, 0.985938, 0.9875, 0.989062, 0.990625, 0.992188, 0.992969, 0.99375, 0.994531, 0.995313, 0.996094, 0.996484, 0.996875, 0.997266, 0.997656, 0.998047, 0.998242, 0.998437, 0.998633, 0.998828, 0.999023, 0.999121, 0.999219, 0.999316, 0.999414, 0.999512, 0.999561, 0.999609, 0.999658, 0.999707, 0.999756, 0.99978, 0.999805, 0.999829, 0.999854, 0.999878, 0.99989, 0.999902, 0.999915, 0.999927, 0.999939, 0.999945, 0.999951, 0.999957, 0.999963, 0.999969, 0.999973, 0.999976, 0.999979, 0.999982, 0.999985, 0.999986, 0.999988, 0.999989, 0.999991, 0.999992, 0.999993, 0.999994, 0.999995, 1.0]}