{
  "commit": "d3fa5454ba275b7e50bada9d46ea43780dcc26b7",
  "tput-up-tcp": [
    "3835152",
    "2265673",
    "1984252"
  ],
  "tput-up-quic": [
    "68177",
    "54677",
    "44417"
  ],
  "rps-up-512-down-4000-quic-lat": [
    {
      "Values": [
        98,
        113,
        116,
        119,
        120,
        122,
        123,
        124,
        126,
        127,
        129,
        129,
        130,
        131,
        132,
        133,
        134,
        135,
        136,
        137,
        138,
        139,
        140,
        141,
        142,
        144,
        145,
        146,
        147,
        148,
        150,
        151,
        152,
        153,
        155,
        157,
        158,
        159,
        161,
        162,
        164,
        165,
        167,
        168,
        169,
        171,
        173,
        175,
        177,
        181,
        183,
        185,
        188,
        191,
        194,
        200,
        206,
        213,
        219,
        224,
        239,
        254,
        265,
        277,
        294,
        329,
        344,
        357,
        374,
        418,
        420,
        453,
        584,
        723,
        724,
        730,
        730,
        745,
        745,
        953,
        953,
        953,
        1078,
        1078,
        1078,
        1078,
        1078,
        2363,
        2363
      ],
      "Percentiles": [
        0.0,
        0.1,
        0.2,
        0.3,
        0.4,
        0.5,
        0.55,
        0.6,
        0.65,
        0.7,
        0.75,
        0.775,
        0.8,
        0.825,
        0.85,
        0.875,
        0.8875,
        0.9,
        0.9125,
        0.925,
        0.9375,
        0.94375,
        0.95,
        0.95625,
        0.9625,
        0.96875,
        0.971875,
        0.975,
        0.978125,
        0.98125,
        0.984375,
        0.985938,
        0.9875,
        0.989062,
        0.990625,
        0.992188,
        0.992969,
        0.99375,
        0.994531,
        0.995313,
        0.996094,
        0.996484,
        0.996875,
        0.997266,
        0.997656,
        0.998047,
        0.998242,
        0.998437,
        0.998633,
        0.998828,
        0.999023,
        0.999121,
        0.999219,
        0.999316,
        0.999414,
        0.999512,
        0.999561,
        0.999609,
        0.999658,
        0.999707,
        0.999756,
        0.99978,
        0.999805,
        0.999829,
        0.999854,
        0.999878,
        0.99989,
        0.999902,
        0.999915,
        0.999927,
        0.999939,
        0.999945,
        0.999951,
        0.999957,
        0.999963,
        0.999969,
        0.999973,
        0.999976,
        0.999979,
        0.999982,
        0.999985,
        0.999986,
        0.999988,
        0.999989,
        0.999991,
        0.999992,
        0.999993,
        0.999994,
        1.0
      ]
    },
    {
      "Values": [
        99,
        114,
        118,
        120,
        122,
        124,
        125,
        127,
        128,
        130,
        131,
        132,
        133,
        135,
        136,
        138,
        139,
        140,
        141,
        142,
        144,
        145,
        146,
        147,
        149,
        151,
        152,
        154,
        155,
        157,
        159,
        161,
        162,
        164,
        166,
        168,
        170,
        171,
        173,
        176,
        179,
        181,
        184,
        189,
        195,
        205,
        212,
        225,
        236,
        249,
        272,
        281,
        295,
        320,
        346,
        371,
        381,
        394,
        409,
        431,
        483,
        516,
        555,
        569,
        582,
        615,
        630,
        655,
        695,
        712,
        751,
        766,
        857,
        945,
        1059,
        1197,
        1197,
        1209,
        1209,
        1495,
        1495,
        1495,
        2759,
        2759,
        2759,
        2759,
        2759,
        6991,
        6991
      ],
      "Percentiles": [
        0.0,
        0.1,
        0.2,
        0.3,
        0.4,
        0.5,
        0.55,
        0.6,
        0.65,
        0.7,
        0.75,
        0.775,
        0.8,
        0.825,
        0.85,
        0.875,
        0.8875,
        0.9,
        0.9125,
        0.925,
        0.9375,
        0.94375,
        0.95,
        0.95625,
        0.9625,
        0.96875,
        0.971875,
        0.975,
        0.978125,
        0.98125,
        0.984375,
        0.985938,
        0.9875,
        0.989062,
        0.990625,
        0.992188,
        0.992969,
        0.99375,
        0.994531,
        0.995313,
        0.996094,
        0.996484,
        0.996875,
        0.997266,
        0.997656,
        0.998047,
        0.998242,
        0.998437,
        0.998633,
        0.998828,
        0.999023,
        0.999121,
        0.999219,
        0.999316,
        0.999414,
        0.999512,
        0.999561,
        0.999609,
        0.999658,
        0.999707,
        0.999756,
        0.99978,
        0.999805,
        0.999829,
        0.999854,
        0.999878,
        0.99989,
        0.999902,
        0.999915,
        0.999927,
        0.999939,
        0.999945,
        0.999951,
        0.999957,
        0.999963,
        0.999969,
        0.999973,
        0.999976,
        0.999979,
        0.999982,
        0.999985,
        0.999986,
        0.999988,
        0.999989,
        0.999991,
        0.999992,
        0.999993,
        0.999994,
        1.0
      ]
    },
    {
      "Values": [
        100,
        115,
        118,
        120,
        122,
        124,
        125,
        126,
        128,
        129,
        131,
        132,
        132,
        133,
        134,
        136,
        136,
        137,
        138,
        139,
        141,
        142,
        143,
        144,
        145,
        147,
        148,
        149,
        150,
        152,
        154,
        155,
        156,
        158,
        159,
        161,
        163,
        164,
        166,
        168,
        170,
        172,
        173,
        175,
        177,
        179,
        181,
        183,
        185,
        188,
        190,
        192,
        195,
        197,
        201,
        207,
        211,
        217,
        225,
        240,
        253,
        259,
        281,
        304,
        323,
        338,
        343,
        359,
        371,
        403,
        475,
        478,
        480,
        501,
        585,
        720,
        720,
        811,
        811,
        874,
        874,
        874,
        990,
        990,
        990,
        990,
        990,
        1048,
        1048
      ],