{
  "rps-up-512-down-4000-tcp-lat": [
    {
      "Values": [
        87,
        96,
        97,
        98,
        99,
        100,
        101,
        101,
        102,
        102,
        103,
        103,
        104,
        104,
        105,
        105,
        106,
        106,
        107,
        108,
        109,
        109,
        110,
        111,
        112,
        114,
        115,
        117,
        119,
        122,
        127,
        131,
        136,
        140,
        147,
        157,
        160,
        165,
        171,
        179,
        186,
        194,
        206,
        221,
        247,
        281,
        308,
        337,
        375,
        413,
        479,
        509,
        578,
        645,
        727,
        911,
        945,
        1055,
        1371,
        1534,
        1812,
        2055,
        2321,
        3003,
        3301,
        3517,
        3741,
        3967,
        4155,
        4707,
        4799,
        4819,
        4835,
        4855,
        4951,
        5023,
        5023,
        5055,
        5055,
        5079,
        5187,
        5187,
        5187,
        5187,
        5295,
        5295,
        5295,
        5295,
        5295,
        9791,
        9791
      ],
      "Percentiles": [
        0.0,
        0.1,
        0.2,
        0.3,
        0.4,
        0.5,
        0.55,
        0.6,
        0.65,
        0.7,
        0.75,
        0.775,
        0.8,
        0.825,
        0.85,
        0.875,
        0.8875,
        0.9,
        0.9125,
        0.925,
        0.9375,
        0.94375,
        0.95,
        0.95625,
        0.9625,
        0.96875,
        0.971875,
        0.975,
        0.978125,
        0.98125,
        0.984375,
        0.985938,
        0.9875,
        0.989062,
        0.990625,
        0.992188,
        0.992969,
        0.99375,
        0.994531,
        0.995313,
        0.996094,
        0.996484,
        0.996875,
        0.997266,
        0.997656,
        0.998047,
        0.998242,
        0.998437,
        0.998633,
        0.998828,
        0.999023,
        0.999121,
        0.999219,
        0.999316,
        0.999414,
        0.999512,
        0.999561,
        0.999609,
        0.999658,
        0.999707,
        0.999756,
        0.99978,
        0.999805,
        0.999829,
        0.999854,
        0.999878,
        0.99989,
        0.999902,
        0.999915,
        0.999927,
        0.999939,
        0.999945,
        0.999951,
        0.999957,
        0.999963,
        0.999969,
        0.999973,
        0.999976,
        0.999979,
        0.999982,
        0.999985,
        0.999986,
        0.999988,
        0.999989,
        0.999991,
        0.999992,
        0.999993,
        0.999994,
        0.999995,
        0.999995,
        1.0
      ]
    },
    {
      "Values": [
        89,
        98,
        100,
        101,
        101,
        102,
        102,
        103,
        103,
        104,
        104,
        104,
        105,
        105,
        106,
        107,
        107,
        108,
        108,
        109,
        110,
        111,
        112,
        113,
        114,
        116,
        117,
        118,
        120,
        124,
        129,
        131,
        135,
        139,
        144,
        154,
        163,
        173,
        185,
        198,
        219,
        234,
        249,
        269,
        306,
        351,
        376,
        419,
        469,
        537,
        627,
        693,
        755,
        862,
        950,
        1186,
        1387,
        1590,
        1735,
        1971,
        2369,
        2571,
        2741,
        2951,
        3155,
        3589,
        3701,
        3761,
        3861,
        4263,
        4447,
        4455,
        4491,
        4627,
        4951,
        4983,
        4983,
        5075,
        5075,
        5199,
        5219,
        5219,
        5219,
        5219,
        5399,
        5399,
        5399,
        5399,
        5399,
        6807,
        6807
      ],
      "Percentiles": [
        0.0,
        0.1,
        0.2,
        0.3,
        0.4,
        0.5,
        0.55,
        0.6,
        0.65,
        0.7,
        0.75,
        0.775,
        0.8,
        0.825,
        0.85,
        0.875,
        0.8875,
        0.9,
        0.9125,
        0.925,
        0.9375,
        0.94375,
        0.95,
        0.95625,
        0.9625,
        0.96875,
        0.971875,
        0.975,
        0.978125,
        0.98125,
        0.984375,
        0.985938,
        0.9875,
        0.989062,
        0.990625,
        0.992188,
        0.992969,
        0.99375,
        0.994531,
        0.995313,
        0.996094,
        0.996484,
        0.996875,
        0.997266,
        0.997656,
        0.998047,
        0.998242,
        0.998437,
        0.998633,
        0.998828,
        0.999023,
        0.999121,
        0.999219,
        0.999316,
        0.999414,
        0.999512,
        0.999561,
        0.999609,
        0.999658,
        0.999707,
        0.999756,
        0.99978,
        0.999805,
        0.999829,
        0.999854,
        0.999878,
        0.99989,
        0.999902,
        0.999915,
        0.999927,
        0.999939,
        0.999945,
        0.999951,
        0.999957,
        0.999963,
        0.999969,
        0.999973,
        0.999976,
        0.999979,
        0.999982,
        0.999985,
        0.999986,
        0.999988,
        0.999989,
        0.999991,
        0.999992,
        0.999993,
        0.999994,
        0.999995,
        0.999995,
        1.0
      ]
    },
    {
      "Values": [
        88,
        97,
        98,
        99,
        100,
        101,
        101,
        102,
        102,
        102,
        103,
        103,
        103,
        104,
        104,
        105,
        105,
        106,
        106,
        107,
        108,
        109,
        109,
        110,
        111,
        112,
        113,
        114,
        116,
        118,
        122,
        124,
        127,
        131,
        135,
        142,
        148,
        158,
        170,
        178,
        182,
        187,
        196,
        207,
        222,
        252,
        273,
        300,
        339,
        393,
        456,
        496,
        537,
        611,
        702,
        901,
        927,
        962,
        1065,
        1273,
        1612,
        1793,
        1932,
        2205,
        2355,
        2707,
        3029,
        3171,
        3329,
        3765,
        4021,
        4035,
        4323,
        4559,
        4619,
        4919,
        4919,
        5019,
        5019,
        5035,
        5079,
        5079,
        5079,
        5079,
        5211,
        5211,
        5211,
        5211,
        5211,
        5447,
        5447
      ],