{
  "rps-up-512-down-4000-quic-lat": [
    {
      "Values": [
        93,
        103,
        106,
        108,
        111,
        114,
        115,
        117,
        118,
        119,
        120,
        121,
        122,
        123,
        124,
        126,
        127,
        128,
        129,
        131,
        133,
        134,
        136,
        138,
        140,
        143,
        145,
        147,
        149,
        152,
        155,
        157,
        159,
        162,
        165,
        170,
        172,
        175,
        179,
        184,
        192,
        197,
        203,
        213,
        228,
        251,
        271,
        281,
        294,
        326,
        352,
        367,
        385,
        403,
        439,
        476,
        523,
        640,
        689,
        741,
        792,
        838,
        912,
        997,
        1180,
        1286,
        1569,
        1745,
        1772,
        1952,
        2213,
        2441,
        2753,
        2799,
        3071,
        3089,
        3493,
        3493,
        3511,
        3511,
        3695,
        3695,
        3695,
        4627,
        4627,
        4627,
        4627,
        4627,
        4927,
        4927
      ],
      "Percentiles": [
        0.0,
        0.1,
        0.2,
        0.3,
        0.4,
        0.5,
        0.55,
        0.6,
        0.65,
        0.7,
        0.75,
        0.775,
        0.8,
        0.825,
        0.85,
        0.875,
        0.8875,
        0.9,
        0.9125,
        0.925,
        0.9375,
        0.94375,
        0.95,
        0.95625,
        0.9625,
        0.96875,
        0.971875,
        0.975,
        0.978125,
        0.98125,
        0.984375,
        0.985938,
        0.9875,
        0.989062,
        0.990625,
        0.992188,
        0.992969,
        0.99375,
        0.994531,
        0.995313,
        0.996094,
        0.996484,
        0.996875,
        0.997266,
        0.997656,
        0.998047,
        0.998242,
        0.998437,
        0.998633,
        0.998828,
        0.999023,
        0.999121,
        0.999219,
        0.999316,
        0.999414,
        0.999512,
        0.999561,
        0.999609,
        0.999658,
        0.999707,
        0.999756,
        0.99978,
        0.999805,
        0.999829,
        0.999854,
        0.999878,
        0.99989,
        0.999902,
        0.999915,
        0.999927,
        0.999939,
        0.999945,
        0.999951,
        0.999957,
        0.999963,
        0.999969,
        0.999973,
        0.999976,
        0.999979,
        0.999982,
        0.999985,
        0.999986,
        0.999988,
        0.999989,
        0.999991,
        0.999992,
        0.999993,
        0.999994,
        0.999995,
        1.0
      ]
    },
    {
      "Values": [
        93,
        102,
        105,
        107,
        109,
        112,
        114,
        115,
        116,
        117,
        118,
        119,
        120,
        120,
        121,
        122,
        123,
        124,
        124,
        125,
        127,
        127,
        128,
        129,
        131,
        133,
        134,
        135,
        137,
        139,
        141,
        143,
        144,
        146,
        149,
        151,
        153,
        155,
        157,
        160,
        164,
        166,
        168,
        171,
        176,
        182,
        185,
        191,
        197,
        206,
        221,
        230,
        247,
        262,
        281,
        314,
        330,
        351,
        363,
        392,
        416,
        428,
        526,
        545,
        726,
        817,
        864,
        902,
        945,
        1152,
        1245,
        1300,
        1620,
        1912,
        2333,
        2413,
        3313,
        3313,
        3969,
        3969,
        4359,
        4359,
        4359,
        4383,
        4383,
        4383,
        4383,
        4383,
        5907,
        5907
      ],
      "Percentiles": [
        0.0,
        0.1,
        0.2,
        0.3,
        0.4,
        0.5,
        0.55,
        0.6,
        0.65,
        0.7,
        0.75,
        0.775,
        0.8,
        0.825,
        0.85,
        0.875,
        0.8875,
        0.9,
        0.9125,
        0.925,
        0.9375,
        0.94375,
        0.95,
        0.95625,
        0.9625,
        0.96875,
        0.971875,
        0.975,
        0.978125,
        0.98125,
        0.984375,
        0.985938,
        0.9875,
        0.989062,
        0.990625,
        0.992188,
        0.992969,
        0.99375,
        0.994531,
        0.995313,
        0.996094,
        0.996484,
        0.996875,
        0.997266,
        0.997656,
        0.998047,
        0.998242,
        0.998437,
        0.998633,
        0.998828,
        0.999023,
        0.999121,
        0.999219,
        0.999316,
        0.999414,
        0.999512,
        0.999561,
        0.999609,
        0.999658,
        0.999707,
        0.999756,
        0.99978,
        0.999805,
        0.999829,
        0.999854,
        0.999878,
        0.99989,
        0.999902,
        0.999915,
        0.999927,
        0.999939,
        0.999945,
        0.999951,
        0.999957,
        0.999963,
        0.999969,
        0.999973,
        0.999976,
        0.999979,
        0.999982,
        0.999985,
        0.999986,
        0.999988,
        0.999989,
        0.999991,
        0.999992,
        0.999993,
        0.999994,
        0.999995,
        1.0
      ]
    },
    {
      "Values": [
        93,
        102,
        105,
        107,
        110,
        114,
        115,
        116,
        117,
        118,
        119,
        120,
        120,
        121,
        122,
        123,
        124,
        125,
        126,
        127,
        129,
        130,
        131,
        132,
        134,
        136,
        138,
        139,
        140,
        143,
        145,
        147,
        149,
        150,
        152,
        155,
        156,
        158,
        160,
        162,
        165,
        167,
        169,
        172,
        175,
        179,
        182,
        185,
        188,
        193,
        200,
        204,
        210,
        217,
        224,
        236,
        249,
        255,
        265,
        282,
        296,
        306,
        316,
        334,
        341,
        354,
        361,
        375,
        380,
        388,
        401,
        402,
        436,
        442,
        443,
        446,
        464,
        464,
        468,
        468,
        555,
        555,
        555,
        1158,
        1158,
        1158,
        1158,
        1158,
        1205,
        1205
      ],