{
  "rps-up-512-down-4000-quic-lat": [
    {
      "Values": [
        96,
        111,
        113,
        115,
        117,
        118,
        119,
        120,
        121,
        122,
        124,
        125,
        126,
        128,
        129,
        131,
        132,
        133,
        135,
        137,
        139,
        140,
        141,
        142,
        144,
        146,
        148,
        151,
        154,
        156,
        159,
        160,
        163,
        168,
        175,
        184,
        192,
        200,
        209,
        222,
        237,
        246,
        256,
        267,
        282,
        315,
        329,
        342,
        359,
        383,
        408,
        422,
        441,
        465,
        493,
        533,
        554,
        582,
        610,
        645,
        738,
        784,
        837,
        900,
        985,
        1034,
        1102,
        1176,
        1346,
        1385,
        1392,
        1484,
        1517,
        1629,
        1862,
        1967,
        1967,
        2037,
        2037,
        2573,
        2573,
        2573,
        2623,
        2623,
        2623,
        2623,
        2623,
        2797,
        2797
      ],
      "Percentiles": [
        0.0,
        0.1,
        0.2,
        0.3,
        0.4,
        0.5,
        0.55,
        0.6,
        0.65,
        0.7,
        0.75,
        0.775,
        0.8,
        0.825,
        0.85,
        0.875,
        0.8875,
        0.9,
        0.9125,
        0.925,
        0.9375,
        0.94375,
        0.95,
        0.95625,
        0.9625,
        0.96875,
        0.971875,
        0.975,
        0.978125,
        0.98125,
        0.984375,
        0.985938,
        0.9875,
        0.989062,
        0.990625,
        0.992188,
        0.992969,
        0.99375,
        0.994531,
        0.995313,
        0.996094,
        0.996484,
        0.996875,
        0.997266,
        0.997656,
        0.998047,
        0.998242,
        0.998437,
        0.998633,
        0.998828,
        0.999023,
        0.999121,
        0.999219,
        0.999316,
        0.999414,
        0.999512,
        0.999561,
        0.999609,
        0.999658,
        0.999707,
        0.999756,
        0.99978,
        0.999805,
        0.999829,
        0.999854,
        0.999878,
        0.99989,
        0.999902,
        0.999915,
        0.999927,
        0.999939,
        0.999945,
        0.999951,
        0.999957,
        0.999963,
        0.999969,
        0.999973,
        0.999976,
        0.999979,
        0.999982,
        0.999985,
        0.999986,
        0.999988,
        0.999989,
        0.999991,
        0.999992,
        0.999993,
        0.999994,
        1.0
      ]
    },
    {
      "Values": [
        95,
        102,
        104,
        105,
        107,
        111,
        113,
        114,
        115,
        116,
        117,
        119,
        122,
        123,
        125,
        126,
        127,
        127,
        128,
        129,
        131,
        133,
        135,
        137,
        138,
        139,
        140,
        141,
        143,
        146,
        150,
        153,
        158,
        163,
        173,
        185,
        193,
        204,
        214,
        226,
        240,
        248,
        258,
        272,
        291,
        314,
        329,
        349,
        370,
        402,
        456,
        478,
        507,
        538,
        573,
        629,
        669,
        738,
        973,
        1246,
        1468,
        1627,
        1844,
        2055,
        2591,
        2771,
        3097,
        3237,
        3481,
        3883,
        4075,
        4267,
        4287,
        4439,
        4439,
        5043,
        5083,
        5083,
        5111,
        5111,
        5127,
        5127,
        5127,
        5171,
        5171,
        5171,
        5171,
        5171,
        5223,
        5223
      ],
      "Percentiles": [
        0.0,
        0.1,
        0.2,
        0.3,
        0.4,
        0.5,
        0.55,
        0.6,
        0.65,
        0.7,
        0.75,
        0.775,
        0.8,
        0.825,
        0.85,
        0.875,
        0.8875,
        0.9,
        0.9125,
        0.925,
        0.9375,
        0.94375,
        0.95,
        0.95625,
        0.9625,
        0.96875,
        0.971875,
        0.975,
        0.978125,
        0.98125,
        0.984375,
        0.985938,
        0.9875,
        0.989062,
        0.990625,
        0.992188,
        0.992969,
        0.99375,
        0.994531,
        0.995313,
        0.996094,
        0.996484,
        0.996875,
        0.997266,
        0.997656,
        0.998047,
        0.998242,
        0.998437,
        0.998633,
        0.998828,
        0.999023,
        0.999121,
        0.999219,
        0.999316,
        0.999414,
        0.999512,
        0.999561,
        0.999609,
        0.999658,
        0.999707,
        0.999756,
        0.99978,
        0.999805,
        0.999829,
        0.999854,
        0.999878,
        0.99989,
        0.999902,
        0.999915,
        0.999927,
        0.999939,
        0.999945,
        0.999951,
        0.999957,
        0.999963,
        0.999969,
        0.999973,
        0.999976,
        0.999979,
        0.999982,
        0.999985,
        0.999986,
        0.999988,
        0.999989,
        0.999991,
        0.999992,
        0.999993,
        0.999994,
        0.999995,
        1.0
      ]
    },
    {
      "Values": [
        96,
        112,
        114,
        115,
        117,
        118,
        119,
        120,
        120,
        121,
        123,
        123,
        124,
        125,
        127,
        129,
        130,
        131,
        132,
        133,
        135,
        136,
        137,
        139,
        141,
        143,
        144,
        146,
        149,
        152,
        156,
        158,
        160,
        162,
        166,
        172,
        178,
        184,
        192,
        202,
        214,
        222,
        229,
        237,
        247,
        258,
        273,
        284,
        297,
        312,
        335,
        345,
        355,
        369,
        389,
        428,
        447,
        470,
        498,
        551,
        568,
        598,
        602,
        660,
        786,
        856,
        899,
        957,
        1012,
        1065,
        1130,
        1133,
        1163,
        1170,
        1204,
        1397,
        1718,
        1718,
        2209,
        2209,
        2343,
        2343,
        2343,
        2645,
        2645,
        2645,
        2645,
        2645,
        3763,
        3763
      ],