{
  "rps-up-512-down-4000-quic-lat": [
    {
      "Values": [
        93,
        102,
        104,
        106,
        112,
        114,
        115,
        116,
        117,
        120,
        122,
        123,
        123,
        124,
        126,
        129,
        130,
        132,
        135,
        138,
        139,
        140,
        141,
        143,
        145,
        148,
        150,
        152,
        155,
        158,
        162,
        167,
        173,
        182,
        194,
        213,
        226,
        239,
        254,
        278,
        309,
        327,
        348,
        365,
        391,
        460,
        501,
        518,
        533,
        544,
        561,
        568,
        576,
        586,
        596,
        617,
        631,
        646,
        680,
        724,
        789,
        811,
        856,
        879,
        905,
        932,
        972,
        1046,
        1142,
        1315,
        1389,
        1390,
        1398,
        1458,
        2351,
        2419,
        2481,
        2481,
        4103,
        4103,
        4127,
        4127,
        4127,
        4287,
        4287,
        4287,
        4287,
        4287,
        4331,
        4331
      ],
      "Percentiles": [
        0.0,
        0.1,
        0.2,
        0.3,
        0.4,
        0.5,
        0.55,
        0.6,
        0.65,
        0.7,
        0.75,
        0.775,
        0.8,
        0.825,
        0.85,
        0.875,
        0.8875,
        0.9,
        0.9125,
        0.925,
        0.9375,
        0.94375,
        0.95,
        0.95625,
        0.9625,
        0.96875,
        0.971875,
        0.975,
        0.978125,
        0.98125,
        0.984375,
        0.985938,
        0.9875,
        0.989062,
        0.990625,
        0.992188,
        0.992969,
        0.99375,
        0.994531,
        0.995313,
        0.996094,
        0.996484,
        0.996875,
        0.997266,
        0.997656,
        0.998047,
        0.998242,
        0.998437,
        0.998633,
        0.998828,
        0.999023,
        0.999121,
        0.999219,
        0.999316,
        0.999414,
        0.999512,
        0.999561,
        0.999609,
        0.999658,
        0.999707,
        0.999756,
        0.99978,
        0.999805,
        0.999829,
        0.999854,
        0.999878,
        0.99989,
        0.999902,
        0.999915,
        0.999927,
        0.999939,
        0.999945,
        0.999951,
        0.999957,
        0.999963,
        0.999969,
        0.999973,
        0.999976,
        0.999979,
        0.999982,
        0.999985,
        0.999986,
        0.999988,
        0.999989,
        0.999991,
        0.999992,
        0.999993,
        0.999994,
        0.999995,
        1.0
      ]
    },
    {
      "Values": [
        98,
        113,
        115,
        116,
        117,
        118,
        119,
        120,
        121,
        123,
        125,
        127,
        128,
        129,
        131,
        132,
        132,
        133,
        134,
        135,
        136,
        137,
        137,
        138,
        139,
        140,
        141,
        142,
        144,
        146,
        151,
        155,
        161,
        169,
        178,
        192,
        201,
        212,
        226,
        244,
        263,
        280,
        297,
        322,
        341,
        367,
        378,
        398,
        422,
        449,
        477,
        491,
        502,
        528,
        559,
        616,
        671,
        737,
        866,
        1006,
        1292,
        1364,
        1398,
        1464,
        1844,
        2569,
        2597,
        2611,
        2633,
        2645,
        2669,
        2669,
        2673,
        2683,
        2709,
        2963,
        2963,
        3817,
        3817,
        4443,
        4443,
        4443,
        5207,
        5207,
        5207,
        5207,
        5207,
        5479,
        5479
      ],
      "Percentiles": [
        0.0,
        0.1,
        0.2,
        0.3,
        0.4,
        0.5,
        0.55,
        0.6,
        0.65,
        0.7,
        0.75,
        0.775,
        0.8,
        0.825,
        0.85,
        0.875,
        0.8875,
        0.9,
        0.9125,
        0.925,
        0.9375,
        0.94375,
        0.95,
        0.95625,
        0.9625,
        0.96875,
        0.971875,
        0.975,
        0.978125,
        0.98125,
        0.984375,
        0.985938,
        0.9875,
        0.989062,
        0.990625,
        0.992188,
        0.992969,
        0.99375,
        0.994531,
        0.995313,
        0.996094,
        0.996484,
        0.996875,
        0.997266,
        0.997656,
        0.998047,
        0.998242,
        0.998437,
        0.998633,
        0.998828,
        0.999023,
        0.999121,
        0.999219,
        0.999316,
        0.999414,
        0.999512,
        0.999561,
        0.999609,
        0.999658,
        0.999707,
        0.999756,
        0.99978,
        0.999805,
        0.999829,
        0.999854,
        0.999878,
        0.99989,
        0.999902,
        0.999915,
        0.999927,
        0.999939,
        0.999945,
        0.999951,
        0.999957,
        0.999963,
        0.999969,
        0.999973,
        0.999976,
        0.999979,
        0.999982,
        0.999985,
        0.999986,
        0.999988,
        0.999989,
        0.999991,
        0.999992,
        0.999993,
        0.999994,
        1.0
      ]
    },
    {
      "Values": [
        98,
        114,
        116,
        117,
        118,
        120,
        121,
        122,
        124,
        127,
        129,
        129,
        130,
        131,
        131,
        132,
        133,
        134,
        135,
        136,
        138,
        140,
        142,
        144,
        146,
        148,
        150,
        152,
        155,
        159,
        166,
        173,
        181,
        195,
        211,
        233,
        247,
        260,
        278,
        301,
        328,
        348,
        370,
        398,
        447,
        496,
        520,
        542,
        558,
        583,
        623,
        641,
        670,
        698,
        796,
        825,
        858,
        891,
        944,
        981,
        1018,
        1037,
        1084,
        1114,
        1182,
        1390,
        1464,
        1819,
        1944,
        1982,
        1991,
        1996,
        2029,
        2057,
        2075,
        2085,
        2085,
        2345,
        2345,
        2741,
        2741,
        2741,
        4183,
        4183,
        4183,
        4183,
        4183,
        4311,
        4311
      ],