{
  "rps-up-512-down-4000-quic-lat": [
    {
      "Values": [
        98,
        114,
        116,
        117,
        118,
        120,
        121,
        122,
        123,
        124,
        126,
        127,
        127,
        128,
        129,
        131,
        131,
        132,
        133,
        135,
        137,
        138,
        140,
        143,
        146,
        150,
        152,
        154,
        156,
        159,
        164,
        168,
        175,
        184,
        196,
        214,
        225,
        237,
        253,
        280,
        319,
        341,
        367,
        400,
        449,
        487,
        507,
        540,
        557,
        576,
        606,
        631,
        662,
        699,
        798,
        951,
        1066,
        1223,
        1556,
        1719,
        2091,
        2351,
        2595,
        2651,
        2677,
        2761,
        2843,
        3223,
        3305,
        3737,
        4327,
        4463,
        4611,
        4963,
        5119,
        5215,
        5215,
        5247,
        5247,
        5443,
        5443,
        5443,
        5547,
        5547,
        5547,
        5547,
        5547,
        6075,
        6075
      ],
      "Percentiles": [
        0.0,
        0.1,
        0.2,
        0.3,
        0.4,
        0.5,
        0.55,
        0.6,
        0.65,
        0.7,
        0.75,
        0.775,
        0.8,
        0.825,
        0.85,
        0.875,
        0.8875,
        0.9,
        0.9125,
        0.925,
        0.9375,
        0.94375,
        0.95,
        0.95625,
        0.9625,
        0.96875,
        0.971875,
        0.975,
        0.978125,
        0.98125,
        0.984375,
        0.985938,
        0.9875,
        0.989062,
        0.990625,
        0.992188,
        0.992969,
        0.99375,
        0.994531,
        0.995313,
        0.996094,
        0.996484,
        0.996875,
        0.997266,
        0.997656,
        0.998047,
        0.998242,
        0.998437,
        0.998633,
        0.998828,
        0.999023,
        0.999121,
        0.999219,
        0.999316,
        0.999414,
        0.999512,
        0.999561,
        0.999609,
        0.999658,
        0.999707,
        0.999756,
        0.99978,
        0.999805,
        0.999829,
        0.999854,
        0.999878,
        0.99989,
        0.999902,
        0.999915,
        0.999927,
        0.999939,
        0.999945,
        0.999951,
        0.999957,
        0.999963,
        0.999969,
        0.999973,
        0.999976,
        0.999979,
        0.999982,
        0.999985,
        0.999986,
        0.999988,
        0.999989,
        0.999991,
        0.999992,
        0.999993,
        0.999994,
        1.0
      ]
    },
    {
      "Values": [
        98,
        114,
        116,
        118,
        120,
        122,
        123,
        124,
        125,
        126,
        127,
        127,
        128,
        129,
        130,
        131,
        132,
        133,
        134,
        136,
        138,
        140,
        142,
        145,
        148,
        150,
        152,
        153,
        154,
        155,
        157,
        159,
        161,
        165,
        172,
        183,
        190,
        198,
        208,
        221,
        240,
        251,
        261,
        280,
        303,
        335,
        348,
        366,
        382,
        412,
        449,
        472,
        517,
        550,
        589,
        662,
        755,
        784,
        918,
        1043,
        1284,
        1629,
        1740,
        1845,
        2079,
        2451,
        2681,
        2901,
        3285,
        3527,
        3623,
        4095,
        4331,
        4391,
        4479,
        4615,
        4615,
        4719,
        4719,
        4987,
        4987,
        4987,
        5199,
        5199,
        5199,
        5199,
        5199,
        5267,
        5267
      ],
      "Percentiles": [
        0.0,
        0.1,
        0.2,
        0.3,
        0.4,
        0.5,
        0.55,
        0.6,
        0.65,
        0.7,
        0.75,
        0.775,
        0.8,
        0.825,
        0.85,
        0.875,
        0.8875,
        0.9,
        0.9125,
        0.925,
        0.9375,
        0.94375,
        0.95,
        0.95625,
        0.9625,
        0.96875,
        0.971875,
        0.975,
        0.978125,
        0.98125,
        0.984375,
        0.985938,
        0.9875,
        0.989062,
        0.990625,
        0.992188,
        0.992969,
        0.99375,
        0.994531,
        0.995313,
        0.996094,
        0.996484,
        0.996875,
        0.997266,
        0.997656,
        0.998047,
        0.998242,
        0.998437,
        0.998633,
        0.998828,
        0.999023,
        0.999121,
        0.999219,
        0.999316,
        0.999414,
        0.999512,
        0.999561,
        0.999609,
        0.999658,
        0.999707,
        0.999756,
        0.99978,
        0.999805,
        0.999829,
        0.999854,
        0.999878,
        0.99989,
        0.999902,
        0.999915,
        0.999927,
        0.999939,
        0.999945,
        0.999951,
        0.999957,
        0.999963,
        0.999969,
        0.999973,
        0.999976,
        0.999979,
        0.999982,
        0.999985,
        0.999986,
        0.999988,
        0.999989,
        0.999991,
        0.999992,
        0.999993,
        0.999994,
        1.0
      ]
    },
    {
      "Values": [
        93,
        104,
        106,
        108,
        111,
        114,
        114,
        115,
        117,
        118,
        121,
        122,
        123,
        124,
        126,
        127,
        128,
        129,
        130,
        132,
        134,
        136,
        139,
        142,
        145,
        147,
        149,
        151,
        153,
        157,
        160,
        164,
        168,
        176,
        181,
        192,
        201,
        212,
        226,
        239,
        261,
        275,
        296,
        320,
        348,
        378,
        399,
        427,
        479,
        565,
        645,
        739,
        885,
        1086,
        1253,
        1571,
        1674,
        1849,
        2020,
        2219,
        2747,
        3279,
        3709,
        4069,
        4407,
        4807,
        4847,
        5035,
        5131,
        5231,
        5267,
        5275,
        5367,
        5447,
        5731,
        5759,
        5851,
        5851,
        5955,
        5955,
        6131,
        6131,
        6131,
        6183,
        6183,
        6183,
        6183,
        6183,
        6695,
        6695
      ],