{
  "rps-up-512-down-4000-quic-lat": [
    {
      "Values": [
        96,
        105,
        111,
        113,
        115,
        116,
        116,
        118,
        121,
        123,
        124,
        125,
        126,
        127,
        129,
        131,
        132,
        133,
        134,
        135,
        137,
        138,
        139,
        139,
        140,
        142,
        144,
        146,
        149,
        154,
        161,
        166,
        174,
        184,
        198,
        219,
        229,
        242,
        266,
        297,
        338,
        358,
        390,
        427,
        454,
        485,
        505,
        533,
        574,
        653,
        732,
        771,
        831,
        921,
        1000,
        1035,
        1067,
        1096,
        1111,
        1155,
        1369,
        1461,
        1573,
        1874,
        1928,
        1959,
        1981,
        1990,
        2003,
        2004,
        2017,
        2017,
        2022,
        2037,
        2067,
        2079,
        2235,
        2235,
        2485,
        2485,
        4287,
        4287,
        4287,
        4371,
        4371,
        4371,
        4371,
        4371,
        4467,
        4467
      ],
      "Percentiles": [
        0.0,
        0.1,
        0.2,
        0.3,
        0.4,
        0.5,
        0.55,
        0.6,
        0.65,
        0.7,
        0.75,
        0.775,
        0.8,
        0.825,
        0.85,
        0.875,
        0.8875,
        0.9,
        0.9125,
        0.925,
        0.9375,
        0.94375,
        0.95,
        0.95625,
        0.9625,
        0.96875,
        0.971875,
        0.975,
        0.978125,
        0.98125,
        0.984375,
        0.985938,
        0.9875,
        0.989062,
        0.990625,
        0.992188,
        0.992969,
        0.99375,
        0.994531,
        0.995313,
        0.996094,
        0.996484,
        0.996875,
        0.997266,
        0.997656,
        0.998047,
        0.998242,
        0.998437,
        0.998633,
        0.998828,
        0.999023,
        0.999121,
        0.999219,
        0.999316,
        0.999414,
        0.999512,
        0.999561,
        0.999609,
        0.999658,
        0.999707,
        0.999756,
        0.99978,
        0.999805,
        0.999829,
        0.999854,
        0.999878,
        0.99989,
        0.999902,
        0.999915,
        0.999927,
        0.999939,
        0.999945,
        0.999951,
        0.999957,
        0.999963,
        0.999969,
        0.999973,
        0.999976,
        0.999979,
        0.999982,
        0.999985,
        0.999986,
        0.999988,
        0.999989,
        0.999991,
        0.999992,
        0.999993,
        0.999994,
        0.999995,
        1.0
      ]
    },
    {
      "Values": [
        96,
        105,
        106,
        108,
        111,
        113,
        114,
        115,
        116,
        117,
        118,
        120,
        122,
        123,
        125,
        126,
        127,
        128,
        130,
        131,
        133,
        135,
        137,
        138,
        139,
        140,
        141,
        143,
        145,
        148,
        152,
        155,
        159,
        165,
        172,
        184,
        191,
        201,
        213,
        228,
        245,
        256,
        271,
        295,
        335,
        367,
        374,
        399,
        428,
        445,
        476,
        489,
        497,
        513,
        526,
        552,
        564,
        586,
        607,
        621,
        639,
        663,
        684,
        702,
        735,
        871,
        905,
        953,
        1017,
        1043,
        1090,
        1098,
        1167,
        1207,
        1217,
        1390,
        1902,
        1902,
        1938,
        1938,
        1966,
        1966,
        1966,
        2105,
        2105,
        2105,
        2105,
        2105,
        3515,
        3515
      ],
      "Percentiles": [
        0.0,
        0.1,
        0.2,
        0.3,
        0.4,
        0.5,
        0.55,
        0.6,
        0.65,
        0.7,
        0.75,
        0.775,
        0.8,
        0.825,
        0.85,
        0.875,
        0.8875,
        0.9,
        0.9125,
        0.925,
        0.9375,
        0.94375,
        0.95,
        0.95625,
        0.9625,
        0.96875,
        0.971875,
        0.975,
        0.978125,
        0.98125,
        0.984375,
        0.985938,
        0.9875,
        0.989062,
        0.990625,
        0.992188,
        0.992969,
        0.99375,
        0.994531,
        0.995313,
        0.996094,
        0.996484,
        0.996875,
        0.997266,
        0.997656,
        0.998047,
        0.998242,
        0.998437,
        0.998633,
        0.998828,
        0.999023,
        0.999121,
        0.999219,
        0.999316,
        0.999414,
        0.999512,
        0.999561,
        0.999609,
        0.999658,
        0.999707,
        0.999756,
        0.99978,
        0.999805,
        0.999829,
        0.999854,
        0.999878,
        0.99989,
        0.999902,
        0.999915,
        0.999927,
        0.999939,
        0.999945,
        0.999951,
        0.999957,
        0.999963,
        0.999969,
        0.999973,
        0.999976,
        0.999979,
        0.999982,
        0.999985,
        0.999986,
        0.999988,
        0.999989,
        0.999991,
        0.999992,
        0.999993,
        0.999994,
        0.999995,
        1.0
      ]
    },
    {
      "Values": [
        95,
        112,
        114,
        115,
        116,
        117,
        118,
        118,
        119,
        120,
        121,
        122,
        123,
        124,
        125,
        126,
        127,
        128,
        130,
        131,
        132,
        133,
        135,
        136,
        139,
        142,
        143,
        146,
        149,
        153,
        155,
        159,
        164,
        171,
        181,
        194,
        202,
        213,
        228,
        244,
        268,
        283,
        307,
        335,
        367,
        406,
        429,
        454,
        474,
        497,
        527,
        541,
        552,
        585,
        659,
        702,
        744,
        782,
        907,
        1026,
        1106,
        1138,
        1285,
        1387,
        1656,
        1949,
        2233,
        2411,
        2487,
        2555,
        2561,
        2571,
        2577,
        2593,
        2599,
        2601,
        2605,
        2605,
        2615,
        2615,
        2629,
        2629,
        2629,
        2631,
        2631,
        2631,
        2631,
        2631,
        3201,
        3201
      ],