{
  "upload-quic": [
    "7542705",
    "8252765",
    "7414390"
  ],
  "latency-quic-lat": [
    {
      "Values": [
        91,
        112,
        113,
        115,
        117,
        119,
        120,
        121,
        122,
        123,
        125,
        126,
        127,
        129,
        131,
        132,
        133,
        134,
        135,
        137,
        138,
        139,
        140,
        141,
        143,
        144,
        145,
        146,
        147,
        148,
        150,
        151,
        152,
        153,
        154,
        156,
        157,
        158,
        159,
        161,
        163,
        165,
        166,
        168,
        172,
        177,
        181,
        186,
        195,
        215,
        272,
        291,
        307,
        325,
        339,
        361,
        375,
        407,
        445,
        478,
        522,
        563,
        637,
        724,
        804,
        974,
        1099,
        1116,
        1146,
        1166,
        1237,
        1257,
        1360,
        1379,
        1556,
        1644,
        1644,
        1746,
        1746,
        1952,
        1952,
        1952,
        2751,
        2751,
        2751,
        2751,
        2751,
        5371,
        5371
      ],
      "Percentiles": [
        0.0,
        0.1,
        0.2,
        0.3,
        0.4,
        0.5,
        0.55,
        0.6,
        0.65,
        0.7,
        0.75,
        0.775,
        0.8,
        0.825,
        0.85,
        0.875,
        0.8875,
        0.9,
        0.9125,
        0.925,
        0.9375,
        0.94375,
        0.95,
        0.95625,
        0.9625,
        0.96875,
        0.971875,
        0.975,
        0.978125,
        0.98125,
        0.984375,
        0.985938,
        0.9875,
        0.989062,
        0.990625,
        0.992188,
        0.992969,
        0.99375,
        0.994531,
        0.995313,
        0.996094,
        0.996484,
        0.996875,
        0.997266,
        0.997656,
        0.998047,
        0.998242,
        0.998437,
        0.998633,
        0.998828,
        0.999023,
        0.999121,
        0.999219,
        0.999316,
        0.999414,
        0.999512,
        0.999561,
        0.999609,
        0.999658,
        0.999707,
        0.999756,
        0.99978,
        0.999805,
        0.999829,
        0.999854,
        0.999878,
        0.99989,
        0.999902,
        0.999915,
        0.999927,
        0.999939,
        0.999945,
        0.999951,
        0.999957,
        0.999963,
        0.999969,
        0.999973,
        0.999976,
        0.999979,
        0.999982,
        0.999985,
        0.999986,
        0.999988,
        0.999989,
        0.999991,
        0.999992,
        0.999993,
        0.999994,
        1.0
      ]
    },
    {
      "Values": [
        96,
        113,
        115,
        117,
        119,
        121,
        122,
        123,
        125,
        127,
        129,
        130,
        132,
        133,
        134,
        136,
        137,
        138,
        140,
        141,
        142,
        143,
        144,
        146,
        147,
        149,
        150,
        151,
        152,
        153,
        155,
        156,
        157,
        158,
        160,
        162,
        163,
        164,
        166,
        168,
        170,
        172,
        174,
        177,
        182,
        193,
        202,
        220,
        259,
        290,
        326,
        340,
        361,
        390,
        437,
        562,
        648,
        700,
        886,
        1066,
        1147,
        1153,
        1178,
        1203,
        1249,
        1282,
        1297,
        1304,
        1305,
        1343,
        1348,
        1381,
        1385,
        1429,
        1471,
        1677,
        1677,
        1829,
        1829,
        1992,
        1992,
        1992,
        2073,
        2073,
        2073,
        2073,
        2073,
        2373,
        2373
      ],
      "Percentiles": [
        0.0,
        0.1,
        0.2,
        0.3,
        0.4,
        0.5,
        0.55,
        0.6,
        0.65,
        0.7,
        0.75,
        0.775,
        0.8,
        0.825,
        0.85,
        0.875,
        0.8875,
        0.9,
        0.9125,
        0.925,
        0.9375,
        0.94375,
        0.95,
        0.95625,
        0.9625,
        0.96875,
        0.971875,
        0.975,
        0.978125,
        0.98125,
        0.984375,
        0.985938,
        0.9875,
        0.989062,
        0.990625,
        0.992188,
        0.992969,
        0.99375,
        0.994531,
        0.995313,
        0.996094,
        0.996484,
        0.996875,
        0.997266,
        0.997656,
        0.998047,
        0.998242,
        0.998437,
        0.998633,
        0.998828,
        0.999023,
        0.999121,
        0.999219,
        0.999316,
        0.999414,
        0.999512,
        0.999561,
        0.999609,
        0.999658,
        0.999707,
        0.999756,
        0.99978,
        0.999805,
        0.999829,
        0.999854,
        0.999878,
        0.99989,
        0.999902,
        0.999915,
        0.999927,
        0.999939,
        0.999945,
        0.999951,
        0.999957,
        0.999963,
        0.999969,
        0.999973,
        0.999976,
        0.999979,
        0.999982,
        0.999985,
        0.999986,
        0.999988,
        0.999989,
        0.999991,
        0.999992,
        0.999993,
        0.999994,
        1.0
      ]
    },
    {
      "Values": [
        97,
        114,
        117,
        120,
        122,
        124,
        126,
        127,
        129,
        130,
        132,
        132,
        133,
        134,
        136,
        137,
        138,
        139,
        139,
        140,
        142,
        142,
        143,
        144,
        145,
        147,
        147,
        148,
        149,
        150,
        152,
        152,
        153,
        154,
        155,
        157,
        158,
        159,
        160,
        162,
        164,
        166,
        167,
        169,
        172,
        175,
        178,
        183,
        193,
        208,
        266,
        284,
        299,
        313,
        328,
        349,
        355,
        373,
        408,
        452,
        573,
        634,
        672,
        727,
        859,
        945,
        1021,
        1049,
        1105,
        1107,
        1193,
        1203,
        1217,
        1247,
        1283,
        1358,
        1358,
        1408,
        1408,
        2039,
        2039,
        2039,
        2225,
        2225,
        2225,
        2225,
        2225,
        6763,
        6763
      ],