{
  "latency-quic-lat": [
    {
      "Values": [
        100,
        120,
        124,
        126,
        128,
        131,
        132,
        133,
        134,
        136,
        137,
        138,
        139,
        139,
        140,
        141,
        142,
        142,
        143,
        144,
        145,
        146,
        147,
        149,
        150,
        151,
        152,
        153,
        154,
        155,
        156,
        157,
        158,
        159,
        161,
        163,
        164,
        166,
        168,
        170,
        172,
        174,
        175,
        177,
        180,
        182,
        185,
        187,
        190,
        194,
        199,
        202,
        207,
        218,
        236,
        283,
        293,
        306,
        310,
        327,
        343,
        351,
        360,
        370,
        378,
        402,
        408,
        449,
        505,
        553,
        563,
        606,
        806,
        894,
        1040,
        1073,
        1073,
        1085,
        1085,
        1101,
        1101,
        1101,
        1102,
        1102,
        1102,
        1102,
        1102,
        1145,
        1145
      ],
      "Percentiles": [
        0.0,
        0.1,
        0.2,
        0.3,
        0.4,
        0.5,
        0.55,
        0.6,
        0.65,
        0.7,
        0.75,
        0.775,
        0.8,
        0.825,
        0.85,
        0.875,
        0.8875,
        0.9,
        0.9125,
        0.925,
        0.9375,
        0.94375,
        0.95,
        0.95625,
        0.9625,
        0.96875,
        0.971875,
        0.975,
        0.978125,
        0.98125,
        0.984375,
        0.985938,
        0.9875,
        0.989062,
        0.990625,
        0.992188,
        0.992969,
        0.99375,
        0.994531,
        0.995313,
        0.996094,
        0.996484,
        0.996875,
        0.997266,
        0.997656,
        0.998047,
        0.998242,
        0.998437,
        0.998633,
        0.998828,
        0.999023,
        0.999121,
        0.999219,
        0.999316,
        0.999414,
        0.999512,
        0.999561,
        0.999609,
        0.999658,
        0.999707,
        0.999756,
        0.99978,
        0.999805,
        0.999829,
        0.999854,
        0.999878,
        0.99989,
        0.999902,
        0.999915,
        0.999927,
        0.999939,
        0.999945,
        0.999951,
        0.999957,
        0.999963,
        0.999969,
        0.999973,
        0.999976,
        0.999979,
        0.999982,
        0.999985,
        0.999986,
        0.999988,
        0.999989,
        0.999991,
        0.999992,
        0.999993,
        0.999994,
        1.0
      ]
    },
    {
      "Values": [
        101,
        121,
        125,
        127,
        129,
        132,
        133,
        134,
        135,
        137,
        138,
        139,
        139,
        140,
        141,
        142,
        143,
        143,
        144,
        145,
        147,
        148,
        149,
        150,
        151,
        152,
        153,
        154,
        155,
        156,
        157,
        158,
        159,
        161,
        163,
        165,
        166,
        167,
        169,
        171,
        173,
        174,
        176,
        177,
        180,
        184,
        185,
        188,
        190,
        193,
        198,
        204,
        210,
        218,
        264,
        287,
        299,
        309,
        317,
        322,
        335,
        347,
        351,
        355,
        365,
        377,
        392,
        407,
        423,
        428,
        492,
        493,
        504,
        645,
        815,
        816,
        816,
        1047,
        1047,
        1075,
        1075,
        1075,
        1085,
        1085,
        1085,
        1085,
        1085,
        1095,
        1095
      ],
      "Percentiles": [
        0.0,
        0.1,
        0.2,
        0.3,
        0.4,
        0.5,
        0.55,
        0.6,
        0.65,
        0.7,
        0.75,
        0.775,
        0.8,
        0.825,
        0.85,
        0.875,
        0.8875,
        0.9,
        0.9125,
        0.925,
        0.9375,
        0.94375,
        0.95,
        0.95625,
        0.9625,
        0.96875,
        0.971875,
        0.975,
        0.978125,
        0.98125,
        0.984375,
        0.985938,
        0.9875,
        0.989062,
        0.990625,
        0.992188,
        0.992969,
        0.99375,
        0.994531,
        0.995313,
        0.996094,
        0.996484,
        0.996875,
        0.997266,
        0.997656,
        0.998047,
        0.998242,
        0.998437,
        0.998633,
        0.998828,
        0.999023,
        0.999121,
        0.999219,
        0.999316,
        0.999414,
        0.999512,
        0.999561,
        0.999609,
        0.999658,
        0.999707,
        0.999756,
        0.99978,
        0.999805,
        0.999829,
        0.999854,
        0.999878,
        0.99989,
        0.999902,
        0.999915,
        0.999927,
        0.999939,
        0.999945,
        0.999951,
        0.999957,
        0.999963,
        0.999969,
        0.999973,
        0.999976,
        0.999979,
        0.999982,
        0.999985,
        0.999986,
        0.999988,
        0.999989,
        0.999991,
        0.999992,
        0.999993,
        0.999994,
        1.0
      ]
    },
    {
      "Values": [
        99,
        121,
        125,
        127,
        129,
        132,
        133,
        134,
        136,
        137,
        138,
        139,
        140,
        140,
        141,
        142,
        143,
        144,
        144,
        146,
        147,
        148,
        149,
        150,
        151,
        153,
        153,
        154,
        155,
        156,
        158,
        159,
        160,
        161,
        163,
        165,
        167,
        168,
        170,
        172,
        175,
        176,
        178,
        180,
        183,
        186,
        188,
        191,
        193,
        201,
        213,
        231,
        262,
        275,
        289,
        304,
        310,
        320,
        326,
        336,
        350,
        354,
        358,
        361,
        377,
        381,
        387,
        406,
        419,
        432,
        432,
        439,
        440,
        468,
        598,
        726,
        726,
        1023,
        1023,
        1092,
        1092,
        1092,
        1102,
        1102,
        1102,
        1102,
        1102,
        2047,
        2047
      ],