{
  "download-quic": [
    "10012490",
    "10893778",
    "10973391"
  ],
  "latency-quic-lat": [
    {
      "Values": [
        95,
        111,
        113,
        115,
        117,
        119,
        120,
        121,
        122,
        124,
        126,
        127,
        128,
        130,
        131,
        133,
        134,
        135,
        136,
        137,
        139,
        139,
        140,
        141,
        143,
        145,
        146,
        147,
        149,
        151,
        153,
        155,
        156,
        158,
        162,
        169,
        173,
        179,
        188,
        203,
        227,
        243,
        260,
        283,
        312,
        342,
        365,
        384,
        399,
        413,
        428,
        446,
        455,
        478,
        491,
        510,
        529,
        552,
        596,
        667,
        739,
        788,
        870,
        937,
        1029,
        1056,
        1087,
        1217,
        1459,
        1568,
        1899,
        2079,
        2089,
        2223,
        2523,
        2539,
        2539,
        3973,
        3973,
        4077,
        4077,
        4077,
        4547,
        4547,
        4547,
        4547,
        4547,
        5159,
        5159
      ],
      "Percentiles": [
        0.0,
        0.1,
        0.2,
        0.3,
        0.4,
        0.5,
        0.55,
        0.6,
        0.65,
        0.7,
        0.75,
        0.775,
        0.8,
        0.825,
        0.85,
        0.875,
        0.8875,
        0.9,
        0.9125,
        0.925,
        0.9375,
        0.94375,
        0.95,
        0.95625,
        0.9625,
        0.96875,
        0.971875,
        0.975,
        0.978125,
        0.98125,
        0.984375,
        0.985938,
        0.9875,
        0.989062,
        0.990625,
        0.992188,
        0.992969,
        0.99375,
        0.994531,
        0.995313,
        0.996094,
        0.996484,
        0.996875,
        0.997266,
        0.997656,
        0.998047,
        0.998242,
        0.998437,
        0.998633,
        0.998828,
        0.999023,
        0.999121,
        0.999219,
        0.999316,
        0.999414,
        0.999512,
        0.999561,
        0.999609,
        0.999658,
        0.999707,
        0.999756,
        0.99978,
        0.999805,
        0.999829,
        0.999854,
        0.999878,
        0.99989,
        0.999902,
        0.999915,
        0.999927,
        0.999939,
        0.999945,
        0.999951,
        0.999957,
        0.999963,
        0.999969,
        0.999973,
        0.999976,
        0.999979,
        0.999982,
        0.999985,
        0.999986,
        0.999988,
        0.999989,
        0.999991,
        0.999992,
        0.999993,
        0.999994,
        1.0
      ]
    },
    {
      "Values": [
        94,
        111,
        114,
        116,
        118,
        121,
        122,
        124,
        126,
        127,
        129,
        130,
        131,
        132,
        134,
        135,
        136,
        137,
        137,
        138,
        140,
        140,
        141,
        142,
        144,
        146,
        147,
        148,
        149,
        150,
        152,
        153,
        154,
        155,
        157,
        159,
        161,
        163,
        166,
        171,
        179,
        187,
        199,
        211,
        237,
        276,
        295,
        318,
        345,
        375,
        395,
        410,
        428,
        439,
        466,
        497,
        508,
        531,
        561,
        585,
        639,
        686,
        727,
        807,
        844,
        1039,
        1100,
        1155,
        1437,
        1483,
        2231,
        2241,
        2731,
        2751,
        2797,
        3183,
        3183,
        3489,
        3489,
        3771,
        3771,
        3771,
        3779,
        3779,
        3779,
        3779,
        3779,
        4767,
        4767
      ],
      "Percentiles": [
        0.0,
        0.1,
        0.2,
        0.3,
        0.4,
        0.5,
        0.55,
        0.6,
        0.65,
        0.7,
        0.75,
        0.775,
        0.8,
        0.825,
        0.85,
        0.875,
        0.8875,
        0.9,
        0.9125,
        0.925,
        0.9375,
        0.94375,
        0.95,
        0.95625,
        0.9625,
        0.96875,
        0.971875,
        0.975,
        0.978125,
        0.98125,
        0.984375,
        0.985938,
        0.9875,
        0.989062,
        0.990625,
        0.992188,
        0.992969,
        0.99375,
        0.994531,
        0.995313,
        0.996094,
        0.996484,
        0.996875,
        0.997266,
        0.997656,
        0.998047,
        0.998242,
        0.998437,
        0.998633,
        0.998828,
        0.999023,
        0.999121,
        0.999219,
        0.999316,
        0.999414,
        0.999512,
        0.999561,
        0.999609,
        0.999658,
        0.999707,
        0.999756,
        0.99978,
        0.999805,
        0.999829,
        0.999854,
        0.999878,
        0.99989,
        0.999902,
        0.999915,
        0.999927,
        0.999939,
        0.999945,
        0.999951,
        0.999957,
        0.999963,
        0.999969,
        0.999973,
        0.999976,
        0.999979,
        0.999982,
        0.999985,
        0.999986,
        0.999988,
        0.999989,
        0.999991,
        0.999992,
        0.999993,
        0.999994,
        1.0
      ]
    },
    {
      "Values": [
        97,
        111,
        114,
        116,
        118,
        121,
        123,
        124,
        126,
        128,
        129,
        130,
        131,
        133,
        134,
        135,
        136,
        137,
        138,
        139,
        140,
        141,
        141,
        143,
        144,
        146,
        147,
        148,
        149,
        151,
        153,
        154,
        156,
        158,
        162,
        167,
        171,
        176,
        184,
        200,
        222,
        241,
        259,
        286,
        314,
        345,
        359,
        372,
        386,
        415,
        442,
        460,
        471,
        485,
        507,
        564,
        573,
        592,
        632,
        737,
        815,
        879,
        905,
        949,
        1049,
        1334,
        1446,
        1557,
        1633,
        1706,
        1773,
        2227,
        3017,
        3029,
        4143,
        4663,
        4663,
        4715,
        4715,
        7095,
        7095,
        7095,
        9215,
        9215,
        9215,
        9215,
        9215,
        12127,
        12127
      ],