{
  "latency-quic-lat": [
    {
      "Values": [
        110,
        139,
        143,
        145,
        148,
        150,
        151,
        153,
        154,
        156,
        158,
        159,
        160,
        161,
        163,
        164,
        165,
        167,
        168,
        169,
        171,
        172,
        173,
        175,
        176,
        178,
        179,
        181,
        183,
        185,
        187,
        189,
        191,
        192,
        195,
        197,
        198,
        200,
        201,
        203,
        205,
        207,
        208,
        210,
        212,
        215,
        217,
        219,
        222,
        234,
        286,
        310,
        333,
        342,
        361,
        379,
        385,
        392,
        400,
        416,
        431,
        446,
        451,
        474,
        535,
        1078,
        1080,
        1104,
        1137,
        1176,
        1188,
        1188,
        1202,
        1243,
        1282,
        1362,
        1362,
        1362,
        1363,
        1363,
        1580,
        1580,
        1580,
        1580,
        1580,
        2681,
        2681
      ],
      "Percentiles": [
        0.0,
        0.1,
        0.2,
        0.3,
        0.4,
        0.5,
        0.55,
        0.6,
        0.65,
        0.7,
        0.75,
        0.775,
        0.8,
        0.825,
        0.85,
        0.875,
        0.8875,
        0.9,
        0.9125,
        0.925,
        0.9375,
        0.94375,
        0.95,
        0.95625,
        0.9625,
        0.96875,
        0.971875,
        0.975,
        0.978125,
        0.98125,
        0.984375,
        0.985938,
        0.9875,
        0.989062,
        0.990625,
        0.992188,
        0.992969,
        0.99375,
        0.994531,
        0.995313,
        0.996094,
        0.996484,
        0.996875,
        0.997266,
        0.997656,
        0.998047,
        0.998242,
        0.998437,
        0.998633,
        0.998828,
        0.999023,
        0.999121,
        0.999219,
        0.999316,
        0.999414,
        0.999512,
        0.999561,
        0.999609,
        0.999658,
        0.999707,
        0.999756,
        0.99978,
        0.999805,
        0.999829,
        0.999854,
        0.999878,
        0.99989,
        0.999902,
        0.999915,
        0.999927,
        0.999939,
        0.999945,
        0.999951,
        0.999957,
        0.999963,
        0.999969,
        0.999973,
        0.999976,
        0.999979,
        0.999982,
        0.999985,
        0.999986,
        0.999988,
        0.999989,
        0.999991,
        0.999992,
        1.0
      ]
    },
    {
      "Values": [
        115,
        139,
        142,
        145,
        148,
        150,
        151,
        152,
        154,
        156,
        158,
        159,
        160,
        161,
        162,
        164,
        165,
        166,
        167,
        169,
        170,
        171,
        172,
        173,
        175,
        177,
        178,
        179,
        181,
        183,
        185,
        186,
        188,
        190,
        192,
        194,
        196,
        197,
        199,
        201,
        203,
        205,
        206,
        208,
        210,
        213,
        214,
        216,
        218,
        222,
        232,
        243,
        290,
        316,
        338,
        358,
        368,
        378,
        392,
        406,
        443,
        458,
        467,
        479,
        508,
        652,
        675,
        715,
        796,
        862,
        876,
        876,
        896,
        990,
        1106,
        1110,
        1110,
        1110,
        1229,
        1229,
        1264,
        1264,
        1264,
        1264,
        1264,
        1448,
        1448
      ],
      "Percentiles": [
        0.0,
        0.1,
        0.2,
        0.3,
        0.4,
        0.5,
        0.55,
        0.6,
        0.65,
        0.7,
        0.75,
        0.775,
        0.8,
        0.825,
        0.85,
        0.875,
        0.8875,
        0.9,
        0.9125,
        0.925,
        0.9375,
        0.94375,
        0.95,
        0.95625,
        0.9625,
        0.96875,
        0.971875,
        0.975,
        0.978125,
        0.98125,
        0.984375,
        0.985938,
        0.9875,
        0.989062,
        0.990625,
        0.992188,
        0.992969,
        0.99375,
        0.994531,
        0.995313,
        0.996094,
        0.996484,
        0.996875,
        0.997266,
        0.997656,
        0.998047,
        0.998242,
        0.998437,
        0.998633,
        0.998828,
        0.999023,
        0.999121,
        0.999219,
        0.999316,
        0.999414,
        0.999512,
        0.999561,
        0.999609,
        0.999658,
        0.999707,
        0.999756,
        0.99978,
        0.999805,
        0.999829,
        0.999854,
        0.999878,
        0.99989,
        0.999902,
        0.999915,
        0.999927,
        0.999939,
        0.999945,
        0.999951,
        0.999957,
        0.999963,
        0.999969,
        0.999973,
        0.999976,
        0.999979,
        0.999982,
        0.999985,
        0.999986,
        0.999988,
        0.999989,
        0.999991,
        0.999992,
        1.0
      ]
    },
    {
      "Values": [
        115,
        139,
        143,
        145,
        148,
        150,
        151,
        152,
        154,
        155,
        157,
        158,
        159,
        160,
        162,
        163,
        164,
        165,
        167,
        168,
        170,
        171,
        172,
        173,
        174,
        176,
        177,
        178,
        180,
        182,
        184,
        185,
        187,
        188,
        190,
        193,
        194,
        196,
        197,
        200,
        203,
        204,
        206,
        208,
        210,
        212,
        215,
        217,
        220,
        226,
        245,
        288,
        311,
        329,
        344,
        368,
        380,
        387,
        396,
        406,
        422,
        428,
        453,
        470,
        480,
        646,
        668,
        700,
        707,
        724,
        770,
        770,
        775,
        799,
        818,
        881,
        881,
        881,
        885,
        885,
        947,
        947,
        947,
        947,
        947,
        11471,
        11471
      ],