{
  "tput-up-quic": [
    "5199127",
    "7085702",
    "7066957"
  ],
  "tput-down-quic": [
    "5817832",
    "5667656",
    "6355172"
  ],
  "rps-up-512-down-4000-quic-lat": [
    {
      "Values": [
        78,
        95,
        96,
        97,
        98,
        99,
        100,
        101,
        102,
        104,
        106,
        107,
        109,
        110,
        111,
        113,
        113,
        114,
        116,
        118,
        121,
        124,
        130,
        140,
        143,
        144,
        145,
        147,
        149,
        150,
        151,
        152,
        153,
        154,
        155,
        158,
        159,
        161,
        163,
        166,
        170,
        173,
        176,
        180,
        186,
        197,
        203,
        210,
        220,
        230,
        262,
        287,
        312,
        337,
        356,
        400,
        427,
        453,
        477,
        537,
        631,
        671,
        730,
        821,
        948,
        974,
        1017,
        1049,
        1105,
        1279,
        1550,
        1779,
        1795,
        1876,
        2321,
        2337,
        2337,
        2709,
        2709,
        3241,
        3533,
        3533,
        3533,
        3533,
        4215,
        4215,
        4215,
        4215,
        4215,
        4635,
        4635
      ],
      "Percentiles": [
        0.0,
        0.1,
        0.2,
        0.3,
        0.4,
        0.5,
        0.55,
        0.6,
        0.65,
        0.7,
        0.75,
        0.775,
        0.8,
        0.825,
        0.85,
        0.875,
        0.8875,
        0.9,
        0.9125,
        0.925,
        0.9375,
        0.94375,
        0.95,
        0.95625,
        0.9625,
        0.96875,
        0.971875,
        0.975,
        0.978125,
        0.98125,
        0.984375,
        0.985938,
        0.9875,
        0.989062,
        0.990625,
        0.992188,
        0.992969,
        0.99375,
        0.994531,
        0.995313,
        0.996094,
        0.996484,
        0.996875,
        0.997266,
        0.997656,
        0.998047,
        0.998242,
        0.998437,
        0.998633,
        0.998828,
        0.999023,
        0.999121,
        0.999219,
        0.999316,
        0.999414,
        0.999512,
        0.999561,
        0.999609,
        0.999658,
        0.999707,
        0.999756,
        0.99978,
        0.999805,
        0.999829,
        0.999854,
        0.999878,
        0.99989,
        0.999902,
        0.999915,
        0.999927,
        0.999939,
        0.999945,
        0.999951,
        0.999957,
        0.999963,
        0.999969,
        0.999973,
        0.999976,
        0.999979,
        0.999982,
        0.999985,
        0.999986,
        0.999988,
        0.999989,
        0.999991,
        0.999992,
        0.999993,
        0.999994,
        0.999995,
        0.999995,
        1.0
      ]
    },
    {
      "Values": [
        80,
        97,
        98,
        99,
        100,
        101,
        101,
        102,
        102,
        103,
        104,
        105,
        106,
        107,
        108,
        109,
        110,
        111,
        113,
        114,
        118,
        121,
        125,
        134,
        146,
        151,
        152,
        152,
        153,
        154,
        154,
        155,
        156,
        157,
        158,
        160,
        162,
        165,
        167,
        169,
        171,
        172,
        173,
        174,
        176,
        178,
        181,
        184,
        188,
        193,
        200,
        205,
        211,
        220,
        228,
        247,
        257,
        289,
        323,
        354,
        398,
        419,
        431,
        482,
        651,
        700,
        749,
        817,
        875,
        994,
        1081,
        1410,
        1484,
        1536,
        1659,
        1679,
        1679,
        1831,
        1831,
        1855,
        2829,
        2829,
        2829,
        2829,
        3533,
        3533,
        3533,
        3533,
        3533,
        5131,
        5131
      ],
      "Percentiles": [
        0.0,
        0.1,
        0.2,
        0.3,
        0.4,
        0.5,
        0.55,
        0.6,
        0.65,
        0.7,
        0.75,
        0.775,
        0.8,
        0.825,
        0.85,
        0.875,
        0.8875,
        0.9,
        0.9125,
        0.925,
        0.9375,
        0.94375,
        0.95,
        0.95625,
        0.9625,
        0.96875,
        0.971875,
        0.975,
        0.978125,
        0.98125,
        0.984375,
        0.985938,
        0.9875,
        0.989062,
        0.990625,
        0.992188,
        0.992969,
        0.99375,
        0.994531,
        0.995313,
        0.996094,
        0.996484,
        0.996875,
        0.997266,
        0.997656,
        0.998047,
        0.998242,
        0.998437,
        0.998633,
        0.998828,
        0.999023,
        0.999121,
        0.999219,
        0.999316,
        0.999414,
        0.999512,
        0.999561,
        0.999609,
        0.999658,
        0.999707,
        0.999756,
        0.99978,
        0.999805,
        0.999829,
        0.999854,
        0.999878,
        0.99989,
        0.999902,
        0.999915,
        0.999927,
        0.999939,
        0.999945,
        0.999951,
        0.999957,
        0.999963,
        0.999969,
        0.999973,
        0.999976,
        0.999979,
        0.999982,
        0.999985,
        0.999986,
        0.999988,
        0.999989,
        0.999991,
        0.999992,
        0.999993,
        0.999994,
        0.999995,
        0.999995,
        1.0
      ]
    },
    {
      "Values": [
        78,
        93,
        95,
        97,
        98,
        99,
        99,
        100,
        101,
        102,
        103,
        104,
        105,
        107,
        109,
        111,
        112,
        113,
        114,
        116,
        120,
        124,
        132,
        142,
        143,
        144,
        145,
        145,
        146,
        147,
        148,
        149,
        150,
        151,
        153,
        156,
        157,
        159,
        161,
        162,
        164,
        165,
        167,
        169,
        171,
        174,
        176,
        178,
        181,
        185,
        190,
        194,
        197,
        204,
        213,
        228,
        238,
        248,
        270,
        298,
        331,
        339,
        354,
        362,
        371,
        407,
        414,
        424,
        479,
        495,
        611,
        624,
        772,
        944,
        981,
        1143,
        1143,
        1192,
        1192,
        1204,
        2027,
        2027,
        2027,
        2027,
        2863,
        2863,
        2863,
        2863,
        2863,
        4251,
        4251
      ],