{
  "latency-quic-lat": [
    {
      "Values": [
        106,
        120,
        123,
        125,
        127,
        130,
        132,
        133,
        134,
        136,
        137,
        138,
        139,
        140,
        141,
        142,
        143,
        144,
        145,
        146,
        147,
        147,
        148,
        149,
        150,
        151,
        152,
        153,
        154,
        155,
        156,
        157,
        158,
        159,
        161,
        162,
        163,
        164,
        165,
        167,
        169,
        170,
        171,
        173,
        174,
        176,
        178,
        180,
        183,
        186,
        191,
        195,
        202,
        210,
        242,
        305,
        313,
        325,
        335,
        342,
        357,
        363,
        370,
        391,
        401,
        416,
        425,
        434,
        453,
        456,
        467,
        509,
        521,
        521,
        566,
        1056,
        1056,
        1071,
        1071,
        1323,
        1323,
        1323,
        1465,
        1465,
        1465,
        1465,
        1465,
        2019,
        2019
      ],
      "Percentiles": [
        0.0,
        0.1,
        0.2,
        0.3,
        0.4,
        0.5,
        0.55,
        0.6,
        0.65,
        0.7,
        0.75,
        0.775,
        0.8,
        0.825,
        0.85,
        0.875,
        0.8875,
        0.9,
        0.9125,
        0.925,
        0.9375,
        0.94375,
        0.95,
        0.95625,
        0.9625,
        0.96875,
        0.971875,
        0.975,
        0.978125,
        0.98125,
        0.984375,
        0.985938,
        0.9875,
        0.989062,
        0.990625,
        0.992188,
        0.992969,
        0.99375,
        0.994531,
        0.995313,
        0.996094,
        0.996484,
        0.996875,
        0.997266,
        0.997656,
        0.998047,
        0.998242,
        0.998437,
        0.998633,
        0.998828,
        0.999023,
        0.999121,
        0.999219,
        0.999316,
        0.999414,
        0.999512,
        0.999561,
        0.999609,
        0.999658,
        0.999707,
        0.999756,
        0.99978,
        0.999805,
        0.999829,
        0.999854,
        0.999878,
        0.99989,
        0.999902,
        0.999915,
        0.999927,
        0.999939,
        0.999945,
        0.999951,
        0.999957,
        0.999963,
        0.999969,
        0.999973,
        0.999976,
        0.999979,
        0.999982,
        0.999985,
        0.999986,
        0.999988,
        0.999989,
        0.999991,
        0.999992,
        0.999993,
        0.999994,
        1.0
      ]
    },
    {
      "Values": [
        99,
        117,
        120,
        123,
        125,
        128,
        129,
        131,
        132,
        133,
        135,
        135,
        136,
        137,
        138,
        140,
        140,
        141,
        142,
        143,
        144,
        144,
        145,
        146,
        147,
        148,
        149,
        150,
        151,
        152,
        153,
        154,
        155,
        156,
        158,
        159,
        160,
        161,
        162,
        164,
        166,
        167,
        169,
        170,
        172,
        174,
        175,
        177,
        178,
        181,
        184,
        187,
        192,
        196,
        211,
        237,
        262,
        282,
        297,
        319,
        339,
        348,
        353,
        364,
        372,
        378,
        384,
        387,
        401,
        436,
        440,
        469,
        474,
        475,
        548,
        628,
        628,
        662,
        662,
        663,
        663,
        663,
        1044,
        1044,
        1044,
        1044,
        1044,
        1086,
        1086
      ],
      "Percentiles": [
        0.0,
        0.1,
        0.2,
        0.3,
        0.4,
        0.5,
        0.55,
        0.6,
        0.65,
        0.7,
        0.75,
        0.775,
        0.8,
        0.825,
        0.85,
        0.875,
        0.8875,
        0.9,
        0.9125,
        0.925,
        0.9375,
        0.94375,
        0.95,
        0.95625,
        0.9625,
        0.96875,
        0.971875,
        0.975,
        0.978125,
        0.98125,
        0.984375,
        0.985938,
        0.9875,
        0.989062,
        0.990625,
        0.992188,
        0.992969,
        0.99375,
        0.994531,
        0.995313,
        0.996094,
        0.996484,
        0.996875,
        0.997266,
        0.997656,
        0.998047,
        0.998242,
        0.998437,
        0.998633,
        0.998828,
        0.999023,
        0.999121,
        0.999219,
        0.999316,
        0.999414,
        0.999512,
        0.999561,
        0.999609,
        0.999658,
        0.999707,
        0.999756,
        0.99978,
        0.999805,
        0.999829,
        0.999854,
        0.999878,
        0.99989,
        0.999902,
        0.999915,
        0.999927,
        0.999939,
        0.999945,
        0.999951,
        0.999957,
        0.999963,
        0.999969,
        0.999973,
        0.999976,
        0.999979,
        0.999982,
        0.999985,
        0.999986,
        0.999988,
        0.999989,
        0.999991,
        0.999992,
        0.999993,
        0.999994,
        1.0
      ]
    },
    {
      "Values": [
        102,
        117,
        121,
        123,
        125,
        128,
        130,
        131,
        132,
        134,
        135,
        136,
        137,
        138,
        139,
        140,
        141,
        142,
        142,
        143,
        144,
        145,
        146,
        147,
        148,
        149,
        150,
        151,
        152,
        153,
        154,
        155,
        156,
        157,
        159,
        161,
        161,
        163,
        164,
        166,
        168,
        169,
        170,
        172,
        174,
        177,
        179,
        181,
        184,
        188,
        193,
        199,
        207,
        215,
        235,
        278,
        288,
        310,
        324,
        340,
        355,
        363,
        371,
        375,
        398,
        450,
        456,
        470,
        489,
        518,
        730,
        733,
        797,
        799,
        927,
        1076,
        1076,
        1084,
        1084,
        1089,
        1089,
        1089,
        2467,
        2467,
        2467,
        2467,
        2467,
        2925,
        2925
      ],