{
  "commit": "main",
  "latency-quic-lat": [
    {
      "Values": [
        90,
        106,
        109,
        111,
        112,
        114,
        115,
        116,
        117,
        119,
        121,
        122,
        123,
        124,
        126,
        127,
        128,
        129,
        130,
        131,
        132,
        133,
        133,
        134,
        135,
        136,
        137,
        138,
        139,
        140,
        141,
        142,
        143,
        144,
        145,
        146,
        147,
        148,
        149,
        150,
        152,
        153,
        154,
        155,
        157,
        158,
        160,
        160,
        162,
        164,
        167,
        170,
        173,
        178,
        193,
        224,
        246,
        262,
        271,
        287,
        295,
        300,
        307,
        311,
        322,
        331,
        338,
        346,
        371,
        375,
        395,
        402,
        475,
        631,
        753,
        922,
        932,
        932,
        935,
        935,
        936,
        936,
        936,
        936,
        936,
        936,
        936,
        936,
        945,
        945
      ],
      "Percentiles": [
        0.0,
        0.1,
        0.2,
        0.3,
        0.4,
        0.5,
        0.55,
        0.6,
        0.65,
        0.7,
        0.75,
        0.775,
        0.8,
        0.825,
        0.85,
        0.875,
        0.8875,
        0.9,
        0.9125,
        0.925,
        0.9375,
        0.94375,
        0.95,
        0.95625,
        0.9625,
        0.96875,
        0.971875,
        0.975,
        0.978125,
        0.98125,
        0.984375,
        0.985938,
        0.9875,
        0.989062,
        0.990625,
        0.992188,
        0.992969,
        0.99375,
        0.994531,
        0.995313,
        0.996094,
        0.996484,
        0.996875,
        0.997266,
        0.997656,
        0.998047,
        0.998242,
        0.998437,
        0.998633,
        0.998828,
        0.999023,
        0.999121,
        0.999219,
        0.999316,
        0.999414,
        0.999512,
        0.999561,
        0.999609,
        0.999658,
        0.999707,
        0.999756,
        0.99978,
        0.999805,
        0.999829,
        0.999854,
        0.999878,
        0.99989,
        0.999902,
        0.999915,
        0.999927,
        0.999939,
        0.999945,
        0.999951,
        0.999957,
        0.999963,
        0.999969,
        0.999973,
        0.999976,
        0.999979,
        0.999982,
        0.999985,
        0.999986,
        0.999988,
        0.999989,
        0.999991,
        0.999992,
        0.999993,
        0.999994,
        0.999995,
        1.0
      ]
    },
    {
      "Values": [
        88,
        109,
        112,
        114,
        116,
        118,
        119,
        121,
        123,
        124,
        126,
        127,
        128,
        129,
        130,
        132,
        132,
        133,
        134,
        135,
        136,
        136,
        137,
        138,
        139,
        140,
        140,
        141,
        142,
        143,
        145,
        146,
        146,
        147,
        149,
        150,
        151,
        152,
        153,
        154,
        156,
        157,
        158,
        159,
        162,
        165,
        167,
        170,
        173,
        177,
        196,
        213,
        234,
        257,
        266,
        277,
        284,
        291,
        303,
        313,
        325,
        328,
        331,
        332,
        338,
        344,
        346,
        352,
        362,
        370,
        390,
        392,
        395,
        444,
        618,
        690,
        820,
        820,
        925,
        925,
        932,
        932,
        932,
        951,
        951,
        951,
        951,
        951,
        1155,
        1155
      ],
      "Percentiles": [
        0.0,
        0.1,
        0.2,
        0.3,
        0.4,
        0.5,
        0.55,
        0.6,
        0.65,
        0.7,
        0.75,
        0.775,
        0.8,
        0.825,
        0.85,
        0.875,
        0.8875,
        0.9,
        0.9125,
        0.925,
        0.9375,
        0.94375,
        0.95,
        0.95625,
        0.9625,
        0.96875,
        0.971875,
        0.975,
        0.978125,
        0.98125,
        0.984375,
        0.985938,
        0.9875,
        0.989062,
        0.990625,
        0.992188,
        0.992969,
        0.99375,
        0.994531,
        0.995313,
        0.996094,
        0.996484,
        0.996875,
        0.997266,
        0.997656,
        0.998047,
        0.998242,
        0.998437,
        0.998633,
        0.998828,
        0.999023,
        0.999121,
        0.999219,
        0.999316,
        0.999414,
        0.999512,
        0.999561,
        0.999609,
        0.999658,
        0.999707,
        0.999756,
        0.99978,
        0.999805,
        0.999829,
        0.999854,
        0.999878,
        0.99989,
        0.999902,
        0.999915,
        0.999927,
        0.999939,
        0.999945,
        0.999951,
        0.999957,
        0.999963,
        0.999969,
        0.999973,
        0.999976,
        0.999979,
        0.999982,
        0.999985,
        0.999986,
        0.999988,
        0.999989,
        0.999991,
        0.999992,
        0.999993,
        0.999994,
        0.999995,
        1.0
      ]
    },
    {
      "Values": [
        89,
        109,
        112,
        114,
        116,
        118,
        119,
        121,
        122,
        124,
        125,
        126,
        127,
        128,
        130,
        131,
        132,
        133,
        134,
        134,
        135,
        136,
        137,
        137,
        138,
        140,
        140,
        141,
        142,
        143,
        145,
        146,
        146,
        147,
        148,
        150,
        151,
        151,
        153,
        154,
        156,
        157,
        158,
        160,
        162,
        165,
        168,
        171,
        175,
        187,
        203,
        240,
        254,
        263,
        277,
        288,
        292,
        297,
        307,
        311,
        323,
        330,
        333,
        339,
        349,
        368,
        379,
        386,
        413,
        446,
        520,
        762,
        764,
        930,
        935,
        936,
        936,
        936,
        940,
        940,
        956,
        956,
        956,
        957,
        957,
        957,
        957,
        957,
        10223,
        10223
      ],