{
  "latency-quic-lat": [
    {
      "Values": [
        93,
        108,
        111,
        114,
        117,
        120,
        121,
        122,
        124,
        126,
        127,
        128,
        129,
        129,
        130,
        131,
        132,
        132,
        133,
        134,
        136,
        136,
        137,
        139,
        140,
        141,
        142,
        143,
        144,
        145,
        146,
        146,
        147,
        148,
        149,
        150,
        151,
        152,
        153,
        155,
        157,
        158,
        159,
        161,
        162,
        166,
        168,
        171,
        174,
        181,
        186,
        191,
        196,
        205,
        219,
        246,
        262,
        276,
        288,
        294,
        308,
        315,
        317,
        325,
        336,
        354,
        358,
        361,
        363,
        372,
        447,
        458,
        529,
        652,
        795,
        904,
        922,
        922,
        949,
        949,
        949,
        949,
        949,
        986,
        986,
        986,
        986,
        986,
        988,
        988
      ],
      "Percentiles": [
        0.0,
        0.1,
        0.2,
        0.3,
        0.4,
        0.5,
        0.55,
        0.6,
        0.65,
        0.7,
        0.75,
        0.775,
        0.8,
        0.825,
        0.85,
        0.875,
        0.8875,
        0.9,
        0.9125,
        0.925,
        0.9375,
        0.94375,
        0.95,
        0.95625,
        0.9625,
        0.96875,
        0.971875,
        0.975,
        0.978125,
        0.98125,
        0.984375,
        0.985938,
        0.9875,
        0.989062,
        0.990625,
        0.992188,
        0.992969,
        0.99375,
        0.994531,
        0.995313,
        0.996094,
        0.996484,
        0.996875,
        0.997266,
        0.997656,
        0.998047,
        0.998242,
        0.998437,
        0.998633,
        0.998828,
        0.999023,
        0.999121,
        0.999219,
        0.999316,
        0.999414,
        0.999512,
        0.999561,
        0.999609,
        0.999658,
        0.999707,
        0.999756,
        0.99978,
        0.999805,
        0.999829,
        0.999854,
        0.999878,
        0.99989,
        0.999902,
        0.999915,
        0.999927,
        0.999939,
        0.999945,
        0.999951,
        0.999957,
        0.999963,
        0.999969,
        0.999973,
        0.999976,
        0.999979,
        0.999982,
        0.999985,
        0.999986,
        0.999988,
        0.999989,
        0.999991,
        0.999992,
        0.999993,
        0.999994,
        0.999995,
        1.0
      ]
    },
    {
      "Values": [
        92,
        108,
        111,
        115,
        118,
        121,
        122,
        123,
        125,
        127,
        128,
        129,
        129,
        130,
        131,
        132,
        132,
        133,
        134,
        135,
        137,
        138,
        139,
        140,
        141,
        142,
        143,
        144,
        145,
        145,
        146,
        147,
        148,
        148,
        149,
        151,
        151,
        152,
        154,
        155,
        157,
        157,
        159,
        160,
        161,
        163,
        164,
        167,
        169,
        172,
        175,
        179,
        185,
        203,
        236,
        264,
        267,
        276,
        293,
        298,
        309,
        313,
        328,
        330,
        339,
        344,
        356,
        364,
        368,
        395,
        403,
        410,
        421,
        475,
        477,
        566,
        658,
        658,
        910,
        910,
        945,
        945,
        945,
        948,
        948,
        948,
        948,
        948,
        970,
        970
      ],
      "Percentiles": [
        0.0,
        0.1,
        0.2,
        0.3,
        0.4,
        0.5,
        0.55,
        0.6,
        0.65,
        0.7,
        0.75,
        0.775,
        0.8,
        0.825,
        0.85,
        0.875,
        0.8875,
        0.9,
        0.9125,
        0.925,
        0.9375,
        0.94375,
        0.95,
        0.95625,
        0.9625,
        0.96875,
        0.971875,
        0.975,
        0.978125,
        0.98125,
        0.984375,
        0.985938,
        0.9875,
        0.989062,
        0.990625,
        0.992188,
        0.992969,
        0.99375,
        0.994531,
        0.995313,
        0.996094,
        0.996484,
        0.996875,
        0.997266,
        0.997656,
        0.998047,
        0.998242,
        0.998437,
        0.998633,
        0.998828,
        0.999023,
        0.999121,
        0.999219,
        0.999316,
        0.999414,
        0.999512,
        0.999561,
        0.999609,
        0.999658,
        0.999707,
        0.999756,
        0.99978,
        0.999805,
        0.999829,
        0.999854,
        0.999878,
        0.99989,
        0.999902,
        0.999915,
        0.999927,
        0.999939,
        0.999945,
        0.999951,
        0.999957,
        0.999963,
        0.999969,
        0.999973,
        0.999976,
        0.999979,
        0.999982,
        0.999985,
        0.999986,
        0.999988,
        0.999989,
        0.999991,
        0.999992,
        0.999993,
        0.999994,
        0.999995,
        1.0
      ]
    },
    {
      "Values": [
        93,
        108,
        111,
        114,
        118,
        120,
        121,
        123,
        124,
        126,
        128,
        128,
        129,
        130,
        131,
        131,
        132,
        133,
        133,
        135,
        136,
        137,
        138,
        139,
        140,
        142,
        142,
        143,
        144,
        145,
        146,
        146,
        147,
        148,
        148,
        150,
        150,
        151,
        152,
        153,
        155,
        155,
        156,
        157,
        158,
        160,
        162,
        163,
        165,
        166,
        168,
        170,
        172,
        176,
        180,
        187,
        194,
        236,
        259,
        267,
        290,
        296,
        301,
        308,
        314,
        326,
        332,
        333,
        350,
        364,
        390,
        422,
        432,
        475,
        504,
        690,
        940,
        940,
        943,
        943,
        955,
        955,
        955,
        966,
        966,
        966,
        966,
        966,
        967,
        967
      ],