{
  "latency-quic-lat": [
    {
      "Values": [
        101,
        123,
        128,
        132,
        134,
        137,
        139,
        140,
        142,
        143,
        145,
        146,
        147,
        148,
        149,
        151,
        153,
        154,
        156,
        158,
        160,
        162,
        164,
        166,
        168,
        172,
        175,
        178,
        181,
        186,
        195,
        201,
        211,
        231,
        265,
        316,
        355,
        406,
        496,
        610,
        820,
        964,
        1124,
        1167,
        1198,
        1247,
        1273,
        1301,
        1349,
        1399,
        1461,
        1503,
        1550,
        1587,
        1669,
        1786,
        1825,
        1876,
        1958,
        2038,
        2127,
        2151,
        2209,
        2267,
        2511,
        2979,
        3045,
        3975,
        4147,
        4655,
        5603,
        5671,
        5983,
        6067,
        6067,
        7999,
        8335,
        8335,
        8463,
        8463,
        8463,
        8615,
        8615,
        8615,
        8615,
        8615,
        10207,
        10207
      ],
      "Percentiles": [
        0.0,
        0.1,
        0.2,
        0.3,
        0.4,
        0.5,
        0.55,
        0.6,
        0.65,
        0.7,
        0.75,
        0.775,
        0.8,
        0.825,
        0.85,
        0.875,
        0.8875,
        0.9,
        0.9125,
        0.925,
        0.9375,
        0.94375,
        0.95,
        0.95625,
        0.9625,
        0.96875,
        0.971875,
        0.975,
        0.978125,
        0.98125,
        0.984375,
        0.985938,
        0.9875,
        0.989062,
        0.990625,
        0.992188,
        0.992969,
        0.99375,
        0.994531,
        0.995313,
        0.996094,
        0.996484,
        0.996875,
        0.997266,
        0.997656,
        0.998047,
        0.998242,
        0.998437,
        0.998633,
        0.998828,
        0.999023,
        0.999121,
        0.999219,
        0.999316,
        0.999414,
        0.999512,
        0.999561,
        0.999609,
        0.999658,
        0.999707,
        0.999756,
        0.99978,
        0.999805,
        0.999829,
        0.999854,
        0.999878,
        0.99989,
        0.999902,
        0.999915,
        0.999927,
        0.999939,
        0.999945,
        0.999951,
        0.999957,
        0.999963,
        0.999969,
        0.999973,
        0.999976,
        0.999979,
        0.999982,
        0.999985,
        0.999986,
        0.999988,
        0.999989,
        0.999991,
        0.999992,
        0.999993,
        1.0
      ]
    },
    {
      "Values": [
        107,
        121,
        124,
        127,
        130,
        134,
        135,
        137,
        139,
        141,
        143,
        144,
        145,
        146,
        148,
        150,
        151,
        152,
        154,
        157,
        159,
        161,
        163,
        165,
        168,
        172,
        174,
        178,
        183,
        190,
        205,
        218,
        240,
        277,
        330,
        407,
        465,
        561,
        663,
        887,
        1123,
        1160,
        1182,
        1217,
        1255,
        1295,
        1322,
        1360,
        1398,
        1460,
        1532,
        1565,
        1643,
        1726,
        1811,
        1925,
        1996,
        2091,
        2137,
        2171,
        2281,
        2443,
        2563,
        2683,
        3013,
        3813,
        4111,
        4271,
        4435,
        4491,
        5439,
        6367,
        6667,
        7175,
        7175,
        7191,
        8095,
        8095,
        8583,
        8583,
        8583,
        9303,
        9303,
        9303,
        9303,
        9303,
        9479,
        9479
      ],
      "Percentiles": [
        0.0,
        0.1,
        0.2,
        0.3,
        0.4,
        0.5,
        0.55,
        0.6,
        0.65,
        0.7,
        0.75,
        0.775,
        0.8,
        0.825,
        0.85,
        0.875,
        0.8875,
        0.9,
        0.9125,
        0.925,
        0.9375,
        0.94375,
        0.95,
        0.95625,
        0.9625,
        0.96875,
        0.971875,
        0.975,
        0.978125,
        0.98125,
        0.984375,
        0.985938,
        0.9875,
        0.989062,
        0.990625,
        0.992188,
        0.992969,
        0.99375,
        0.994531,
        0.995313,
        0.996094,
        0.996484,
        0.996875,
        0.997266,
        0.997656,
        0.998047,
        0.998242,
        0.998437,
        0.998633,
        0.998828,
        0.999023,
        0.999121,
        0.999219,
        0.999316,
        0.999414,
        0.999512,
        0.999561,
        0.999609,
        0.999658,
        0.999707,
        0.999756,
        0.99978,
        0.999805,
        0.999829,
        0.999854,
        0.999878,
        0.99989,
        0.999902,
        0.999915,
        0.999927,
        0.999939,
        0.999945,
        0.999951,
        0.999957,
        0.999963,
        0.999969,
        0.999973,
        0.999976,
        0.999979,
        0.999982,
        0.999985,
        0.999986,
        0.999988,
        0.999989,
        0.999991,
        0.999992,
        0.999993,
        1.0
      ]
    },
    {
      "Values": [
        105,
        124,
        128,
        132,
        135,
        139,
        140,
        142,
        143,
        145,
        147,
        149,
        150,
        152,
        154,
        157,
        159,
        160,
        163,
        165,
        169,
        171,
        174,
        178,
        183,
        191,
        197,
        207,
        227,
        267,
        323,
        355,
        408,
        491,
        644,
        879,
        1063,
        1147,
        1192,
        1226,
        1274,
        1314,
        1349,
        1400,
        1483,
        1582,
        1640,
        1714,
        1772,
        1903,
        2025,
        2095,
        2135,
        2197,
        2513,
        2737,
        3223,
        3725,
        4627,
        5023,
        5263,
        5507,
        5963,
        6491,
        6775,
        7487,
        7643,
        7787,
        8223,
        8431,
        8607,
        8607,
        8639,
        8663,
        8863,
        8919,
        8919,
        8919,
        9007,
        9007,
        9199,
        9199,
        9199,
        9199,
        9199,
        10007,
        10007
      ],