{
  "os_version": "10.0.20348",
  "download-quic": [
    "10857253",
    "10239894",
    "11068812"
  ],
  "latency-quic-lat": [
    {
      "Values": [
        96,
        120,
        123,
        126,
        129,
        131,
        132,
        133,
        134,
        136,
        137,
        138,
        139,
        140,
        141,
        142,
        143,
        144,
        144,
        145,
        146,
        147,
        147,
        148,
        149,
        151,
        152,
        152,
        153,
        155,
        156,
        156,
        157,
        158,
        159,
        161,
        161,
        162,
        164,
        165,
        167,
        168,
        169,
        171,
        173,
        175,
        176,
        178,
        180,
        184,
        189,
        192,
        201,
        220,
        268,
        292,
        311,
        318,
        326,
        336,
        350,
        356,
        360,
        373,
        378,
        392,
        425,
        443,
        468,
        485,
        518,
        594,
        660,
        692,
        874,
        1080,
        1080,
        1086,
        1086,
        1095,
        1095,
        1095,
        1098,
        1098,
        1098,
        1098,
        1098,
        1110,
        1110
      ],
      "Percentiles": [
        0.0,
        0.1,
        0.2,
        0.3,
        0.4,
        0.5,
        0.55,
        0.6,
        0.65,
        0.7,
        0.75,
        0.775,
        0.8,
        0.825,
        0.85,
        0.875,
        0.8875,
        0.9,
        0.9125,
        0.925,
        0.9375,
        0.94375,
        0.95,
        0.95625,
        0.9625,
        0.96875,
        0.971875,
        0.975,
        0.978125,
        0.98125,
        0.984375,
        0.985938,
        0.9875,
        0.989062,
        0.990625,
        0.992188,
        0.992969,
        0.99375,
        0.994531,
        0.995313,
        0.996094,
        0.996484,
        0.996875,
        0.997266,
        0.997656,
        0.998047,
        0.998242,
        0.998437,
        0.998633,
        0.998828,
        0.999023,
        0.999121,
        0.999219,
        0.999316,
        0.999414,
        0.999512,
        0.999561,
        0.999609,
        0.999658,
        0.999707,
        0.999756,
        0.99978,
        0.999805,
        0.999829,
        0.999854,
        0.999878,
        0.99989,
        0.999902,
        0.999915,
        0.999927,
        0.999939,
        0.999945,
        0.999951,
        0.999957,
        0.999963,
        0.999969,
        0.999973,
        0.999976,
        0.999979,
        0.999982,
        0.999985,
        0.999986,
        0.999988,
        0.999989,
        0.999991,
        0.999992,
        0.999993,
        0.999994,
        1.0
      ]
    },
    {
      "Values": [
        93,
        120,
        122,
        125,
        128,
        130,
        131,
        132,
        134,
        135,
        137,
        138,
        139,
        140,
        141,
        142,
        142,
        143,
        144,
        145,
        146,
        146,
        147,
        148,
        149,
        150,
        151,
        152,
        153,
        154,
        155,
        156,
        157,
        158,
        159,
        160,
        161,
        162,
        163,
        165,
        167,
        169,
        170,
        172,
        175,
        178,
        181,
        184,
        189,
        201,
        223,
        236,
        251,
        271,
        286,
        314,
        321,
        334,
        338,
        353,
        365,
        378,
        387,
        403,
        414,
        471,
        476,
        487,
        600,
        630,
        694,
        868,
        912,
        1040,
        1069,
        1082,
        1082,
        1087,
        1087,
        1098,
        1098,
        1098,
        1112,
        1112,
        1112,
        1112,
        1112,
        1304,
        1304
      ],
      "Percentiles": [
        0.0,
        0.1,
        0.2,
        0.3,
        0.4,
        0.5,
        0.55,
        0.6,
        0.65,
        0.7,
        0.75,
        0.775,
        0.8,
        0.825,
        0.85,
        0.875,
        0.8875,
        0.9,
        0.9125,
        0.925,
        0.9375,
        0.94375,
        0.95,
        0.95625,
        0.9625,
        0.96875,
        0.971875,
        0.975,
        0.978125,
        0.98125,
        0.984375,
        0.985938,
        0.9875,
        0.989062,
        0.990625,
        0.992188,
        0.992969,
        0.99375,
        0.994531,
        0.995313,
        0.996094,
        0.996484,
        0.996875,
        0.997266,
        0.997656,
        0.998047,
        0.998242,
        0.998437,
        0.998633,
        0.998828,
        0.999023,
        0.999121,
        0.999219,
        0.999316,
        0.999414,
        0.999512,
        0.999561,
        0.999609,
        0.999658,
        0.999707,
        0.999756,
        0.99978,
        0.999805,
        0.999829,
        0.999854,
        0.999878,
        0.99989,
        0.999902,
        0.999915,
        0.999927,
        0.999939,
        0.999945,
        0.999951,
        0.999957,
        0.999963,
        0.999969,
        0.999973,
        0.999976,
        0.999979,
        0.999982,
        0.999985,
        0.999986,
        0.999988,
        0.999989,
        0.999991,
        0.999992,
        0.999993,
        0.999994,
        1.0
      ]
    },
    {
      "Values": [
        100,
        120,
        124,
        126,
        129,
        131,
        132,
        133,
        134,
        136,
        138,
        139,
        139,
        140,
        142,
        143,
        143,
        144,
        144,
        145,
        146,
        147,
        147,
        148,
        149,
        151,
        151,
        152,
        153,
        154,
        156,
        156,
        157,
        158,
        159,
        161,
        161,
        162,
        164,
        165,
        167,
        169,
        170,
        172,
        174,
        176,
        179,
        181,
        184,
        189,
        197,
        201,
        208,
        230,
        264,
        299,
        315,
        326,
        335,
        349,
        362,
        363,
        383,
        409,
        420,
        428,
        433,
        460,
        468,
        669,
        694,
        801,
        906,
        1023,
        1122,
        1359,
        1359,
        1382,
        1382,
        1484,
        1484,
        1484,
        2855,
        2855,
        2855,
        2855,
        2855,
        4615,
        4615
      ],