{
  "rps-up-512-down-4000-quic-lat": [
    {
      "Values": [
        108,
        138,
        142,
        150,
        153,
        158,
        160,
        162,
        164,
        166,
        168,
        169,
        171,
        174,
        176,
        178,
        179,
        180,
        182,
        183,
        185,
        187,
        189,
        191,
        194,
        196,
        197,
        198,
        200,
        204,
        213,
        217,
        223,
        230,
        236,
        245,
        251,
        258,
        267,
        281,
        298,
        310,
        325,
        350,
        369,
        391,
        404,
        420,
        432,
        456,
        481,
        505,
        516,
        541,
        576,
        673,
        721,
        794,
        876,
        1078,
        1220,
        1405,
        1524,
        1541,
        1868,
        2607,
        2907,
        3261,
        3711,
        3717,
        4351,
        4411,
        4411,
        4551,
        4615,
        4971,
        4971,
        4971,
        5075,
        5075,
        5107,
        5107,
        5107,
        5107,
        5107,
        5223,
        5223
      ],
      "Percentiles": [
        0.0,
        0.1,
        0.2,
        0.3,
        0.4,
        0.5,
        0.55,
        0.6,
        0.65,
        0.7,
        0.75,
        0.775,
        0.8,
        0.825,
        0.85,
        0.875,
        0.8875,
        0.9,
        0.9125,
        0.925,
        0.9375,
        0.94375,
        0.95,
        0.95625,
        0.9625,
        0.96875,
        0.971875,
        0.975,
        0.978125,
        0.98125,
        0.984375,
        0.985938,
        0.9875,
        0.989062,
        0.990625,
        0.992188,
        0.992969,
        0.99375,
        0.994531,
        0.995313,
        0.996094,
        0.996484,
        0.996875,
        0.997266,
        0.997656,
        0.998047,
        0.998242,
        0.998437,
        0.998633,
        0.998828,
        0.999023,
        0.999121,
        0.999219,
        0.999316,
        0.999414,
        0.999512,
        0.999561,
        0.999609,
        0.999658,
        0.999707,
        0.999756,
        0.99978,
        0.999805,
        0.999829,
        0.999854,
        0.999878,
        0.99989,
        0.999902,
        0.999915,
        0.999927,
        0.999939,
        0.999945,
        0.999951,
        0.999957,
        0.999963,
        0.999969,
        0.999973,
        0.999976,
        0.999979,
        0.999982,
        0.999985,
        0.999986,
        0.999988,
        0.999989,
        0.999991,
        0.999992,
        1.0
      ]
    },
    {
      "Values": [
        111,
        139,
        146,
        151,
        157,
        160,
        162,
        163,
        165,
        167,
        170,
        172,
        174,
        175,
        177,
        179,
        179,
        180,
        181,
        182,
        184,
        185,
        186,
        188,
        191,
        193,
        194,
        195,
        197,
        200,
        207,
        211,
        216,
        223,
        231,
        239,
        243,
        249,
        256,
        267,
        284,
        294,
        308,
        323,
        347,
        371,
        389,
        413,
        427,
        444,
        484,
        493,
        520,
        539,
        582,
        664,
        692,
        769,
        868,
        1067,
        1202,
        1360,
        1469,
        1490,
        1528,
        1594,
        1740,
        1807,
        2437,
        2513,
        2933,
        3343,
        3343,
        3465,
        3593,
        3815,
        3815,
        3815,
        4579,
        4579,
        4663,
        4663,
        4663,
        4663,
        4663,
        5123,
        5123
      ],
      "Percentiles": [
        0.0,
        0.1,
        0.2,
        0.3,
        0.4,
        0.5,
        0.55,
        0.6,
        0.65,
        0.7,
        0.75,
        0.775,
        0.8,
        0.825,
        0.85,
        0.875,
        0.8875,
        0.9,
        0.9125,
        0.925,
        0.9375,
        0.94375,
        0.95,
        0.95625,
        0.9625,
        0.96875,
        0.971875,
        0.975,
        0.978125,
        0.98125,
        0.984375,
        0.985938,
        0.9875,
        0.989062,
        0.990625,
        0.992188,
        0.992969,
        0.99375,
        0.994531,
        0.995313,
        0.996094,
        0.996484,
        0.996875,
        0.997266,
        0.997656,
        0.998047,
        0.998242,
        0.998437,
        0.998633,
        0.998828,
        0.999023,
        0.999121,
        0.999219,
        0.999316,
        0.999414,
        0.999512,
        0.999561,
        0.999609,
        0.999658,
        0.999707,
        0.999756,
        0.99978,
        0.999805,
        0.999829,
        0.999854,
        0.999878,
        0.99989,
        0.999902,
        0.999915,
        0.999927,
        0.999939,
        0.999945,
        0.999951,
        0.999957,
        0.999963,
        0.999969,
        0.999973,
        0.999976,
        0.999979,
        0.999982,
        0.999985,
        0.999986,
        0.999988,
        0.999989,
        0.999991,
        0.999992,
        1.0
      ]
    },
    {
      "Values": [
        110,
        138,
        141,
        148,
        152,
        154,
        156,
        159,
        162,
        164,
        165,
        166,
        167,
        169,
        171,
        174,
        176,
        177,
        179,
        180,
        182,
        183,
        184,
        185,
        188,
        192,
        194,
        195,
        197,
        201,
        209,
        215,
        222,
        230,
        238,
        250,
        257,
        267,
        278,
        296,
        316,
        332,
        349,
        371,
        392,
        415,
        433,
        466,
        501,
        564,
        689,
        823,
        920,
        1183,
        1340,
        1483,
        1555,
        1659,
        1948,
        2253,
        2559,
        2871,
        3327,
        3525,
        3923,
        4111,
        4487,
        4507,
        4559,
        4563,
        4819,
        4975,
        4975,
        4999,
        5011,
        5015,
        5015,
        5015,
        5015,
        5015,
        5019,
        5019,
        5019,
        5019,
        5019,
        5023,
        5023
      ],