{
  "latency-quic-lat": [
    {
      "Values": [
        99,
        114,
        117,
        119,
        121,
        124,
        125,
        127,
        128,
        129,
        131,
        132,
        133,
        134,
        136,
        137,
        138,
        138,
        139,
        140,
        141,
        142,
        142,
        143,
        144,
        146,
        146,
        147,
        148,
        149,
        151,
        151,
        152,
        153,
        154,
        155,
        156,
        157,
        158,
        159,
        161,
        162,
        163,
        165,
        167,
        169,
        171,
        173,
        176,
        179,
        185,
        190,
        199,
        212,
        281,
        309,
        317,
        329,
        337,
        345,
        366,
        370,
        388,
        396,
        408,
        417,
        455,
        488,
        491,
        562,
        697,
        950,
        1026,
        1043,
        1051,
        1085,
        1085,
        1180,
        1180,
        1319,
        1319,
        1319,
        1512,
        1512,
        1512,
        1512,
        1512,
        3615,
        3615
      ],
      "Percentiles": [
        0.0,
        0.1,
        0.2,
        0.3,
        0.4,
        0.5,
        0.55,
        0.6,
        0.65,
        0.7,
        0.75,
        0.775,
        0.8,
        0.825,
        0.85,
        0.875,
        0.8875,
        0.9,
        0.9125,
        0.925,
        0.9375,
        0.94375,
        0.95,
        0.95625,
        0.9625,
        0.96875,
        0.971875,
        0.975,
        0.978125,
        0.98125,
        0.984375,
        0.985938,
        0.9875,
        0.989062,
        0.990625,
        0.992188,
        0.992969,
        0.99375,
        0.994531,
        0.995313,
        0.996094,
        0.996484,
        0.996875,
        0.997266,
        0.997656,
        0.998047,
        0.998242,
        0.998437,
        0.998633,
        0.998828,
        0.999023,
        0.999121,
        0.999219,
        0.999316,
        0.999414,
        0.999512,
        0.999561,
        0.999609,
        0.999658,
        0.999707,
        0.999756,
        0.99978,
        0.999805,
        0.999829,
        0.999854,
        0.999878,
        0.99989,
        0.999902,
        0.999915,
        0.999927,
        0.999939,
        0.999945,
        0.999951,
        0.999957,
        0.999963,
        0.999969,
        0.999973,
        0.999976,
        0.999979,
        0.999982,
        0.999985,
        0.999986,
        0.999988,
        0.999989,
        0.999991,
        0.999992,
        0.999993,
        0.999994,
        1.0
      ]
    },
    {
      "Values": [
        97,
        111,
        114,
        116,
        118,
        120,
        122,
        123,
        125,
        126,
        128,
        129,
        130,
        131,
        132,
        133,
        134,
        135,
        136,
        137,
        138,
        139,
        140,
        140,
        141,
        142,
        143,
        144,
        145,
        146,
        147,
        148,
        149,
        150,
        151,
        153,
        153,
        154,
        155,
        156,
        157,
        158,
        159,
        160,
        161,
        163,
        164,
        165,
        166,
        168,
        169,
        171,
        173,
        175,
        180,
        184,
        195,
        212,
        258,
        275,
        286,
        293,
        299,
        305,
        324,
        342,
        353,
        361,
        369,
        377,
        381,
        382,
        385,
        408,
        425,
        716,
        716,
        872,
        872,
        1015,
        1015,
        1015,
        1076,
        1076,
        1076,
        1076,
        1076,
        1080,
        1080
      ],
      "Percentiles": [
        0.0,
        0.1,
        0.2,
        0.3,
        0.4,
        0.5,
        0.55,
        0.6,
        0.65,
        0.7,
        0.75,
        0.775,
        0.8,
        0.825,
        0.85,
        0.875,
        0.8875,
        0.9,
        0.9125,
        0.925,
        0.9375,
        0.94375,
        0.95,
        0.95625,
        0.9625,
        0.96875,
        0.971875,
        0.975,
        0.978125,
        0.98125,
        0.984375,
        0.985938,
        0.9875,
        0.989062,
        0.990625,
        0.992188,
        0.992969,
        0.99375,
        0.994531,
        0.995313,
        0.996094,
        0.996484,
        0.996875,
        0.997266,
        0.997656,
        0.998047,
        0.998242,
        0.998437,
        0.998633,
        0.998828,
        0.999023,
        0.999121,
        0.999219,
        0.999316,
        0.999414,
        0.999512,
        0.999561,
        0.999609,
        0.999658,
        0.999707,
        0.999756,
        0.99978,
        0.999805,
        0.999829,
        0.999854,
        0.999878,
        0.99989,
        0.999902,
        0.999915,
        0.999927,
        0.999939,
        0.999945,
        0.999951,
        0.999957,
        0.999963,
        0.999969,
        0.999973,
        0.999976,
        0.999979,
        0.999982,
        0.999985,
        0.999986,
        0.999988,
        0.999989,
        0.999991,
        0.999992,
        0.999993,
        0.999994,
        1.0
      ]
    },
    {
      "Values": [
        97,
        114,
        117,
        119,
        122,
        125,
        126,
        127,
        129,
        130,
        132,
        133,
        134,
        135,
        136,
        137,
        138,
        139,
        140,
        140,
        141,
        142,
        143,
        144,
        145,
        146,
        147,
        148,
        149,
        150,
        151,
        152,
        152,
        153,
        154,
        156,
        156,
        157,
        158,
        159,
        161,
        162,
        163,
        164,
        166,
        168,
        169,
        171,
        173,
        175,
        180,
        184,
        188,
        194,
        209,
        263,
        277,
        288,
        308,
        322,
        337,
        348,
        356,
        365,
        375,
        408,
        411,
        414,
        441,
        479,
        519,
        528,
        532,
        616,
        662,
        686,
        686,
        1027,
        1027,
        1071,
        1071,
        1071,
        1339,
        1339,
        1339,
        1339,
        1339,
        2171,
        2171
      ],