{
  "latency-quic-lat": [
    {
      "Values": [
        89,
        109,
        111,
        113,
        115,
        116,
        117,
        119,
        120,
        122,
        124,
        126,
        127,
        129,
        130,
        133,
        134,
        135,
        137,
        138,
        140,
        141,
        142,
        144,
        145,
        147,
        148,
        149,
        150,
        151,
        153,
        154,
        155,
        157,
        158,
        160,
        161,
        162,
        163,
        165,
        167,
        168,
        170,
        172,
        174,
        176,
        178,
        180,
        183,
        189,
        202,
        223,
        254,
        278,
        309,
        323,
        329,
        337,
        347,
        360,
        373,
        401,
        435,
        448,
        458,
        480,
        521,
        542,
        586,
        633,
        636,
        647,
        689,
        749,
        788,
        790,
        810,
        810,
        835,
        835,
        843,
        843,
        843,
        994,
        994,
        994,
        994,
        994,
        998,
        998
      ],
      "Percentiles": [
        0.0,
        0.1,
        0.2,
        0.3,
        0.4,
        0.5,
        0.55,
        0.6,
        0.65,
        0.7,
        0.75,
        0.775,
        0.8,
        0.825,
        0.85,
        0.875,
        0.8875,
        0.9,
        0.9125,
        0.925,
        0.9375,
        0.94375,
        0.95,
        0.95625,
        0.9625,
        0.96875,
        0.971875,
        0.975,
        0.978125,
        0.98125,
        0.984375,
        0.985938,
        0.9875,
        0.989062,
        0.990625,
        0.992188,
        0.992969,
        0.99375,
        0.994531,
        0.995313,
        0.996094,
        0.996484,
        0.996875,
        0.997266,
        0.997656,
        0.998047,
        0.998242,
        0.998437,
        0.998633,
        0.998828,
        0.999023,
        0.999121,
        0.999219,
        0.999316,
        0.999414,
        0.999512,
        0.999561,
        0.999609,
        0.999658,
        0.999707,
        0.999756,
        0.99978,
        0.999805,
        0.999829,
        0.999854,
        0.999878,
        0.99989,
        0.999902,
        0.999915,
        0.999927,
        0.999939,
        0.999945,
        0.999951,
        0.999957,
        0.999963,
        0.999969,
        0.999973,
        0.999976,
        0.999979,
        0.999982,
        0.999985,
        0.999986,
        0.999988,
        0.999989,
        0.999991,
        0.999992,
        0.999993,
        0.999994,
        0.999995,
        1.0
      ]
    },
    {
      "Values": [
        90,
        109,
        111,
        113,
        114,
        116,
        117,
        118,
        120,
        122,
        125,
        126,
        127,
        129,
        131,
        133,
        134,
        135,
        137,
        138,
        140,
        141,
        142,
        143,
        145,
        146,
        147,
        148,
        149,
        151,
        152,
        153,
        154,
        156,
        157,
        159,
        160,
        161,
        162,
        163,
        165,
        166,
        167,
        169,
        170,
        172,
        174,
        176,
        179,
        183,
        188,
        194,
        205,
        252,
        291,
        320,
        331,
        348,
        357,
        365,
        375,
        393,
        413,
        421,
        449,
        458,
        459,
        475,
        485,
        491,
        510,
        513,
        525,
        528,
        556,
        564,
        600,
        600,
        649,
        649,
        654,
        654,
        654,
        732,
        732,
        732,
        732,
        732,
        773,
        773
      ],
      "Percentiles": [
        0.0,
        0.1,
        0.2,
        0.3,
        0.4,
        0.5,
        0.55,
        0.6,
        0.65,
        0.7,
        0.75,
        0.775,
        0.8,
        0.825,
        0.85,
        0.875,
        0.8875,
        0.9,
        0.9125,
        0.925,
        0.9375,
        0.94375,
        0.95,
        0.95625,
        0.9625,
        0.96875,
        0.971875,
        0.975,
        0.978125,
        0.98125,
        0.984375,
        0.985938,
        0.9875,
        0.989062,
        0.990625,
        0.992188,
        0.992969,
        0.99375,
        0.994531,
        0.995313,
        0.996094,
        0.996484,
        0.996875,
        0.997266,
        0.997656,
        0.998047,
        0.998242,
        0.998437,
        0.998633,
        0.998828,
        0.999023,
        0.999121,
        0.999219,
        0.999316,
        0.999414,
        0.999512,
        0.999561,
        0.999609,
        0.999658,
        0.999707,
        0.999756,
        0.99978,
        0.999805,
        0.999829,
        0.999854,
        0.999878,
        0.99989,
        0.999902,
        0.999915,
        0.999927,
        0.999939,
        0.999945,
        0.999951,
        0.999957,
        0.999963,
        0.999969,
        0.999973,
        0.999976,
        0.999979,
        0.999982,
        0.999985,
        0.999986,
        0.999988,
        0.999989,
        0.999991,
        0.999992,
        0.999993,
        0.999994,
        0.999995,
        1.0
      ]
    },
    {
      "Values": [
        86,
        107,
        111,
        113,
        115,
        117,
        118,
        120,
        123,
        125,
        128,
        129,
        131,
        132,
        134,
        136,
        137,
        138,
        139,
        141,
        142,
        143,
        144,
        146,
        147,
        148,
        149,
        150,
        151,
        152,
        154,
        155,
        156,
        157,
        159,
        161,
        162,
        163,
        164,
        166,
        168,
        169,
        170,
        172,
        175,
        178,
        180,
        184,
        190,
        199,
        218,
        242,
        285,
        305,
        313,
        330,
        335,
        341,
        346,
        358,
        386,
        401,
        422,
        477,
        511,
        526,
        535,
        560,
        621,
        689,
        784,
        840,
        886,
        890,
        962,
        964,
        981,
        981,
        1067,
        1067,
        1083,
        1083,
        1083,
        1126,
        1126,
        1126,
        1126,
        1126,
        1446,
        1446
      ],