{
  "rps-up-512-down-4000-quic": [
    "77",
    "102",
    "121",
    "163",
    "203",
    "1037",
    "4594",
    "5153",
    "9181",
    "81",
    "101",
    "153",
    "180",
    "233",
    "729",
    "4614",
    "4944",
    "9006",
    "78",
    "101",
    "146",
    "178",
    "234",
    "470",
    "4877",
    "5129",
    "9065"
  ],
  "rps-up-512-down-4000-quic-lat": [
    {
      "Values": [
        77,
        95,
        97,
        98,
        100,
        102,
        103,
        105,
        107,
        111,
        113,
        114,
        114,
        115,
        116,
        118,
        119,
        121,
        126,
        136,
        145,
        146,
        147,
        148,
        149,
        150,
        151,
        152,
        153,
        154,
        156,
        158,
        160,
        162,
        164,
        166,
        167,
        168,
        169,
        171,
        174,
        175,
        177,
        179,
        182,
        185,
        188,
        190,
        192,
        198,
        204,
        209,
        215,
        223,
        236,
        254,
        267,
        295,
        313,
        348,
        392,
        413,
        479,
        525,
        627,
        655,
        728,
        1145,
        1195,
        1273,
        1303,
        1687,
        1908,
        2323,
        2375,
        2787,
        2787,
        2857,
        2977,
        2977,
        3537,
        3537,
        3537,
        4595,
        4595,
        4595,
        4595,
        4595,
        5155,
        5155
      ],
      "Percentiles": [
        0.0,
        0.1,
        0.2,
        0.3,
        0.4,
        0.5,
        0.55,
        0.6,
        0.65,
        0.7,
        0.75,
        0.775,
        0.8,
        0.825,
        0.85,
        0.875,
        0.8875,
        0.9,
        0.9125,
        0.925,
        0.9375,
        0.94375,
        0.95,
        0.95625,
        0.9625,
        0.96875,
        0.971875,
        0.975,
        0.978125,
        0.98125,
        0.984375,
        0.985938,
        0.9875,
        0.989062,
        0.990625,
        0.992188,
        0.992969,
        0.99375,
        0.994531,
        0.995313,
        0.996094,
        0.996484,
        0.996875,
        0.997266,
        0.997656,
        0.998047,
        0.998242,
        0.998437,
        0.998633,
        0.998828,
        0.999023,
        0.999121,
        0.999219,
        0.999316,
        0.999414,
        0.999512,
        0.999561,
        0.999609,
        0.999658,
        0.999707,
        0.999756,
        0.99978,
        0.999805,
        0.999829,
        0.999854,
        0.999878,
        0.99989,
        0.999902,
        0.999915,
        0.999927,
        0.999939,
        0.999945,
        0.999951,
        0.999957,
        0.999963,
        0.999969,
        0.999973,
        0.999976,
        0.999979,
        0.999982,
        0.999985,
        0.999986,
        0.999988,
        0.999989,
        0.999991,
        0.999992,
        0.999993,
        0.999994,
        0.999995,
        1.0
      ]
    },
    {
      "Values": [
        81,
        97,
        98,
        99,
        100,
        101,
        101,
        102,
        103,
        105,
        107,
        108,
        110,
        113,
        119,
        143,
        151,
        153,
        153,
        154,
        156,
        156,
        157,
        159,
        163,
        165,
        166,
        167,
        169,
        171,
        173,
        174,
        176,
        178,
        181,
        187,
        193,
        197,
        203,
        208,
        214,
        215,
        216,
        217,
        219,
        220,
        221,
        223,
        226,
        230,
        234,
        239,
        246,
        255,
        273,
        292,
        302,
        320,
        335,
        352,
        376,
        412,
        448,
        477,
        526,
        630,
        724,
        760,
        827,
        938,
        1083,
        1101,
        1564,
        1616,
        2265,
        3013,
        3175,
        3175,
        3439,
        3439,
        4363,
        4363,
        4363,
        4615,
        4615,
        4615,
        4615,
        4615,
        4947,
        4947
      ],
      "Percentiles": [
        0.0,
        0.1,
        0.2,
        0.3,
        0.4,
        0.5,
        0.55,
        0.6,
        0.65,
        0.7,
        0.75,
        0.775,
        0.8,
        0.825,
        0.85,
        0.875,
        0.8875,
        0.9,
        0.9125,
        0.925,
        0.9375,
        0.94375,
        0.95,
        0.95625,
        0.9625,
        0.96875,
        0.971875,
        0.975,
        0.978125,
        0.98125,
        0.984375,
        0.985938,
        0.9875,
        0.989062,
        0.990625,
        0.992188,
        0.992969,
        0.99375,
        0.994531,
        0.995313,
        0.996094,
        0.996484,
        0.996875,
        0.997266,
        0.997656,
        0.998047,
        0.998242,
        0.998437,
        0.998633,
        0.998828,
        0.999023,
        0.999121,
        0.999219,
        0.999316,
        0.999414,
        0.999512,
        0.999561,
        0.999609,
        0.999658,
        0.999707,
        0.999756,
        0.99978,
        0.999805,
        0.999829,
        0.999854,
        0.999878,
        0.99989,
        0.999902,
        0.999915,
        0.999927,
        0.999939,
        0.999945,
        0.999951,
        0.999957,
        0.999963,
        0.999969,
        0.999973,
        0.999976,
        0.999979,
        0.999982,
        0.999985,
        0.999986,
        0.999988,
        0.999989,
        0.999991,
        0.999992,
        0.999993,
        0.999994,
        0.999995,
        1.0
      ]
    },
    {
      "Values": [
        78,
        94,
        96,
        98,
        99,
        101,
        102,
        103,
        105,
        109,
        112,
        113,
        114,
        116,
        119,
        131,
        143,
        146,
        147,
        148,
        150,
        152,
        155,
        159,
        162,
        163,
        164,
        165,
        166,
        168,
        170,
        171,
        173,
        176,
        179,
        185,
        189,
        193,
        197,
        202,
        208,
        209,
        211,
        212,
        214,
        215,
        217,
        218,
        223,
        228,
        234,
        239,
        243,
        251,
        257,
        271,
        276,
        281,
        289,
        299,
        315,
        338,
        354,
        376,
        399,
        440,
        452,
        564,
        573,
        640,
        706,
        934,
        939,
        945,
        1144,
        1208,
        1311,
        1311,
        1426,
        1426,
        2657,
        2657,
        2657,
        4879,
        4879,
        4879,
        4879,
        4879,
        5131,
        5131
      ],