{
  "latency-quic-lat": [
    {
      "Values": [
        94,
        112,
        115,
        118,
        120,
        123,
        124,
        125,
        126,
        127,
        129,
        130,
        131,
        131,
        132,
        133,
        134,
        134,
        135,
        136,
        137,
        137,
        138,
        139,
        140,
        141,
        142,
        143,
        144,
        145,
        146,
        147,
        148,
        148,
        149,
        151,
        151,
        152,
        153,
        154,
        156,
        157,
        158,
        159,
        161,
        163,
        165,
        166,
        168,
        171,
        176,
        179,
        183,
        187,
        195,
        212,
        246,
        271,
        284,
        294,
        308,
        322,
        331,
        335,
        352,
        368,
        375,
        383,
        408,
        460,
        739,
        995,
        1000,
        1006,
        1007,
        1011,
        1011,
        1016,
        1016,
        1036,
        1036,
        1036,
        10415,
        10415,
        10415,
        10415,
        10415,
        14815,
        14815
      ],
      "Percentiles": [
        0.0,
        0.1,
        0.2,
        0.3,
        0.4,
        0.5,
        0.55,
        0.6,
        0.65,
        0.7,
        0.75,
        0.775,
        0.8,
        0.825,
        0.85,
        0.875,
        0.8875,
        0.9,
        0.9125,
        0.925,
        0.9375,
        0.94375,
        0.95,
        0.95625,
        0.9625,
        0.96875,
        0.971875,
        0.975,
        0.978125,
        0.98125,
        0.984375,
        0.985938,
        0.9875,
        0.989062,
        0.990625,
        0.992188,
        0.992969,
        0.99375,
        0.994531,
        0.995313,
        0.996094,
        0.996484,
        0.996875,
        0.997266,
        0.997656,
        0.998047,
        0.998242,
        0.998437,
        0.998633,
        0.998828,
        0.999023,
        0.999121,
        0.999219,
        0.999316,
        0.999414,
        0.999512,
        0.999561,
        0.999609,
        0.999658,
        0.999707,
        0.999756,
        0.99978,
        0.999805,
        0.999829,
        0.999854,
        0.999878,
        0.99989,
        0.999902,
        0.999915,
        0.999927,
        0.999939,
        0.999945,
        0.999951,
        0.999957,
        0.999963,
        0.999969,
        0.999973,
        0.999976,
        0.999979,
        0.999982,
        0.999985,
        0.999986,
        0.999988,
        0.999989,
        0.999991,
        0.999992,
        0.999993,
        0.999994,
        1.0
      ]
    },
    {
      "Values": [
        92,
        112,
        114,
        117,
        120,
        122,
        123,
        124,
        126,
        127,
        128,
        129,
        130,
        131,
        132,
        133,
        134,
        134,
        135,
        136,
        137,
        138,
        138,
        140,
        141,
        142,
        143,
        144,
        144,
        145,
        147,
        147,
        148,
        149,
        150,
        151,
        152,
        153,
        154,
        155,
        157,
        159,
        160,
        161,
        163,
        165,
        166,
        168,
        170,
        172,
        177,
        179,
        183,
        189,
        199,
        224,
        246,
        265,
        277,
        299,
        325,
        332,
        336,
        343,
        345,
        353,
        360,
        362,
        378,
        392,
        418,
        419,
        483,
        616,
        686,
        749,
        749,
        755,
        755,
        786,
        786,
        786,
        1356,
        1356,
        1356,
        1356,
        1356,
        1413,
        1413
      ],
      "Percentiles": [
        0.0,
        0.1,
        0.2,
        0.3,
        0.4,
        0.5,
        0.55,
        0.6,
        0.65,
        0.7,
        0.75,
        0.775,
        0.8,
        0.825,
        0.85,
        0.875,
        0.8875,
        0.9,
        0.9125,
        0.925,
        0.9375,
        0.94375,
        0.95,
        0.95625,
        0.9625,
        0.96875,
        0.971875,
        0.975,
        0.978125,
        0.98125,
        0.984375,
        0.985938,
        0.9875,
        0.989062,
        0.990625,
        0.992188,
        0.992969,
        0.99375,
        0.994531,
        0.995313,
        0.996094,
        0.996484,
        0.996875,
        0.997266,
        0.997656,
        0.998047,
        0.998242,
        0.998437,
        0.998633,
        0.998828,
        0.999023,
        0.999121,
        0.999219,
        0.999316,
        0.999414,
        0.999512,
        0.999561,
        0.999609,
        0.999658,
        0.999707,
        0.999756,
        0.99978,
        0.999805,
        0.999829,
        0.999854,
        0.999878,
        0.99989,
        0.999902,
        0.999915,
        0.999927,
        0.999939,
        0.999945,
        0.999951,
        0.999957,
        0.999963,
        0.999969,
        0.999973,
        0.999976,
        0.999979,
        0.999982,
        0.999985,
        0.999986,
        0.999988,
        0.999989,
        0.999991,
        0.999992,
        0.999993,
        0.999994,
        1.0
      ]
    },
    {
      "Values": [
        90,
        112,
        115,
        118,
        120,
        123,
        124,
        125,
        126,
        127,
        129,
        130,
        130,
        131,
        132,
        133,
        134,
        134,
        135,
        136,
        137,
        137,
        138,
        139,
        140,
        141,
        142,
        143,
        144,
        145,
        146,
        147,
        148,
        149,
        150,
        151,
        152,
        153,
        154,
        155,
        157,
        158,
        160,
        161,
        162,
        165,
        166,
        167,
        169,
        171,
        177,
        179,
        182,
        193,
        219,
        244,
        259,
        276,
        292,
        307,
        322,
        333,
        341,
        356,
        363,
        376,
        380,
        399,
        447,
        712,
        982,
        996,
        1003,
        1003,
        1009,
        1017,
        1017,
        1020,
        1020,
        1097,
        1097,
        1097,
        1412,
        1412,
        1412,
        1412,
        1412,
        1427,
        1427
      ],