{
  "rps-up-512-down-4000-quic-lat": [
    {
      "Values": [
        92,
        118,
        123,
        127,
        132,
        137,
        139,
        141,
        144,
        148,
        151,
        153,
        155,
        158,
        163,
        170,
        178,
        187,
        194,
        196,
        201,
        204,
        206,
        209,
        211,
        217,
        220,
        226,
        230,
        232,
        237,
        239,
        242,
        245,
        248,
        255,
        259,
        264,
        269,
        274,
        283,
        288,
        294,
        303,
        312,
        330,
        338,
        353,
        373,
        394,
        422,
        443,
        483,
        548,
        596,
        635,
        656,
        738,
        843,
        982,
        1073,
        1164,
        1342,
        1356,
        1389,
        1527,
        1596,
        1927,
        1967,
        2101,
        2265,
        2291,
        2463,
        2483,
        2483,
        2683,
        2687,
        2687,
        4267,
        4267,
        4267,
        4595,
        4595,
        4595,
        4595,
        4595,
        5083,
        5083
      ],
      "Percentiles": [
        0.0,
        0.1,
        0.2,
        0.3,
        0.4,
        0.5,
        0.55,
        0.6,
        0.65,
        0.7,
        0.75,
        0.775,
        0.8,
        0.825,
        0.85,
        0.875,
        0.8875,
        0.9,
        0.9125,
        0.925,
        0.9375,
        0.94375,
        0.95,
        0.95625,
        0.9625,
        0.96875,
        0.971875,
        0.975,
        0.978125,
        0.98125,
        0.984375,
        0.985938,
        0.9875,
        0.989062,
        0.990625,
        0.992188,
        0.992969,
        0.99375,
        0.994531,
        0.995313,
        0.996094,
        0.996484,
        0.996875,
        0.997266,
        0.997656,
        0.998047,
        0.998242,
        0.998437,
        0.998633,
        0.998828,
        0.999023,
        0.999121,
        0.999219,
        0.999316,
        0.999414,
        0.999512,
        0.999561,
        0.999609,
        0.999658,
        0.999707,
        0.999756,
        0.99978,
        0.999805,
        0.999829,
        0.999854,
        0.999878,
        0.99989,
        0.999902,
        0.999915,
        0.999927,
        0.999939,
        0.999945,
        0.999951,
        0.999957,
        0.999963,
        0.999969,
        0.999973,
        0.999976,
        0.999979,
        0.999982,
        0.999985,
        0.999986,
        0.999988,
        0.999989,
        0.999991,
        0.999992,
        0.999993,
        1.0
      ]
    },
    {
      "Values": [
        92,
        120,
        126,
        131,
        135,
        140,
        142,
        145,
        148,
        151,
        155,
        158,
        162,
        167,
        178,
        193,
        195,
        198,
        202,
        206,
        209,
        211,
        215,
        220,
        228,
        232,
        235,
        238,
        241,
        244,
        246,
        249,
        253,
        257,
        263,
        272,
        276,
        281,
        288,
        296,
        310,
        320,
        327,
        340,
        357,
        390,
        405,
        435,
        456,
        526,
        583,
        681,
        756,
        852,
        915,
        1021,
        1061,
        1334,
        1409,
        1488,
        1616,
        1656,
        1727,
        1869,
        2057,
        2107,
        2207,
        2223,
        2255,
        2305,
        2341,
        2439,
        2829,
        3095,
        3329,
        3329,
        3377,
        3377,
        3413,
        3413,
        3413,
        4235,
        4235,
        4235,
        4235,
        4235,
        7923,
        7923
      ],
      "Percentiles": [
        0.0,
        0.1,
        0.2,
        0.3,
        0.4,
        0.5,
        0.55,
        0.6,
        0.65,
        0.7,
        0.75,
        0.775,
        0.8,
        0.825,
        0.85,
        0.875,
        0.8875,
        0.9,
        0.9125,
        0.925,
        0.9375,
        0.94375,
        0.95,
        0.95625,
        0.9625,
        0.96875,
        0.971875,
        0.975,
        0.978125,
        0.98125,
        0.984375,
        0.985938,
        0.9875,
        0.989062,
        0.990625,
        0.992188,
        0.992969,
        0.99375,
        0.994531,
        0.995313,
        0.996094,
        0.996484,
        0.996875,
        0.997266,
        0.997656,
        0.998047,
        0.998242,
        0.998437,
        0.998633,
        0.998828,
        0.999023,
        0.999121,
        0.999219,
        0.999316,
        0.999414,
        0.999512,
        0.999561,
        0.999609,
        0.999658,
        0.999707,
        0.999756,
        0.99978,
        0.999805,
        0.999829,
        0.999854,
        0.999878,
        0.99989,
        0.999902,
        0.999915,
        0.999927,
        0.999939,
        0.999945,
        0.999951,
        0.999957,
        0.999963,
        0.999969,
        0.999973,
        0.999976,
        0.999979,
        0.999982,
        0.999985,
        0.999986,
        0.999988,
        0.999989,
        0.999991,
        0.999992,
        0.999993,
        1.0
      ]
    },
    {
      "Values": [
        102,
        133,
        137,
        141,
        145,
        150,
        152,
        154,
        157,
        160,
        164,
        166,
        169,
        172,
        177,
        185,
        191,
        193,
        195,
        198,
        203,
        206,
        208,
        212,
        218,
        226,
        228,
        231,
        235,
        239,
        243,
        245,
        249,
        255,
        262,
        269,
        274,
        278,
        285,
        295,
        311,
        322,
        335,
        353,
        390,
        452,
        480,
        516,
        581,
        672,
        809,
        856,
        918,
        977,
        1148,
        1325,
        1379,
        1483,
        1580,
        1758,
        1828,
        1876,
        1898,
        1958,
        2017,
        2101,
        2303,
        2341,
        2393,
        2525,
        2779,
        2973,
        2973,
        3693,
        4415,
        4935,
        4935,
        4935,
        4955,
        4955,
        4999,
        4999,
        4999,
        4999,
        4999,
        5015,
        5015
      ],