{
  "rps-up-512-down-4000-quic-lat": [
    {
      "Values": [
        79,
        96,
        98,
        99,
        100,
        102,
        103,
        104,
        105,
        107,
        108,
        110,
        111,
        112,
        114,
        115,
        116,
        117,
        118,
        120,
        124,
        127,
        132,
        139,
        146,
        148,
        150,
        151,
        153,
        154,
        155,
        155,
        156,
        157,
        159,
        161,
        162,
        164,
        166,
        168,
        171,
        173,
        175,
        177,
        181,
        186,
        190,
        196,
        201,
        213,
        226,
        241,
        256,
        278,
        305,
        354,
        379,
        405,
        441,
        488,
        570,
        607,
        644,
        709,
        766,
        891,
        934,
        956,
        989,
        1123,
        1526,
        1526,
        1528,
        1737,
        1765,
        1778,
        1778,
        2063,
        2453,
        2453,
        2603,
        2603,
        2603,
        2635,
        2635,
        2635,
        2635,
        2635,
        5247,
        5247
      ],
      "Percentiles": [
        0.0,
        0.1,
        0.2,
        0.3,
        0.4,
        0.5,
        0.55,
        0.6,
        0.65,
        0.7,
        0.75,
        0.775,
        0.8,
        0.825,
        0.85,
        0.875,
        0.8875,
        0.9,
        0.9125,
        0.925,
        0.9375,
        0.94375,
        0.95,
        0.95625,
        0.9625,
        0.96875,
        0.971875,
        0.975,
        0.978125,
        0.98125,
        0.984375,
        0.985938,
        0.9875,
        0.989062,
        0.990625,
        0.992188,
        0.992969,
        0.99375,
        0.994531,
        0.995313,
        0.996094,
        0.996484,
        0.996875,
        0.997266,
        0.997656,
        0.998047,
        0.998242,
        0.998437,
        0.998633,
        0.998828,
        0.999023,
        0.999121,
        0.999219,
        0.999316,
        0.999414,
        0.999512,
        0.999561,
        0.999609,
        0.999658,
        0.999707,
        0.999756,
        0.99978,
        0.999805,
        0.999829,
        0.999854,
        0.999878,
        0.99989,
        0.999902,
        0.999915,
        0.999927,
        0.999939,
        0.999945,
        0.999951,
        0.999957,
        0.999963,
        0.999969,
        0.999973,
        0.999976,
        0.999979,
        0.999982,
        0.999985,
        0.999986,
        0.999988,
        0.999989,
        0.999991,
        0.999992,
        0.999993,
        0.999994,
        0.999995,
        1.0
      ]
    },
    {
      "Values": [
        78,
        95,
        97,
        99,
        100,
        102,
        103,
        105,
        106,
        108,
        111,
        112,
        113,
        114,
        115,
        116,
        117,
        118,
        119,
        121,
        125,
        129,
        135,
        144,
        146,
        148,
        148,
        149,
        151,
        152,
        154,
        155,
        157,
        159,
        161,
        164,
        165,
        167,
        168,
        171,
        174,
        177,
        180,
        185,
        190,
        197,
        204,
        211,
        219,
        241,
        266,
        285,
        301,
        327,
        364,
        394,
        423,
        455,
        512,
        572,
        683,
        725,
        744,
        835,
        986,
        1171,
        1278,
        1689,
        1875,
        1985,
        2011,
        2137,
        2177,
        2999,
        3391,
        3619,
        3619,
        3957,
        4515,
        4515,
        4735,
        4735,
        4735,
        5147,
        5147,
        5147,
        5147,
        5147,
        5151,
        5151
      ],
      "Percentiles": [
        0.0,
        0.1,
        0.2,
        0.3,
        0.4,
        0.5,
        0.55,
        0.6,
        0.65,
        0.7,
        0.75,
        0.775,
        0.8,
        0.825,
        0.85,
        0.875,
        0.8875,
        0.9,
        0.9125,
        0.925,
        0.9375,
        0.94375,
        0.95,
        0.95625,
        0.9625,
        0.96875,
        0.971875,
        0.975,
        0.978125,
        0.98125,
        0.984375,
        0.985938,
        0.9875,
        0.989062,
        0.990625,
        0.992188,
        0.992969,
        0.99375,
        0.994531,
        0.995313,
        0.996094,
        0.996484,
        0.996875,
        0.997266,
        0.997656,
        0.998047,
        0.998242,
        0.998437,
        0.998633,
        0.998828,
        0.999023,
        0.999121,
        0.999219,
        0.999316,
        0.999414,
        0.999512,
        0.999561,
        0.999609,
        0.999658,
        0.999707,
        0.999756,
        0.99978,
        0.999805,
        0.999829,
        0.999854,
        0.999878,
        0.99989,
        0.999902,
        0.999915,
        0.999927,
        0.999939,
        0.999945,
        0.999951,
        0.999957,
        0.999963,
        0.999969,
        0.999973,
        0.999976,
        0.999979,
        0.999982,
        0.999985,
        0.999986,
        0.999988,
        0.999989,
        0.999991,
        0.999992,
        0.999993,
        0.999994,
        0.999995,
        1.0
      ]
    },
    {
      "Values": [
        78,
        97,
        99,
        100,
        102,
        103,
        104,
        105,
        106,
        108,
        110,
        111,
        112,
        114,
        115,
        116,
        117,
        118,
        119,
        120,
        122,
        123,
        125,
        127,
        133,
        142,
        146,
        148,
        150,
        152,
        154,
        155,
        156,
        158,
        161,
        165,
        167,
        168,
        171,
        176,
        183,
        187,
        194,
        203,
        216,
        239,
        260,
        279,
        308,
        346,
        386,
        410,
        465,
        527,
        629,
        739,
        795,
        865,
        930,
        1073,
        1484,
        1525,
        1594,
        1754,
        1985,
        2095,
        2319,
        2763,
        3065,
        3349,
        3391,
        3405,
        3631,
        3931,
        4073,
        4299,
        4299,
        4515,
        4587,
        4587,
        4955,
        4955,
        4955,
        5295,
        5295,
        5295,
        5295,
        5295,
        6319,
        6319
      ],