{
  "tput-down-quic": [
    "5680820",
    "6701772",
    "6016923"
  ],
  "tput-up-quic": [
    "6797099",
    "7253642",
    "5826030"
  ],
  "rps-up-512-down-4000-quic-lat": [
    {
      "Values": [
        77,
        93,
        95,
        96,
        97,
        99,
        100,
        101,
        102,
        105,
        109,
        111,
        112,
        114,
        119,
        143,
        145,
        150,
        157,
        160,
        161,
        162,
        163,
        164,
        165,
        166,
        167,
        169,
        171,
        173,
        177,
        179,
        183,
        189,
        196,
        204,
        206,
        208,
        210,
        211,
        214,
        216,
        219,
        222,
        229,
        238,
        245,
        258,
        282,
        309,
        344,
        380,
        407,
        435,
        480,
        558,
        624,
        680,
        762,
        951,
        1073,
        1253,
        1402,
        1662,
        1767,
        2073,
        2275,
        2287,
        2355,
        2667,
        2803,
        2895,
        2935,
        3329,
        3425,
        3765,
        4271,
        4271,
        4635,
        4635,
        4943,
        4943,
        4943,
        5899,
        5899,
        5899,
        5899,
        5899,
        6203,
        6203
      ],
      "Percentiles": [
        0.0,
        0.1,
        0.2,
        0.3,
        0.4,
        0.5,
        0.55,
        0.6,
        0.65,
        0.7,
        0.75,
        0.775,
        0.8,
        0.825,
        0.85,
        0.875,
        0.8875,
        0.9,
        0.9125,
        0.925,
        0.9375,
        0.94375,
        0.95,
        0.95625,
        0.9625,
        0.96875,
        0.971875,
        0.975,
        0.978125,
        0.98125,
        0.984375,
        0.985938,
        0.9875,
        0.989062,
        0.990625,
        0.992188,
        0.992969,
        0.99375,
        0.994531,
        0.995313,
        0.996094,
        0.996484,
        0.996875,
        0.997266,
        0.997656,
        0.998047,
        0.998242,
        0.998437,
        0.998633,
        0.998828,
        0.999023,
        0.999121,
        0.999219,
        0.999316,
        0.999414,
        0.999512,
        0.999561,
        0.999609,
        0.999658,
        0.999707,
        0.999756,
        0.99978,
        0.999805,
        0.999829,
        0.999854,
        0.999878,
        0.99989,
        0.999902,
        0.999915,
        0.999927,
        0.999939,
        0.999945,
        0.999951,
        0.999957,
        0.999963,
        0.999969,
        0.999973,
        0.999976,
        0.999979,
        0.999982,
        0.999985,
        0.999986,
        0.999988,
        0.999989,
        0.999991,
        0.999992,
        0.999993,
        0.999994,
        0.999995,
        1.0
      ]
    },
    {
      "Values": [
        79,
        94,
        96,
        97,
        98,
        99,
        100,
        101,
        102,
        105,
        108,
        111,
        113,
        119,
        143,
        150,
        156,
        160,
        161,
        162,
        163,
        164,
        164,
        165,
        167,
        169,
        170,
        172,
        174,
        177,
        182,
        185,
        190,
        196,
        204,
        209,
        211,
        212,
        214,
        216,
        221,
        226,
        232,
        244,
        258,
        293,
        316,
        342,
        379,
        419,
        456,
        484,
        535,
        578,
        668,
        782,
        858,
        951,
        1099,
        1441,
        1852,
        2041,
        2335,
        2685,
        2985,
        3363,
        3605,
        3677,
        3735,
        4143,
        4695,
        4723,
        4815,
        4923,
        4947,
        4951,
        5071,
        5071,
        5075,
        5075,
        7611,
        7611,
        7611,
        8463,
        8463,
        8463,
        8463,
        8463,
        8623,
        8623
      ],
      "Percentiles": [
        0.0,
        0.1,
        0.2,
        0.3,
        0.4,
        0.5,
        0.55,
        0.6,
        0.65,
        0.7,
        0.75,
        0.775,
        0.8,
        0.825,
        0.85,
        0.875,
        0.8875,
        0.9,
        0.9125,
        0.925,
        0.9375,
        0.94375,
        0.95,
        0.95625,
        0.9625,
        0.96875,
        0.971875,
        0.975,
        0.978125,
        0.98125,
        0.984375,
        0.985938,
        0.9875,
        0.989062,
        0.990625,
        0.992188,
        0.992969,
        0.99375,
        0.994531,
        0.995313,
        0.996094,
        0.996484,
        0.996875,
        0.997266,
        0.997656,
        0.998047,
        0.998242,
        0.998437,
        0.998633,
        0.998828,
        0.999023,
        0.999121,
        0.999219,
        0.999316,
        0.999414,
        0.999512,
        0.999561,
        0.999609,
        0.999658,
        0.999707,
        0.999756,
        0.99978,
        0.999805,
        0.999829,
        0.999854,
        0.999878,
        0.99989,
        0.999902,
        0.999915,
        0.999927,
        0.999939,
        0.999945,
        0.999951,
        0.999957,
        0.999963,
        0.999969,
        0.999973,
        0.999976,
        0.999979,
        0.999982,
        0.999985,
        0.999986,
        0.999988,
        0.999989,
        0.999991,
        0.999992,
        0.999993,
        0.999994,
        0.999995,
        1.0
      ]
    },
    {
      "Values": [
        80,
        96,
        97,
        98,
        99,
        100,
        100,
        101,
        102,
        103,
        104,
        105,
        106,
        107,
        109,
        111,
        112,
        116,
        123,
        141,
        151,
        152,
        154,
        159,
        162,
        164,
        164,
        165,
        166,
        167,
        169,
        171,
        172,
        174,
        177,
        179,
        181,
        183,
        188,
        191,
        197,
        202,
        207,
        210,
        212,
        214,
        215,
        216,
        217,
        220,
        224,
        226,
        230,
        233,
        238,
        247,
        252,
        259,
        271,
        281,
        309,
        316,
        330,
        341,
        360,
        408,
        415,
        473,
        494,
        564,
        684,
        715,
        900,
        925,
        937,
        974,
        974,
        1111,
        1111,
        1133,
        1328,
        1328,
        1328,
        1328,
        1375,
        1375,
        1375,
        1375,
        1375,
        4707,
        4707
      ],