{
  "tput-up-quic": [
    "7788139",
    "9505116",
    "8672903"
  ],
  "rps-up-512-down-4000-quic-regression": {
    "CumulativeResult": 11515.666666666666,
    "BestResult": 12197.666666666666,
    "Baseline": 9758.133333333333,
    "AggregateFunction": "AVG",
    "BestResultCommit": "main",
    "HasRegression": false
  },
  "tput-down-quic-regression": {
    "CumulativeResult": 8716505,
    "BestResult": 8944979.666666666,
    "Baseline": 7155983.733333333,
    "AggregateFunction": "AVG",
    "BestResultCommit": "3d70aa9b9209a0aac80aef5c88d28dd3a74fc66a",
    "HasRegression": false
  },
  "rps-up-512-down-4000-quic-lat": [
    {
      "Values": [
        62,
        77,
        79,
        80,
        82,
        84,
        85,
        86,
        88,
        89,
        90,
        91,
        92,
        92,
        93,
        94,
        95,
        96,
        97,
        98,
        100,
        100,
        102,
        103,
        105,
        107,
        108,
        109,
        111,
        113,
        115,
        117,
        118,
        119,
        121,
        123,
        124,
        125,
        126,
        128,
        130,
        131,
        132,
        134,
        136,
        138,
        139,
        140,
        142,
        145,
        148,
        152,
        156,
        173,
        218,
        238,
        251,
        255,
        258,
        268,
        283,
        291,
        299,
        303,
        312,
        319,
        334,
        347,
        432,
        651,
        1066,
        1449,
        1554,
        1681,
        1778,
        2087,
        2087,
        2483,
        2881,
        2881,
        2907,
        2907,
        2937,
        2937,
        2937,
        3097,
        3097,
        3097,
        3097,
        3097,
        3795,
        3795
      ],
      "Percentiles": [
        0.0,
        0.1,
        0.2,
        0.3,
        0.4,
        0.5,
        0.55,
        0.6,
        0.65,
        0.7,
        0.75,
        0.775,
        0.8,
        0.825,
        0.85,
        0.875,
        0.8875,
        0.9,
        0.9125,
        0.925,
        0.9375,
        0.94375,
        0.95,
        0.95625,
        0.9625,
        0.96875,
        0.971875,
        0.975,
        0.978125,
        0.98125,
        0.984375,
        0.985938,
        0.9875,
        0.989062,
        0.990625,
        0.992188,
        0.992969,
        0.99375,
        0.994531,
        0.995313,
        0.996094,
        0.996484,
        0.996875,
        0.997266,
        0.997656,
        0.998047,
        0.998242,
        0.998437,
        0.998633,
        0.998828,
        0.999023,
        0.999121,
        0.999219,
        0.999316,
        0.999414,
        0.999512,
        0.999561,
        0.999609,
        0.999658,
        0.999707,
        0.999756,
        0.99978,
        0.999805,
        0.999829,
        0.999854,
        0.999878,
        0.99989,
        0.999902,
        0.999915,
        0.999927,
        0.999939,
        0.999945,
        0.999951,
        0.999957,
        0.999963,
        0.999969,
        0.999973,
        0.999976,
        0.999979,
        0.999982,
        0.999985,
        0.999986,
        0.999988,
        0.999989,
        0.999991,
        0.999992,
        0.999993,
        0.999994,
        0.999995,
        0.999995,
        0.999996,
        1.0
      ]
    },
    {
      "Values": [
        61,
        76,
        78,
        80,
        82,
        84,
        85,
        86,
        87,
        89,
        90,
        90,
        91,
        92,
        93,
        94,
        95,
        96,
        97,
        98,
        100,
        101,
        102,
        104,
        106,
        108,
        110,
        112,
        114,
        116,
        119,
        120,
        121,
        123,
        124,
        126,
        128,
        129,
        130,
        132,
        134,
        136,
        138,
        140,
        142,
        146,
        150,
        157,
        169,
        201,
        232,
        247,
        259,
        281,
        301,
        322,
        348,
        389,
        414,
        461,
        537,
        599,
        702,
        830,
        928,
        1260,
        1399,
        1514,
        1648,
        1664,
        1718,
        1762,
        1811,
        1834,
        1842,
        1869,
        1963,
        2063,
        2123,
        2123,
        2147,
        2147,
        3237,
        3237,
        3237,
        3601,
        3601,
        3601,
        3601,
        3601,
        4275,
        4275
      ],
      "Percentiles": [
        0.0,
        0.1,
        0.2,
        0.3,
        0.4,
        0.5,
        0.55,
        0.6,
        0.65,
        0.7,
        0.75,
        0.775,
        0.8,
        0.825,
        0.85,
        0.875,
        0.8875,
        0.9,
        0.9125,
        0.925,
        0.9375,
        0.94375,
        0.95,
        0.95625,
        0.9625,
        0.96875,
        0.971875,
        0.975,
        0.978125,
        0.98125,
        0.984375,
        0.985938,
        0.9875,
        0.989062,
        0.990625,
        0.992188,
        0.992969,
        0.99375,
        0.994531,
        0.995313,
        0.996094,
        0.996484,
        0.996875,
        0.997266,
        0.997656,
        0.998047,
        0.998242,
        0.998437,
        0.998633,
        0.998828,
        0.999023,
        0.999121,
        0.999219,
        0.999316,
        0.999414,
        0.999512,
        0.999561,
        0.999609,
        0.999658,
        0.999707,
        0.999756,
        0.99978,
        0.999805,
        0.999829,
        0.999854,
        0.999878,
        0.99989,
        0.999902,
        0.999915,
        0.999927,
        0.999939,
        0.999945,
        0.999951,
        0.999957,
        0.999963,
        0.999969,
        0.999973,
        0.999976,
        0.999979,
        0.999982,
        0.999985,
        0.999986,
        0.999988,
        0.999989,
        0.999991,
        0.999992,
        0.999993,
        0.999994,
        0.999995,
        0.999995,
        0.999996,
        1.0
      ]
    },
    {
      "Values": [
        62,
        77,
        79,
        80,
        81,
        85,
        87,
        88,
        89,
        89,
        90,
        90,
        90,
        91,
        91,
        92,
        92,
        92,
        93,
        94,
        96,
        97,
        98,
        99,
        100,
        101,
        102,
        102,
        103,
        103,
        104,
        104,
        104,
        105,
        105,
        105,
        106,
        106,
        107,
        108,
        109,
        110,
        110,
        111,
        113,
        114,
        116,
        117,
        118,
        120,
        122,
        124,
        126,
        128,
        132,
        136,
        140,
        148,
        162,
        213,
        241,
        245,
        247,
        254,
        258,
        262,
        264,
        268,
        273,
        280,
        284,
        296,
        301,
        316,
        371,
        419,
        512,
        513,
        530,
        530,
        544,
        544,
        607,
        607,
        607,
        618,
        618,
        618,
        618,
        618,
        1070,
        1070
      ],