{
  "rps-up-512-down-4000-quic-lat": [
    {
      "Values": [
        77,
        96,
        98,
        99,
        100,
        101,
        102,
        102,
        103,
        104,
        105,
        106,
        107,
        108,
        109,
        110,
        111,
        112,
        112,
        114,
        115,
        115,
        116,
        117,
        119,
        121,
        122,
        124,
        126,
        129,
        134,
        137,
        141,
        144,
        147,
        151,
        154,
        160,
        167,
        179,
        197,
        209,
        228,
        251,
        284,
        338,
        367,
        390,
        421,
        469,
        535,
        602,
        672,
        767,
        839,
        1019,
        1138,
        1306,
        1439,
        1701,
        2159,
        2249,
        2449,
        2681,
        3039,
        3505,
        3547,
        3857,
        3989,
        4291,
        4583,
        4611,
        4671,
        4811,
        4835,
        5011,
        5011,
        5143,
        5143,
        5143,
        5395,
        5395,
        5395,
        5395,
        8487,
        8487,
        8487,
        8487,
        8487,
        9023,
        9023
      ],
      "Percentiles": [
        0.0,
        0.1,
        0.2,
        0.3,
        0.4,
        0.5,
        0.55,
        0.6,
        0.65,
        0.7,
        0.75,
        0.775,
        0.8,
        0.825,
        0.85,
        0.875,
        0.8875,
        0.9,
        0.9125,
        0.925,
        0.9375,
        0.94375,
        0.95,
        0.95625,
        0.9625,
        0.96875,
        0.971875,
        0.975,
        0.978125,
        0.98125,
        0.984375,
        0.985938,
        0.9875,
        0.989062,
        0.990625,
        0.992188,
        0.992969,
        0.99375,
        0.994531,
        0.995313,
        0.996094,
        0.996484,
        0.996875,
        0.997266,
        0.997656,
        0.998047,
        0.998242,
        0.998437,
        0.998633,
        0.998828,
        0.999023,
        0.999121,
        0.999219,
        0.999316,
        0.999414,
        0.999512,
        0.999561,
        0.999609,
        0.999658,
        0.999707,
        0.999756,
        0.99978,
        0.999805,
        0.999829,
        0.999854,
        0.999878,
        0.99989,
        0.999902,
        0.999915,
        0.999927,
        0.999939,
        0.999945,
        0.999951,
        0.999957,
        0.999963,
        0.999969,
        0.999973,
        0.999976,
        0.999979,
        0.999982,
        0.999985,
        0.999986,
        0.999988,
        0.999989,
        0.999991,
        0.999992,
        0.999993,
        0.999994,
        0.999995,
        0.999995,
        1.0
      ]
    },
    {
      "Values": [
        79,
        97,
        98,
        99,
        100,
        101,
        101,
        102,
        103,
        104,
        105,
        105,
        106,
        107,
        108,
        109,
        110,
        110,
        111,
        112,
        113,
        113,
        114,
        115,
        116,
        118,
        118,
        120,
        121,
        123,
        125,
        127,
        129,
        131,
        134,
        137,
        139,
        142,
        145,
        149,
        156,
        160,
        168,
        176,
        190,
        200,
        205,
        210,
        215,
        222,
        231,
        238,
        249,
        265,
        293,
        323,
        336,
        360,
        375,
        396,
        429,
        438,
        449,
        499,
        592,
        681,
        707,
        754,
        923,
        1097,
        1423,
        1551,
        1757,
        1920,
        2002,
        2035,
        2035,
        2669,
        2669,
        2917,
        3591,
        3591,
        3591,
        3591,
        4523,
        4523,
        4523,
        4523,
        4523,
        4915,
        4915
      ],
      "Percentiles": [
        0.0,
        0.1,
        0.2,
        0.3,
        0.4,
        0.5,
        0.55,
        0.6,
        0.65,
        0.7,
        0.75,
        0.775,
        0.8,
        0.825,
        0.85,
        0.875,
        0.8875,
        0.9,
        0.9125,
        0.925,
        0.9375,
        0.94375,
        0.95,
        0.95625,
        0.9625,
        0.96875,
        0.971875,
        0.975,
        0.978125,
        0.98125,
        0.984375,
        0.985938,
        0.9875,
        0.989062,
        0.990625,
        0.992188,
        0.992969,
        0.99375,
        0.994531,
        0.995313,
        0.996094,
        0.996484,
        0.996875,
        0.997266,
        0.997656,
        0.998047,
        0.998242,
        0.998437,
        0.998633,
        0.998828,
        0.999023,
        0.999121,
        0.999219,
        0.999316,
        0.999414,
        0.999512,
        0.999561,
        0.999609,
        0.999658,
        0.999707,
        0.999756,
        0.99978,
        0.999805,
        0.999829,
        0.999854,
        0.999878,
        0.99989,
        0.999902,
        0.999915,
        0.999927,
        0.999939,
        0.999945,
        0.999951,
        0.999957,
        0.999963,
        0.999969,
        0.999973,
        0.999976,
        0.999979,
        0.999982,
        0.999985,
        0.999986,
        0.999988,
        0.999989,
        0.999991,
        0.999992,
        0.999993,
        0.999994,
        0.999995,
        0.999995,
        1.0
      ]
    },
    {
      "Values": [
        78,
        94,
        96,
        97,
        98,
        99,
        100,
        100,
        101,
        102,
        104,
        104,
        105,
        106,
        107,
        109,
        110,
        110,
        111,
        112,
        113,
        114,
        115,
        116,
        117,
        119,
        120,
        122,
        123,
        126,
        129,
        131,
        133,
        136,
        141,
        144,
        146,
        149,
        155,
        162,
        175,
        185,
        197,
        212,
        232,
        259,
        276,
        296,
        322,
        348,
        387,
        416,
        456,
        503,
        599,
        751,
        879,
        1013,
        1464,
        1701,
        2425,
        2829,
        3193,
        3419,
        3489,
        3659,
        3797,
        3899,
        4095,
        4335,
        4563,
        4647,
        4699,
        4855,
        4907,
        4927,
        4927,
        4927,
        4927,
        4931,
        4979,
        4979,
        4979,
        4979,
        5031,
        5031,
        5031,
        5031,
        5031,
        5847,
        5847
      ],