{
  "rps-multi-quic": [
    "7462",
    "34529",
    "43246",
    "50156",
    "74703",
    "104278",
    "117660",
    "122431",
    "182810",
    "5126",
    "34036",
    "41965",
    "49045",
    "65450",
    "128233",
    "152031",
    "153804",
    "186111",
    "1281",
    "34150",
    "42312",
    "49437",
    "73076",
    "112414",
    "138747",
    "144918",
    "185659"
  ],
  "latency-quic-lat": [
    {
      "Values": [
        113,
        143,
        148,
        151,
        153,
        155,
        156,
        157,
        158,
        160,
        162,
        163,
        164,
        166,
        167,
        168,
        169,
        170,
        171,
        172,
        174,
        175,
        176,
        177,
        178,
        180,
        181,
        182,
        184,
        185,
        187,
        188,
        190,
        191,
        193,
        195,
        197,
        198,
        200,
        202,
        206,
        207,
        210,
        213,
        217,
        224,
        229,
        242,
        264,
        289,
        310,
        324,
        341,
        352,
        376,
        402,
        410,
        419,
        436,
        469,
        535,
        585,
        600,
        629,
        650,
        666,
        706,
        711,
        821,
        824,
        1070,
        1133,
        1133,
        1181,
        1243,
        1529,
        1529,
        1529,
        1772,
        1772,
        2019,
        2019,
        2019,
        2019,
        2019,
        3861,
        3861
      ],
      "Percentiles": [
        0.0,
        0.1,
        0.2,
        0.3,
        0.4,
        0.5,
        0.55,
        0.6,
        0.65,
        0.7,
        0.75,
        0.775,
        0.8,
        0.825,
        0.85,
        0.875,
        0.8875,
        0.9,
        0.9125,
        0.925,
        0.9375,
        0.94375,
        0.95,
        0.95625,
        0.9625,
        0.96875,
        0.971875,
        0.975,
        0.978125,
        0.98125,
        0.984375,
        0.985938,
        0.9875,
        0.989062,
        0.990625,
        0.992188,
        0.992969,
        0.99375,
        0.994531,
        0.995313,
        0.996094,
        0.996484,
        0.996875,
        0.997266,
        0.997656,
        0.998047,
        0.998242,
        0.998437,
        0.998633,
        0.998828,
        0.999023,
        0.999121,
        0.999219,
        0.999316,
        0.999414,
        0.999512,
        0.999561,
        0.999609,
        0.999658,
        0.999707,
        0.999756,
        0.99978,
        0.999805,
        0.999829,
        0.999854,
        0.999878,
        0.99989,
        0.999902,
        0.999915,
        0.999927,
        0.999939,
        0.999945,
        0.999951,
        0.999957,
        0.999963,
        0.999969,
        0.999973,
        0.999976,
        0.999979,
        0.999982,
        0.999985,
        0.999986,
        0.999988,
        0.999989,
        0.999991,
        0.999992,
        1.0
      ]
    },
    {
      "Values": [
        113,
        143,
        147,
        150,
        152,
        154,
        155,
        156,
        157,
        158,
        160,
        161,
        163,
        164,
        165,
        167,
        167,
        168,
        169,
        170,
        172,
        172,
        173,
        174,
        176,
        177,
        178,
        180,
        181,
        183,
        185,
        186,
        188,
        189,
        191,
        194,
        195,
        197,
        199,
        201,
        205,
        206,
        208,
        211,
        215,
        221,
        226,
        234,
        247,
        265,
        293,
        303,
        316,
        333,
        343,
        374,
        376,
        392,
        412,
        424,
        447,
        467,
        478,
        497,
        521,
        560,
        563,
        566,
        595,
        640,
        648,
        648,
        649,
        660,
        706,
        727,
        727,
        727,
        750,
        750,
        757,
        757,
        757,
        757,
        757,
        992,
        992
      ],
      "Percentiles": [
        0.0,
        0.1,
        0.2,
        0.3,
        0.4,
        0.5,
        0.55,
        0.6,
        0.65,
        0.7,
        0.75,
        0.775,
        0.8,
        0.825,
        0.85,
        0.875,
        0.8875,
        0.9,
        0.9125,
        0.925,
        0.9375,
        0.94375,
        0.95,
        0.95625,
        0.9625,
        0.96875,
        0.971875,
        0.975,
        0.978125,
        0.98125,
        0.984375,
        0.985938,
        0.9875,
        0.989062,
        0.990625,
        0.992188,
        0.992969,
        0.99375,
        0.994531,
        0.995313,
        0.996094,
        0.996484,
        0.996875,
        0.997266,
        0.997656,
        0.998047,
        0.998242,
        0.998437,
        0.998633,
        0.998828,
        0.999023,
        0.999121,
        0.999219,
        0.999316,
        0.999414,
        0.999512,
        0.999561,
        0.999609,
        0.999658,
        0.999707,
        0.999756,
        0.99978,
        0.999805,
        0.999829,
        0.999854,
        0.999878,
        0.99989,
        0.999902,
        0.999915,
        0.999927,
        0.999939,
        0.999945,
        0.999951,
        0.999957,
        0.999963,
        0.999969,
        0.999973,
        0.999976,
        0.999979,
        0.999982,
        0.999985,
        0.999986,
        0.999988,
        0.999989,
        0.999991,
        0.999992,
        1.0
      ]
    },
    {
      "Values": [
        106,
        141,
        146,
        149,
        152,
        155,
        156,
        157,
        158,
        160,
        162,
        163,
        164,
        165,
        167,
        168,
        169,
        170,
        172,
        173,
        175,
        176,
        178,
        179,
        181,
        183,
        185,
        186,
        188,
        190,
        192,
        194,
        195,
        197,
        199,
        202,
        204,
        206,
        208,
        211,
        214,
        216,
        218,
        221,
        228,
        245,
        264,
        279,
        293,
        310,
        332,
        348,
        362,
        381,
        395,
        412,
        423,
        426,
        438,
        450,
        472,
        490,
        525,
        537,
        634,
        693,
        713,
        727,
        816,
        837,
        878,
        880,
        880,
        976,
        989,
        1279,
        1279,
        1279,
        1384,
        1384,
        1478,
        1478,
        1478,
        1478,
        1478,
        12743,
        12743
      ],