{
  "latency-quic-lat": [
    {
      "Values": [
        93,
        111,
        115,
        118,
        121,
        123,
        125,
        126,
        128,
        129,
        131,
        132,
        133,
        134,
        135,
        137,
        138,
        139,
        140,
        142,
        143,
        144,
        145,
        146,
        147,
        148,
        149,
        150,
        151,
        153,
        154,
        155,
        156,
        157,
        159,
        160,
        161,
        162,
        163,
        165,
        167,
        168,
        170,
        171,
        173,
        177,
        179,
        182,
        188,
        203,
        256,
        279,
        296,
        305,
        316,
        327,
        335,
        340,
        352,
        366,
        381,
        389,
        413,
        444,
        713,
        824,
        874,
        924,
        967,
        986,
        1018,
        1098,
        1100,
        1125,
        1128,
        1132,
        1132,
        1135,
        1135,
        1216,
        1216,
        1216,
        1302,
        1302,
        1302,
        1302,
        1302,
        1311,
        1311
      ],
      "Percentiles": [
        0.0,
        0.1,
        0.2,
        0.3,
        0.4,
        0.5,
        0.55,
        0.6,
        0.65,
        0.7,
        0.75,
        0.775,
        0.8,
        0.825,
        0.85,
        0.875,
        0.8875,
        0.9,
        0.9125,
        0.925,
        0.9375,
        0.94375,
        0.95,
        0.95625,
        0.9625,
        0.96875,
        0.971875,
        0.975,
        0.978125,
        0.98125,
        0.984375,
        0.985938,
        0.9875,
        0.989062,
        0.990625,
        0.992188,
        0.992969,
        0.99375,
        0.994531,
        0.995313,
        0.996094,
        0.996484,
        0.996875,
        0.997266,
        0.997656,
        0.998047,
        0.998242,
        0.998437,
        0.998633,
        0.998828,
        0.999023,
        0.999121,
        0.999219,
        0.999316,
        0.999414,
        0.999512,
        0.999561,
        0.999609,
        0.999658,
        0.999707,
        0.999756,
        0.99978,
        0.999805,
        0.999829,
        0.999854,
        0.999878,
        0.99989,
        0.999902,
        0.999915,
        0.999927,
        0.999939,
        0.999945,
        0.999951,
        0.999957,
        0.999963,
        0.999969,
        0.999973,
        0.999976,
        0.999979,
        0.999982,
        0.999985,
        0.999986,
        0.999988,
        0.999989,
        0.999991,
        0.999992,
        0.999993,
        0.999994,
        1.0
      ]
    },
    {
      "Values": [
        88,
        111,
        115,
        118,
        121,
        124,
        125,
        127,
        128,
        130,
        132,
        133,
        134,
        135,
        137,
        138,
        139,
        140,
        141,
        143,
        144,
        145,
        146,
        147,
        148,
        150,
        151,
        152,
        153,
        154,
        156,
        157,
        158,
        159,
        160,
        161,
        162,
        163,
        165,
        166,
        168,
        169,
        170,
        171,
        173,
        176,
        178,
        180,
        184,
        190,
        220,
        256,
        282,
        291,
        312,
        322,
        334,
        342,
        360,
        370,
        458,
        584,
        625,
        723,
        844,
        889,
        947,
        974,
        1058,
        1108,
        1130,
        1157,
        1164,
        1183,
        1185,
        1216,
        1216,
        1236,
        1236,
        1259,
        1259,
        1259,
        1347,
        1347,
        1347,
        1347,
        1347,
        1353,
        1353
      ],
      "Percentiles": [
        0.0,
        0.1,
        0.2,
        0.3,
        0.4,
        0.5,
        0.55,
        0.6,
        0.65,
        0.7,
        0.75,
        0.775,
        0.8,
        0.825,
        0.85,
        0.875,
        0.8875,
        0.9,
        0.9125,
        0.925,
        0.9375,
        0.94375,
        0.95,
        0.95625,
        0.9625,
        0.96875,
        0.971875,
        0.975,
        0.978125,
        0.98125,
        0.984375,
        0.985938,
        0.9875,
        0.989062,
        0.990625,
        0.992188,
        0.992969,
        0.99375,
        0.994531,
        0.995313,
        0.996094,
        0.996484,
        0.996875,
        0.997266,
        0.997656,
        0.998047,
        0.998242,
        0.998437,
        0.998633,
        0.998828,
        0.999023,
        0.999121,
        0.999219,
        0.999316,
        0.999414,
        0.999512,
        0.999561,
        0.999609,
        0.999658,
        0.999707,
        0.999756,
        0.99978,
        0.999805,
        0.999829,
        0.999854,
        0.999878,
        0.99989,
        0.999902,
        0.999915,
        0.999927,
        0.999939,
        0.999945,
        0.999951,
        0.999957,
        0.999963,
        0.999969,
        0.999973,
        0.999976,
        0.999979,
        0.999982,
        0.999985,
        0.999986,
        0.999988,
        0.999989,
        0.999991,
        0.999992,
        0.999993,
        0.999994,
        1.0
      ]
    },
    {
      "Values": [
        88,
        111,
        114,
        117,
        120,
        122,
        124,
        125,
        126,
        128,
        130,
        131,
        132,
        133,
        134,
        136,
        137,
        138,
        139,
        140,
        142,
        143,
        143,
        144,
        146,
        147,
        148,
        149,
        150,
        151,
        152,
        153,
        154,
        155,
        157,
        158,
        159,
        160,
        161,
        163,
        165,
        166,
        168,
        170,
        172,
        176,
        179,
        183,
        189,
        213,
        262,
        280,
        290,
        303,
        319,
        333,
        342,
        345,
        357,
        376,
        398,
        410,
        515,
        637,
        715,
        836,
        880,
        893,
        983,
        984,
        1019,
        1035,
        1078,
        1082,
        1098,
        1210,
        1210,
        1236,
        1236,
        1245,
        1245,
        1245,
        1687,
        1687,
        1687,
        1687,
        1687,
        8231,
        8231
      ],