{
  "rps-multi-quic": [
    "3998",
    "33746",
    "42629",
    "49702",
    "74894",
    "110210",
    "122495",
    "129919",
    "185939",
    "747",
    "32991",
    "42561",
    "50771",
    "77266",
    "130422",
    "152427",
    "158231",
    "188036",
    "1254",
    "33293",
    "41787",
    "48803",
    "82018",
    "125084",
    "140688",
    "147717",
    "188933"
  ],
  "latency-quic-lat": [
    {
      "Values": [
        102,
        118,
        121,
        124,
        127,
        129,
        130,
        131,
        132,
        133,
        135,
        136,
        137,
        138,
        139,
        140,
        140,
        141,
        142,
        143,
        144,
        144,
        145,
        146,
        147,
        149,
        150,
        150,
        151,
        152,
        154,
        154,
        155,
        156,
        157,
        158,
        159,
        160,
        162,
        163,
        165,
        166,
        167,
        169,
        171,
        173,
        174,
        176,
        178,
        182,
        185,
        187,
        191,
        199,
        210,
        254,
        281,
        294,
        302,
        324,
        339,
        346,
        355,
        365,
        386,
        399,
        414,
        421,
        434,
        439,
        446,
        452,
        459,
        502,
        527,
        719,
        719,
        807,
        807,
        1024,
        1024,
        1024,
        1463,
        1463,
        1463,
        1463,
        1463,
        9615,
        9615
      ],
      "Percentiles": [
        0.0,
        0.1,
        0.2,
        0.3,
        0.4,
        0.5,
        0.55,
        0.6,
        0.65,
        0.7,
        0.75,
        0.775,
        0.8,
        0.825,
        0.85,
        0.875,
        0.8875,
        0.9,
        0.9125,
        0.925,
        0.9375,
        0.94375,
        0.95,
        0.95625,
        0.9625,
        0.96875,
        0.971875,
        0.975,
        0.978125,
        0.98125,
        0.984375,
        0.985938,
        0.9875,
        0.989062,
        0.990625,
        0.992188,
        0.992969,
        0.99375,
        0.994531,
        0.995313,
        0.996094,
        0.996484,
        0.996875,
        0.997266,
        0.997656,
        0.998047,
        0.998242,
        0.998437,
        0.998633,
        0.998828,
        0.999023,
        0.999121,
        0.999219,
        0.999316,
        0.999414,
        0.999512,
        0.999561,
        0.999609,
        0.999658,
        0.999707,
        0.999756,
        0.99978,
        0.999805,
        0.999829,
        0.999854,
        0.999878,
        0.99989,
        0.999902,
        0.999915,
        0.999927,
        0.999939,
        0.999945,
        0.999951,
        0.999957,
        0.999963,
        0.999969,
        0.999973,
        0.999976,
        0.999979,
        0.999982,
        0.999985,
        0.999986,
        0.999988,
        0.999989,
        0.999991,
        0.999992,
        0.999993,
        0.999994,
        1.0
      ]
    },
    {
      "Values": [
        102,
        118,
        121,
        124,
        126,
        128,
        129,
        130,
        132,
        133,
        135,
        135,
        136,
        137,
        138,
        139,
        140,
        140,
        141,
        142,
        143,
        144,
        144,
        145,
        147,
        148,
        149,
        150,
        150,
        151,
        153,
        153,
        154,
        155,
        156,
        157,
        158,
        159,
        160,
        162,
        163,
        164,
        166,
        167,
        169,
        171,
        172,
        174,
        176,
        178,
        181,
        184,
        188,
        192,
        200,
        231,
        267,
        283,
        298,
        329,
        345,
        356,
        366,
        379,
        391,
        411,
        427,
        429,
        449,
        465,
        475,
        476,
        481,
        501,
        530,
        680,
        680,
        685,
        685,
        1021,
        1021,
        1021,
        1069,
        1069,
        1069,
        1069,
        1069,
        1096,
        1096
      ],
      "Percentiles": [
        0.0,
        0.1,
        0.2,
        0.3,
        0.4,
        0.5,
        0.55,
        0.6,
        0.65,
        0.7,
        0.75,
        0.775,
        0.8,
        0.825,
        0.85,
        0.875,
        0.8875,
        0.9,
        0.9125,
        0.925,
        0.9375,
        0.94375,
        0.95,
        0.95625,
        0.9625,
        0.96875,
        0.971875,
        0.975,
        0.978125,
        0.98125,
        0.984375,
        0.985938,
        0.9875,
        0.989062,
        0.990625,
        0.992188,
        0.992969,
        0.99375,
        0.994531,
        0.995313,
        0.996094,
        0.996484,
        0.996875,
        0.997266,
        0.997656,
        0.998047,
        0.998242,
        0.998437,
        0.998633,
        0.998828,
        0.999023,
        0.999121,
        0.999219,
        0.999316,
        0.999414,
        0.999512,
        0.999561,
        0.999609,
        0.999658,
        0.999707,
        0.999756,
        0.99978,
        0.999805,
        0.999829,
        0.999854,
        0.999878,
        0.99989,
        0.999902,
        0.999915,
        0.999927,
        0.999939,
        0.999945,
        0.999951,
        0.999957,
        0.999963,
        0.999969,
        0.999973,
        0.999976,
        0.999979,
        0.999982,
        0.999985,
        0.999986,
        0.999988,
        0.999989,
        0.999991,
        0.999992,
        0.999993,
        0.999994,
        1.0
      ]
    },
    {
      "Values": [
        98,
        116,
        119,
        122,
        124,
        126,
        127,
        129,
        130,
        131,
        132,
        133,
        134,
        135,
        136,
        137,
        138,
        139,
        140,
        140,
        141,
        142,
        143,
        144,
        145,
        146,
        147,
        148,
        149,
        150,
        151,
        152,
        153,
        154,
        155,
        157,
        158,
        159,
        160,
        161,
        163,
        164,
        165,
        166,
        168,
        171,
        172,
        173,
        175,
        177,
        180,
        184,
        188,
        197,
        208,
        259,
        280,
        318,
        334,
        358,
        393,
        411,
        426,
        442,
        456,
        507,
        524,
        595,
        657,
        787,
        939,
        972,
        1017,
        1083,
        1094,
        1482,
        1482,
        1503,
        1503,
        1856,
        1856,
        1856,
        4315,
        4315,
        4315,
        4315,
        4315,
        4575,
        4575
      ],