{
  "tput-up-quic": [
    "5671611",
    "6248161",
    "6024445"
  ],
  "rps-up-512-down-4000-quic-lat": [
    {
      "Values": [
        98,
        141,
        148,
        150,
        152,
        154,
        156,
        160,
        163,
        165,
        166,
        167,
        167,
        168,
        169,
        171,
        172,
        173,
        175,
        178,
        180,
        181,
        182,
        183,
        185,
        187,
        188,
        191,
        196,
        203,
        211,
        217,
        223,
        230,
        238,
        250,
        256,
        266,
        278,
        292,
        314,
        327,
        341,
        362,
        377,
        408,
        426,
        442,
        462,
        502,
        544,
        575,
        616,
        656,
        744,
        820,
        900,
        1011,
        1073,
        1252,
        1502,
        1590,
        1699,
        1846,
        2073,
        2649,
        3173,
        3207,
        3433,
        3693,
        4211,
        4339,
        4339,
        4771,
        4795,
        4943,
        4943,
        4943,
        5087,
        5087,
        5179,
        5179,
        5179,
        5179,
        5179,
        8855,
        8855
      ],
      "Percentiles": [
        0.0,
        0.1,
        0.2,
        0.3,
        0.4,
        0.5,
        0.55,
        0.6,
        0.65,
        0.7,
        0.75,
        0.775,
        0.8,
        0.825,
        0.85,
        0.875,
        0.8875,
        0.9,
        0.9125,
        0.925,
        0.9375,
        0.94375,
        0.95,
        0.95625,
        0.9625,
        0.96875,
        0.971875,
        0.975,
        0.978125,
        0.98125,
        0.984375,
        0.985938,
        0.9875,
        0.989062,
        0.990625,
        0.992188,
        0.992969,
        0.99375,
        0.994531,
        0.995313,
        0.996094,
        0.996484,
        0.996875,
        0.997266,
        0.997656,
        0.998047,
        0.998242,
        0.998437,
        0.998633,
        0.998828,
        0.999023,
        0.999121,
        0.999219,
        0.999316,
        0.999414,
        0.999512,
        0.999561,
        0.999609,
        0.999658,
        0.999707,
        0.999756,
        0.99978,
        0.999805,
        0.999829,
        0.999854,
        0.999878,
        0.99989,
        0.999902,
        0.999915,
        0.999927,
        0.999939,
        0.999945,
        0.999951,
        0.999957,
        0.999963,
        0.999969,
        0.999973,
        0.999976,
        0.999979,
        0.999982,
        0.999985,
        0.999986,
        0.999988,
        0.999989,
        0.999991,
        0.999992,
        1.0
      ]
    },
    {
      "Values": [
        100,
        139,
        147,
        149,
        151,
        153,
        155,
        158,
        162,
        163,
        164,
        165,
        166,
        167,
        168,
        169,
        170,
        171,
        172,
        175,
        177,
        178,
        179,
        181,
        182,
        183,
        184,
        185,
        187,
        190,
        198,
        203,
        208,
        214,
        222,
        229,
        234,
        240,
        247,
        253,
        265,
        271,
        280,
        294,
        315,
        342,
        357,
        371,
        396,
        418,
        442,
        476,
        502,
        540,
        585,
        678,
        737,
        768,
        870,
        953,
        1128,
        1254,
        1306,
        1445,
        1638,
        1879,
        1969,
        2049,
        2209,
        2609,
        2915,
        2963,
        2963,
        3111,
        3355,
        3901,
        3901,
        3901,
        3947,
        3947,
        4263,
        4263,
        4263,
        4263,
        4263,
        5167,
        5167
      ],
      "Percentiles": [
        0.0,
        0.1,
        0.2,
        0.3,
        0.4,
        0.5,
        0.55,
        0.6,
        0.65,
        0.7,
        0.75,
        0.775,
        0.8,
        0.825,
        0.85,
        0.875,
        0.8875,
        0.9,
        0.9125,
        0.925,
        0.9375,
        0.94375,
        0.95,
        0.95625,
        0.9625,
        0.96875,
        0.971875,
        0.975,
        0.978125,
        0.98125,
        0.984375,
        0.985938,
        0.9875,
        0.989062,
        0.990625,
        0.992188,
        0.992969,
        0.99375,
        0.994531,
        0.995313,
        0.996094,
        0.996484,
        0.996875,
        0.997266,
        0.997656,
        0.998047,
        0.998242,
        0.998437,
        0.998633,
        0.998828,
        0.999023,
        0.999121,
        0.999219,
        0.999316,
        0.999414,
        0.999512,
        0.999561,
        0.999609,
        0.999658,
        0.999707,
        0.999756,
        0.99978,
        0.999805,
        0.999829,
        0.999854,
        0.999878,
        0.99989,
        0.999902,
        0.999915,
        0.999927,
        0.999939,
        0.999945,
        0.999951,
        0.999957,
        0.999963,
        0.999969,
        0.999973,
        0.999976,
        0.999979,
        0.999982,
        0.999985,
        0.999986,
        0.999988,
        0.999989,
        0.999991,
        0.999992,
        1.0
      ]
    },
    {
      "Values": [
        98,
        127,
        128,
        130,
        139,
        142,
        143,
        144,
        146,
        149,
        150,
        151,
        153,
        155,
        156,
        158,
        161,
        162,
        163,
        164,
        165,
        166,
        167,
        168,
        170,
        173,
        175,
        177,
        179,
        182,
        186,
        190,
        196,
        204,
        210,
        219,
        224,
        229,
        235,
        244,
        254,
        260,
        269,
        281,
        296,
        318,
        326,
        337,
        349,
        360,
        372,
        386,
        394,
        410,
        431,
        458,
        469,
        490,
        527,
        564,
        601,
        644,
        677,
        700,
        730,
        808,
        867,
        884,
        965,
        1013,
        1026,
        1046,
        1068,
        1144,
        1144,
        1148,
        1192,
        1192,
        4391,
        4391,
        4391,
        4599,
        4599,
        4599,
        4599,
        4599,
        5063,
        5063
      ],